order_id,customer_id,order_date,status,shipping_cost
O000001,C00078,2025-06-17,Shipped,19.99
O000002,C00074,2025-09-28,Delivered,0.0
O000003,C00923,2024-08-15,Delivered,19.99
O000004,C00386,2025-05-04,Returned,4.99
O000005,C00567,2025-03-08,Delivered,0.0
O000006,C00969,2025-11-02,Delivered,7.99
O000007,C00738,2025-11-28,Shipped,19.99
O000008,C00975,2024-01-10,Delivered,19.99
O000009,C00398,2025-06-18,Delivered,0.0
O000010,C00437,2024-02-16,Delivered,0.0
O000011,C00450,2025-02-12,Shipped,7.99
O000012,C00926,2024-09-17,Delivered,7.99
O000013,C00197,2024-10-08,Delivered,7.99
O000014,C00511,2024-11-09,Delivered,0.0
O000015,C00213,2025-04-30,Delivered,19.99
O000016,C00555,2024-11-02,Shipped,7.99
O000017,C00987,2025-08-02,Delivered,12.99
O000018,C00858,2024-11-27,Delivered,4.99
O000019,C00176,2024-03-04,Delivered,4.99
O000020,C00994,2025-09-14,Cancelled,19.99
O000021,C00484,2024-09-15,Delivered,7.99
O000022,C00831,2024-12-07,Cancelled,12.99
O000023,C00974,2025-06-27,Shipped,19.99
O000024,C00053,2024-11-02,Delivered,7.99
O000025,C00002,2024-02-21,Delivered,4.99
O000026,C00821,2024-11-16,Delivered,0.0
O000027,C00384,2025-12-12,Shipped,0.0
O000028,C00160,2025-05-22,Delivered,0.0
O000029,C00993,2025-06-16,Delivered,0.0
O000030,C00890,2025-05-12,Shipped,0.0
O000031,C00854,2024-07-07,Delivered,4.99
O000032,C00390,2024-12-02,Delivered,4.99
O000033,C00450,2025-08-16,Delivered,4.99
O000034,C00789,2024-04-08,Delivered,0.0
O000035,C00253,2024-09-07,Shipped,0.0
O000036,C00067,2024-09-05,Delivered,7.99
O000037,C00537,2024-12-07,Delivered,4.99
O000038,C00606,2025-12-25,Cancelled,4.99
O000039,C00421,2024-03-03,Delivered,7.99
O000040,C00954,2025-01-15,Processing,12.99
O000041,C00725,2024-06-22,Processing,4.99
O000042,C00709,2025-12-21,Delivered,7.99
O000043,C00854,2024-04-21,Delivered,19.99
O000044,C00385,2024-11-27,Delivered,12.99
O000045,C00860,2025-08-06,Delivered,4.99
O000046,C00155,2025-07-12,Delivered,7.99
O000047,C00178,2024-12-04,Delivered,0.0
O000048,C00824,2024-11-07,Delivered,7.99
O000049,C00757,2024-11-25,Cancelled,19.99
O000050,C00367,2024-08-26,Delivered,4.99
O000051,C00459,2024-07-12,Delivered,19.99
O000052,C00080,2024-12-25,Delivered,4.99
O000053,C00857,2024-08-29,Returned,19.99
O000054,C00722,2024-09-17,Delivered,7.99
O000055,C00265,2025-06-05,Shipped,0.0
O000056,C00844,2025-12-20,Delivered,7.99
O000057,C00750,2025-04-11,Delivered,0.0
O000058,C00313,2024-03-13,Delivered,0.0
O000059,C00029,2024-03-12,Delivered,12.99
O000060,C00714,2025-12-14,Delivered,0.0
O000061,C00904,2024-09-28,Delivered,7.99
O000062,C00831,2024-03-29,Delivered,0.0
O000063,C00204,2025-04-06,Returned,0.0
O000064,C00549,2025-05-03,Delivered,19.99
O000065,C00002,2025-05-29,Returned,4.99
O000066,C00385,2024-08-28,Delivered,7.99
O000067,C00195,2024-01-13,Delivered,7.99
O000068,C00716,2025-12-19,Delivered,7.99
O000069,C00113,2024-08-16,Delivered,12.99
O000070,C00961,2025-06-20,Delivered,7.99
O000071,C00386,2025-07-13,Delivered,4.99
O000072,C00695,2025-04-18,Delivered,12.99
O000073,C00736,2024-10-14,Shipped,0.0
O000074,C00214,2024-08-31,Delivered,4.99
O000075,C00827,2025-04-05,Shipped,19.99
O000076,C00308,2025-11-14,Delivered,7.99
O000077,C00094,2025-12-13,Delivered,12.99
O000078,C00723,2024-04-13,Delivered,7.99
O000079,C00006,2024-06-03,Delivered,12.99
O000080,C00859,2025-12-12,Delivered,19.99
O000081,C00715,2025-08-05,Delivered,0.0
O000082,C00120,2025-11-20,Delivered,0.0
O000083,C00173,2024-07-10,Delivered,4.99
O000084,C00355,2025-03-25,Delivered,7.99
O000085,C00936,2025-07-09,Delivered,0.0
O000086,C00900,2025-06-23,Delivered,0.0
O000087,C00835,2024-11-29,Returned,4.99
O000088,C00368,2024-01-13,Shipped,19.99
O000089,C00204,2025-03-20,Delivered,7.99
O000090,C00122,2024-08-17,Cancelled,4.99
O000091,C00429,2024-12-14,Cancelled,0.0
O000092,C00215,2025-12-16,Delivered,4.99
O000093,C00203,2024-11-25,Delivered,0.0
O000094,C00710,2025-11-05,Processing,0.0
O000095,C00095,2024-06-29,Delivered,12.99
O000096,C00650,2025-06-17,Cancelled,19.99
O000097,C00338,2025-12-23,Delivered,0.0
O000098,C00006,2024-04-09,Delivered,0.0
O000099,C00134,2024-01-07,Delivered,4.99
O000100,C00485,2024-12-08,Delivered,4.99
O000101,C00895,2024-03-30,Shipped,0.0
O000102,C00777,2025-08-14,Processing,4.99
O000103,C00669,2025-12-01,Delivered,0.0
O000104,C00857,2024-12-08,Delivered,7.99
O000105,C00273,2024-08-21,Shipped,7.99
O000106,C00238,2024-12-08,Delivered,7.99
O000107,C00951,2025-07-26,Delivered,4.99
O000108,C00494,2024-01-08,Delivered,12.99
O000109,C00638,2025-03-27,Shipped,19.99
O000110,C00685,2025-04-22,Shipped,0.0
O000111,C00648,2025-05-18,Delivered,0.0
O000112,C00500,2024-08-09,Delivered,4.99
O000113,C00711,2025-07-19,Processing,0.0
O000114,C00213,2024-03-29,Delivered,4.99
O000115,C00146,2024-07-07,Delivered,7.99
O000116,C00942,2025-11-18,Delivered,4.99
O000117,C00530,2025-08-07,Shipped,4.99
O000118,C00729,2024-01-12,Delivered,4.99
O000119,C00109,2024-08-14,Delivered,19.99
O000120,C00686,2024-07-19,Delivered,0.0
O000121,C00629,2024-08-31,Delivered,7.99
O000122,C00269,2024-08-13,Delivered,0.0
O000123,C00767,2024-02-27,Delivered,0.0
O000124,C00893,2024-12-17,Delivered,7.99
O000125,C00561,2025-08-02,Delivered,0.0
O000126,C00498,2025-04-15,Delivered,0.0
O000127,C00125,2025-06-17,Delivered,0.0
O000128,C00968,2024-03-18,Returned,7.99
O000129,C00451,2025-12-14,Cancelled,7.99
O000130,C00503,2025-11-04,Delivered,0.0
O000131,C00601,2025-10-06,Shipped,7.99
O000132,C00830,2025-10-26,Delivered,0.0
O000133,C00840,2025-12-08,Processing,7.99
O000134,C00843,2025-02-07,Delivered,4.99
O000135,C00896,2024-07-08,Delivered,7.99
O000136,C00227,2025-04-25,Delivered,19.99
O000137,C00967,2025-08-10,Delivered,19.99
O000138,C00203,2025-08-06,Returned,0.0
O000139,C00062,2025-01-18,Delivered,12.99
O000140,C00770,2024-03-04,Delivered,0.0
O000141,C00668,2024-11-15,Delivered,19.99
O000142,C00685,2025-12-03,Delivered,0.0
O000143,C00964,2025-03-22,Delivered,4.99
O000144,C00244,2025-02-01,Delivered,0.0
O000145,C00647,2024-08-29,Returned,0.0
O000146,C00155,2024-11-15,Delivered,7.99
O000147,C00533,2025-11-24,Delivered,19.99
O000148,C00603,2025-06-13,Returned,7.99
O000149,C00583,2025-09-18,Delivered,7.99
O000150,C00525,2024-12-15,Delivered,7.99
O000151,C00734,2025-05-10,Delivered,0.0
O000152,C00031,2024-08-14,Shipped,0.0
O000153,C00734,2025-07-12,Delivered,0.0
O000154,C00846,2024-12-06,Returned,4.99
O000155,C00306,2024-12-11,Shipped,0.0
O000156,C00955,2025-05-30,Delivered,0.0
O000157,C00296,2025-12-09,Delivered,0.0
O000158,C00019,2024-02-29,Delivered,0.0
O000159,C00364,2025-10-27,Delivered,12.99
O000160,C00036,2024-09-22,Shipped,0.0
O000161,C00677,2024-12-11,Returned,4.99
O000162,C00753,2024-01-18,Delivered,7.99
O000163,C00034,2024-10-02,Delivered,4.99
O000164,C00196,2025-01-02,Delivered,0.0
O000165,C00567,2024-02-20,Delivered,4.99
O000166,C00285,2024-12-28,Delivered,0.0
O000167,C00197,2025-12-06,Delivered,4.99
O000168,C00559,2024-04-13,Delivered,0.0
O000169,C00028,2025-08-26,Delivered,7.99
O000170,C00295,2024-11-29,Delivered,7.99
O000171,C00116,2025-06-04,Shipped,4.99
O000172,C00908,2024-08-23,Shipped,4.99
O000173,C00128,2024-06-07,Delivered,4.99
O000174,C00123,2024-06-08,Delivered,12.99
O000175,C00182,2024-03-06,Delivered,0.0
O000176,C00307,2024-06-27,Delivered,7.99
O000177,C00689,2025-06-11,Delivered,7.99
O000178,C00780,2025-11-19,Shipped,4.99
O000179,C00615,2025-10-16,Delivered,0.0
O000180,C00385,2025-06-27,Delivered,4.99
O000181,C00734,2024-04-18,Delivered,0.0
O000182,C00772,2024-09-19,Delivered,0.0
O000183,C00039,2024-10-11,Delivered,0.0
O000184,C00656,2024-08-15,Processing,0.0
O000185,C00103,2025-01-12,Delivered,4.99
O000186,C00827,2025-01-29,Delivered,12.99
O000187,C00396,2024-11-10,Delivered,0.0
O000188,C00079,2024-11-09,Returned,19.99
O000189,C00784,2025-11-01,Delivered,19.99
O000190,C00761,2025-09-20,Delivered,19.99
O000191,C00771,2024-10-09,Cancelled,12.99
O000192,C00684,2025-12-01,Delivered,4.99
O000193,C00469,2025-12-15,Delivered,0.0
O000194,C00548,2024-10-29,Delivered,7.99
O000195,C00077,2024-11-10,Delivered,7.99
O000196,C00550,2025-01-05,Delivered,12.99
O000197,C00075,2025-12-11,Delivered,19.99
O000198,C00954,2025-11-18,Delivered,4.99
O000199,C00668,2024-04-10,Delivered,4.99
O000200,C00035,2024-11-23,Delivered,0.0
O000201,C00879,2025-02-17,Delivered,0.0
O000202,C00974,2025-01-03,Delivered,4.99
O000203,C00458,2024-07-03,Returned,7.99
O000204,C00137,2025-11-11,Delivered,12.99
O000205,C00166,2025-06-21,Delivered,4.99
O000206,C00344,2025-11-04,Delivered,12.99
O000207,C00466,2025-11-11,Delivered,7.99
O000208,C00873,2025-08-14,Delivered,12.99
O000209,C00949,2024-12-10,Delivered,0.0
O000210,C00679,2025-04-19,Delivered,12.99
O000211,C00643,2024-06-08,Delivered,7.99
O000212,C00336,2025-06-18,Shipped,0.0
O000213,C00489,2024-06-22,Delivered,0.0
O000214,C00192,2025-07-03,Delivered,19.99
O000215,C00492,2024-07-30,Delivered,0.0
O000216,C00865,2024-04-26,Delivered,4.99
O000217,C00970,2024-06-11,Delivered,4.99
O000218,C00931,2024-01-02,Delivered,7.99
O000219,C00002,2025-07-22,Delivered,12.99
O000220,C00629,2025-08-02,Shipped,4.99
O000221,C00213,2025-01-12,Cancelled,4.99
O000222,C00649,2024-06-08,Delivered,19.99
O000223,C00306,2024-03-20,Delivered,7.99
O000224,C00220,2024-01-16,Cancelled,12.99
O000225,C00650,2024-06-12,Delivered,4.99
O000226,C00842,2025-11-23,Delivered,0.0
O000227,C00162,2024-08-08,Delivered,4.99
O000228,C00863,2024-11-09,Delivered,7.99
O000229,C00246,2024-04-13,Delivered,0.0
O000230,C00819,2024-07-25,Delivered,0.0
O000231,C00060,2025-01-16,Delivered,0.0
O000232,C00819,2025-04-16,Delivered,4.99
O000233,C00117,2024-08-11,Shipped,12.99
O000234,C00276,2024-02-22,Delivered,0.0
O000235,C00907,2024-11-23,Delivered,7.99
O000236,C00624,2024-08-03,Delivered,19.99
O000237,C00081,2024-07-23,Delivered,0.0
O000238,C00801,2025-12-17,Shipped,7.99
O000239,C00362,2025-04-25,Delivered,19.99
O000240,C00446,2025-02-20,Delivered,19.99
O000241,C00227,2024-12-01,Delivered,0.0
O000242,C00256,2024-12-06,Delivered,0.0
O000243,C00735,2025-02-03,Delivered,0.0
O000244,C00868,2025-07-05,Delivered,7.99
O000245,C00288,2025-07-10,Delivered,7.99
O000246,C00778,2024-06-16,Delivered,7.99
O000247,C00830,2024-12-31,Delivered,4.99
O000248,C00626,2024-11-30,Delivered,0.0
O000249,C00911,2025-11-15,Cancelled,7.99
O000250,C00505,2025-05-11,Shipped,4.99
O000251,C00441,2025-01-27,Returned,7.99
O000252,C00395,2024-04-23,Processing,4.99
O000253,C00114,2025-04-13,Delivered,4.99
O000254,C00521,2024-04-25,Delivered,0.0
O000255,C00402,2024-11-03,Delivered,0.0
O000256,C00942,2024-05-23,Cancelled,0.0
O000257,C00350,2025-07-02,Delivered,0.0
O000258,C00984,2024-07-13,Processing,4.99
O000259,C00577,2024-11-23,Delivered,0.0
O000260,C00260,2025-11-24,Shipped,0.0
O000261,C00183,2024-07-11,Delivered,7.99
O000262,C00474,2025-01-07,Delivered,4.99
O000263,C00738,2024-12-03,Shipped,7.99
O000264,C00422,2024-01-15,Delivered,7.99
O000265,C00571,2025-09-23,Shipped,7.99
O000266,C00653,2024-03-05,Delivered,19.99
O000267,C00113,2024-12-22,Delivered,0.0
O000268,C00689,2025-02-24,Delivered,7.99
O000269,C00819,2025-05-08,Delivered,19.99
O000270,C00259,2025-06-29,Delivered,12.99
O000271,C00486,2024-08-17,Delivered,0.0
O000272,C00948,2024-01-09,Delivered,4.99
O000273,C00862,2025-07-26,Delivered,0.0
O000274,C00805,2025-01-29,Delivered,7.99
O000275,C00074,2025-11-03,Delivered,7.99
O000276,C00236,2025-10-24,Shipped,4.99
O000277,C00075,2025-11-06,Delivered,4.99
O000278,C00303,2024-12-26,Delivered,7.99
O000279,C00710,2024-11-02,Delivered,4.99
O000280,C00815,2025-09-22,Delivered,12.99
O000281,C00445,2024-12-14,Delivered,7.99
O000282,C00131,2024-06-25,Processing,0.0
O000283,C00739,2025-11-10,Cancelled,7.99
O000284,C00819,2025-11-20,Delivered,0.0
O000285,C00307,2024-12-19,Delivered,7.99
O000286,C00828,2024-03-12,Cancelled,19.99
O000287,C00363,2024-11-21,Delivered,12.99
O000288,C00255,2025-10-05,Delivered,4.99
O000289,C00574,2025-11-27,Delivered,0.0
O000290,C00870,2024-07-10,Delivered,0.0
O000291,C00546,2024-03-03,Returned,4.99
O000292,C00676,2025-11-18,Delivered,0.0
O000293,C00531,2024-11-22,Delivered,4.99
O000294,C00197,2025-02-04,Delivered,0.0
O000295,C00957,2025-12-20,Shipped,4.99
O000296,C00828,2024-03-02,Cancelled,0.0
O000297,C00393,2025-05-29,Delivered,19.99
O000298,C00375,2024-03-10,Delivered,7.99
O000299,C00054,2024-11-17,Delivered,4.99
O000300,C00859,2025-10-05,Shipped,0.0
O000301,C00426,2024-12-08,Shipped,4.99
O000302,C00341,2025-12-30,Delivered,0.0
O000303,C00239,2025-02-23,Delivered,4.99
O000304,C00178,2024-10-23,Delivered,12.99
O000305,C00163,2024-07-23,Delivered,7.99
O000306,C00858,2024-11-08,Delivered,7.99
O000307,C00003,2024-11-16,Delivered,4.99
O000308,C00634,2024-03-05,Delivered,19.99
O000309,C00863,2024-11-15,Delivered,19.99
O000310,C00516,2024-12-19,Delivered,4.99
O000311,C00336,2025-07-25,Delivered,4.99
O000312,C00158,2025-06-05,Delivered,4.99
O000313,C00894,2025-07-15,Delivered,0.0
O000314,C00151,2024-01-07,Delivered,7.99
O000315,C00978,2024-07-21,Delivered,4.99
O000316,C00344,2025-06-09,Delivered,0.0
O000317,C00694,2024-12-26,Cancelled,0.0
O000318,C00137,2024-01-05,Shipped,4.99
O000319,C00046,2025-10-06,Cancelled,12.99
O000320,C00584,2025-09-02,Delivered,7.99
O000321,C00312,2025-02-11,Delivered,7.99
O000322,C00100,2024-03-02,Delivered,4.99
O000323,C00133,2025-08-28,Delivered,7.99
O000324,C00610,2025-03-21,Delivered,4.99
O000325,C00883,2025-09-12,Delivered,7.99
O000326,C00789,2025-08-17,Shipped,0.0
O000327,C00206,2025-10-04,Delivered,4.99
O000328,C00576,2025-01-15,Cancelled,0.0
O000329,C00112,2024-05-20,Cancelled,4.99
O000330,C00625,2025-06-16,Delivered,19.99
O000331,C00922,2025-04-29,Shipped,0.0
O000332,C00080,2025-08-09,Delivered,4.99
O000333,C00357,2024-06-15,Shipped,4.99
O000334,C00491,2024-07-04,Delivered,12.99
O000335,C00412,2025-11-23,Shipped,4.99
O000336,C00230,2025-08-15,Delivered,7.99
O000337,C00581,2025-11-29,Returned,12.99
O000338,C00537,2025-08-22,Delivered,4.99
O000339,C00212,2025-04-04,Delivered,4.99
O000340,C00633,2025-06-03,Shipped,4.99
O000341,C00124,2025-11-22,Shipped,12.99
O000342,C00121,2025-03-16,Delivered,0.0
O000343,C00213,2025-05-12,Delivered,4.99
O000344,C00744,2024-06-05,Delivered,7.99
O000345,C00238,2024-12-22,Returned,7.99
O000346,C00287,2025-07-21,Shipped,4.99
O000347,C00809,2024-08-31,Shipped,4.99
O000348,C00530,2024-07-09,Delivered,0.0
O000349,C00299,2024-10-15,Delivered,4.99
O000350,C00120,2024-08-08,Delivered,4.99
O000351,C00988,2024-07-19,Shipped,12.99
O000352,C00420,2024-12-05,Delivered,0.0
O000353,C00766,2025-11-29,Cancelled,12.99
O000354,C00581,2025-01-06,Delivered,7.99
O000355,C00918,2024-06-29,Delivered,0.0
O000356,C00014,2024-03-13,Delivered,7.99
O000357,C00194,2025-07-05,Delivered,0.0
O000358,C00809,2024-11-20,Delivered,19.99
O000359,C00362,2025-10-24,Delivered,12.99
O000360,C00886,2025-06-07,Delivered,0.0
O000361,C00205,2025-09-27,Shipped,0.0
O000362,C00172,2024-09-01,Delivered,4.99
O000363,C00684,2025-07-02,Delivered,4.99
O000364,C00442,2024-08-26,Delivered,4.99
O000365,C00806,2025-12-10,Delivered,4.99
O000366,C00669,2025-05-16,Shipped,7.99
O000367,C00114,2024-10-27,Delivered,0.0
O000368,C00017,2024-08-30,Shipped,12.99
O000369,C00526,2024-07-01,Delivered,12.99
O000370,C00178,2025-07-04,Delivered,4.99
O000371,C00450,2024-07-22,Delivered,12.99
O000372,C00709,2025-04-02,Delivered,0.0
O000373,C00704,2024-08-26,Delivered,0.0
O000374,C00627,2025-06-09,Shipped,7.99
O000375,C00358,2025-10-17,Delivered,4.99
O000376,C00210,2025-09-08,Delivered,7.99
O000377,C00555,2025-08-23,Delivered,12.99
O000378,C00945,2024-06-28,Delivered,19.99
O000379,C00565,2024-03-26,Delivered,7.99
O000380,C00805,2025-07-07,Delivered,7.99
O000381,C00496,2024-11-15,Delivered,0.0
O000382,C00291,2024-12-07,Delivered,0.0
O000383,C00006,2024-01-26,Delivered,7.99
O000384,C00775,2024-08-22,Cancelled,4.99
O000385,C00271,2024-01-28,Delivered,4.99
O000386,C00061,2025-11-19,Delivered,4.99
O000387,C00285,2024-08-10,Processing,7.99
O000388,C00327,2025-02-21,Delivered,0.0
O000389,C00690,2024-02-02,Delivered,7.99
O000390,C00501,2025-06-13,Delivered,0.0
O000391,C00048,2024-10-25,Delivered,0.0
O000392,C00940,2025-11-25,Delivered,4.99
O000393,C00124,2025-11-22,Returned,0.0
O000394,C00814,2024-10-28,Delivered,12.99
O000395,C00132,2025-11-26,Shipped,0.0
O000396,C00278,2025-12-30,Delivered,0.0
O000397,C00232,2025-10-28,Delivered,4.99
O000398,C00154,2025-11-06,Delivered,4.99
O000399,C00437,2024-08-14,Cancelled,0.0
O000400,C00113,2025-03-14,Returned,0.0
O000401,C00032,2024-03-03,Delivered,19.99
O000402,C00480,2024-04-01,Returned,7.99
O000403,C00278,2025-12-31,Delivered,4.99
O000404,C00604,2024-10-29,Delivered,4.99
O000405,C00597,2025-08-14,Delivered,0.0
O000406,C00533,2025-10-08,Delivered,4.99
O000407,C00920,2025-11-11,Delivered,7.99
O000408,C00483,2025-12-31,Delivered,12.99
O000409,C00846,2024-08-08,Delivered,0.0
O000410,C00493,2024-02-03,Delivered,12.99
O000411,C00544,2024-11-30,Delivered,0.0
O000412,C00382,2024-05-09,Processing,0.0
O000413,C00502,2024-01-19,Delivered,0.0
O000414,C00752,2024-11-12,Delivered,0.0
O000415,C00619,2025-09-14,Delivered,12.99
O000416,C00046,2025-03-02,Delivered,4.99
O000417,C00928,2024-10-14,Shipped,0.0
O000418,C00843,2025-06-03,Delivered,19.99
O000419,C00793,2024-08-01,Shipped,12.99
O000420,C00276,2024-01-12,Delivered,7.99
O000421,C00585,2025-08-26,Delivered,19.99
O000422,C00578,2025-05-03,Delivered,0.0
O000423,C00245,2025-08-25,Delivered,12.99
O000424,C00702,2024-02-02,Delivered,7.99
O000425,C00442,2025-11-04,Delivered,12.99
O000426,C00885,2025-04-28,Delivered,7.99
O000427,C00170,2025-02-27,Delivered,4.99
O000428,C00439,2025-05-04,Processing,7.99
O000429,C00362,2025-11-13,Delivered,0.0
O000430,C00894,2025-03-24,Delivered,4.99
O000431,C00073,2025-03-18,Delivered,0.0
O000432,C00251,2025-12-28,Delivered,19.99
O000433,C00772,2025-08-20,Delivered,0.0
O000434,C00931,2024-12-11,Cancelled,4.99
O000435,C00567,2025-07-14,Returned,4.99
O000436,C00498,2024-11-22,Delivered,19.99
O000437,C00092,2024-07-30,Delivered,4.99
O000438,C00512,2025-04-04,Delivered,7.99
O000439,C00231,2025-12-06,Delivered,12.99
O000440,C00533,2025-12-06,Delivered,4.99
O000441,C00624,2024-11-05,Delivered,4.99
O000442,C00914,2025-01-23,Delivered,7.99
O000443,C00325,2024-07-17,Delivered,12.99
O000444,C00160,2025-12-30,Delivered,7.99
O000445,C00150,2025-12-25,Delivered,0.0
O000446,C00251,2025-05-30,Delivered,12.99
O000447,C00079,2025-10-06,Delivered,4.99
O000448,C00863,2025-07-20,Cancelled,7.99
O000449,C00210,2025-03-31,Delivered,12.99
O000450,C00230,2024-02-17,Shipped,0.0
O000451,C00347,2024-12-15,Delivered,7.99
O000452,C00791,2025-06-19,Delivered,7.99
O000453,C00177,2025-06-21,Delivered,12.99
O000454,C00809,2024-11-16,Delivered,0.0
O000455,C00731,2025-12-11,Returned,4.99
O000456,C00287,2024-06-13,Delivered,12.99
O000457,C00822,2024-12-31,Delivered,0.0
O000458,C00535,2025-07-01,Delivered,0.0
O000459,C00507,2025-07-06,Returned,19.99
O000460,C00779,2025-05-29,Delivered,0.0
O000461,C00602,2024-09-04,Returned,19.99
O000462,C00992,2024-06-04,Cancelled,0.0
O000463,C00667,2025-05-16,Delivered,4.99
O000464,C00294,2025-04-07,Shipped,7.99
O000465,C00985,2024-06-22,Processing,7.99
O000466,C00095,2025-07-12,Delivered,7.99
O000467,C00749,2024-12-15,Delivered,4.99
O000468,C00009,2025-06-14,Delivered,12.99
O000469,C00477,2025-11-04,Delivered,0.0
O000470,C00262,2024-06-15,Delivered,4.99
O000471,C00593,2024-01-16,Delivered,0.0
O000472,C00140,2025-09-09,Delivered,7.99
O000473,C00540,2025-04-18,Delivered,0.0
O000474,C00887,2025-07-08,Delivered,4.99
O000475,C00450,2025-11-04,Cancelled,4.99
O000476,C00148,2025-10-04,Delivered,0.0
O000477,C00173,2025-12-18,Delivered,0.0
O000478,C00302,2025-01-30,Delivered,7.99
O000479,C00798,2024-12-27,Delivered,4.99
O000480,C00227,2024-11-26,Returned,12.99
O000481,C00169,2024-06-02,Delivered,7.99
O000482,C00940,2025-03-09,Delivered,0.0
O000483,C00104,2024-09-06,Returned,7.99
O000484,C00792,2025-12-04,Returned,0.0
O000485,C00956,2025-03-20,Shipped,7.99
O000486,C00353,2025-03-31,Shipped,19.99
O000487,C00353,2024-11-10,Delivered,4.99
O000488,C00017,2024-02-16,Delivered,7.99
O000489,C00262,2024-01-27,Delivered,0.0
O000490,C00637,2024-12-04,Delivered,4.99
O000491,C00779,2024-03-21,Shipped,12.99
O000492,C00971,2025-04-15,Delivered,0.0
O000493,C00961,2025-11-19,Delivered,0.0
O000494,C00582,2025-11-20,Returned,4.99
O000495,C00609,2025-06-07,Delivered,7.99
O000496,C00072,2024-07-16,Processing,4.99
O000497,C00841,2025-11-13,Processing,19.99
O000498,C00773,2025-11-21,Delivered,0.0
O000499,C00494,2024-07-05,Delivered,4.99
O000500,C00704,2025-08-06,Delivered,7.99
O000501,C00744,2024-09-16,Delivered,0.0
O000502,C00377,2025-10-04,Delivered,7.99
O000503,C00131,2025-12-31,Delivered,0.0
O000504,C00217,2024-01-25,Processing,0.0
O000505,C00041,2025-11-25,Delivered,0.0
O000506,C00104,2025-05-02,Shipped,19.99
O000507,C00886,2025-12-22,Delivered,7.99
O000508,C00363,2024-12-19,Delivered,7.99
O000509,C00781,2025-11-07,Cancelled,4.99
O000510,C00546,2024-02-27,Delivered,7.99
O000511,C00411,2024-11-03,Delivered,4.99
O000512,C00694,2024-03-03,Delivered,19.99
O000513,C00408,2025-12-23,Delivered,7.99
O000514,C00051,2025-10-19,Delivered,7.99
O000515,C00356,2025-11-09,Delivered,0.0
O000516,C00139,2025-12-09,Delivered,4.99
O000517,C00393,2024-03-22,Returned,4.99
O000518,C00437,2024-11-21,Returned,19.99
O000519,C00059,2024-03-07,Delivered,0.0
O000520,C00656,2024-07-16,Cancelled,0.0
O000521,C00638,2024-07-30,Delivered,4.99
O000522,C00827,2024-12-20,Delivered,0.0
O000523,C00035,2024-08-29,Delivered,0.0
O000524,C00781,2024-04-08,Delivered,12.99
O000525,C00294,2024-06-13,Delivered,7.99
O000526,C00384,2024-05-27,Delivered,12.99
O000527,C00680,2025-12-22,Delivered,12.99
O000528,C00801,2025-08-22,Shipped,0.0
O000529,C00059,2025-12-20,Delivered,4.99
O000530,C00740,2024-12-10,Delivered,0.0
O000531,C00777,2024-09-07,Cancelled,12.99
O000532,C00332,2025-09-29,Delivered,4.99
O000533,C00015,2024-10-29,Delivered,4.99
O000534,C00325,2024-09-30,Shipped,4.99
O000535,C00702,2024-08-02,Delivered,4.99
O000536,C00747,2024-05-09,Delivered,0.0
O000537,C00602,2024-08-20,Delivered,4.99
O000538,C00415,2024-11-10,Cancelled,7.99
O000539,C00121,2025-06-18,Delivered,12.99
O000540,C00456,2024-02-27,Cancelled,4.99
O000541,C00222,2024-07-16,Delivered,4.99
O000542,C00609,2025-10-11,Delivered,12.99
O000543,C00186,2024-05-27,Shipped,0.0
O000544,C00065,2024-11-05,Delivered,12.99
O000545,C00329,2025-11-13,Delivered,0.0
O000546,C00085,2024-06-03,Delivered,7.99
O000547,C00889,2024-03-19,Shipped,7.99
O000548,C00197,2024-12-26,Delivered,7.99
O000549,C00720,2024-10-03,Delivered,12.99
O000550,C00874,2025-02-27,Delivered,0.0
O000551,C00513,2025-10-05,Cancelled,4.99
O000552,C00462,2024-05-17,Delivered,4.99
O000553,C00505,2025-03-18,Delivered,12.99
O000554,C00002,2025-01-05,Delivered,0.0
O000555,C00602,2024-05-24,Delivered,12.99
O000556,C00402,2025-05-03,Delivered,4.99
O000557,C00678,2024-09-02,Delivered,0.0
O000558,C00936,2024-12-27,Delivered,7.99
O000559,C00171,2024-03-19,Shipped,0.0
O000560,C00464,2024-12-17,Shipped,4.99
O000561,C00521,2024-10-07,Delivered,0.0
O000562,C00521,2025-10-25,Cancelled,4.99
O000563,C00596,2024-02-21,Delivered,7.99
O000564,C00252,2024-12-02,Cancelled,7.99
O000565,C00185,2024-12-17,Delivered,4.99
O000566,C00613,2025-07-27,Delivered,4.99
O000567,C00319,2025-03-11,Cancelled,0.0
O000568,C00054,2025-06-13,Cancelled,4.99
O000569,C00485,2025-09-07,Delivered,19.99
O000570,C00225,2025-11-12,Delivered,12.99
O000571,C00470,2024-10-15,Delivered,0.0
O000572,C00880,2025-01-31,Delivered,0.0
O000573,C00578,2025-11-05,Delivered,19.99
O000574,C00093,2025-12-28,Delivered,4.99
O000575,C00408,2025-11-22,Cancelled,4.99
O000576,C00984,2024-11-16,Delivered,7.99
O000577,C00672,2024-07-04,Delivered,4.99
O000578,C00489,2024-12-28,Delivered,4.99
O000579,C00708,2025-08-09,Delivered,19.99
O000580,C00201,2024-12-29,Delivered,7.99
O000581,C00620,2024-12-25,Delivered,0.0
O000582,C00470,2025-11-04,Shipped,0.0
O000583,C00949,2024-11-12,Cancelled,0.0
O000584,C00307,2025-11-12,Delivered,7.99
O000585,C00177,2024-11-28,Delivered,0.0
O000586,C00974,2024-10-31,Delivered,0.0
O000587,C00705,2024-12-15,Cancelled,19.99
O000588,C00559,2025-08-25,Shipped,0.0
O000589,C00911,2024-05-05,Delivered,0.0
O000590,C00078,2024-07-05,Delivered,0.0
O000591,C00127,2025-12-14,Cancelled,0.0
O000592,C00739,2024-06-19,Delivered,4.99
O000593,C00102,2025-03-04,Delivered,19.99
O000594,C00797,2025-03-16,Cancelled,12.99
O000595,C00957,2024-12-28,Shipped,4.99
O000596,C00920,2025-05-25,Delivered,4.99
O000597,C00380,2024-07-30,Delivered,7.99
O000598,C00993,2025-02-16,Delivered,0.0
O000599,C00304,2024-11-16,Delivered,0.0
O000600,C00334,2025-06-09,Delivered,19.99
O000601,C00477,2024-05-21,Delivered,0.0
O000602,C00511,2025-03-07,Delivered,0.0
O000603,C00782,2024-06-27,Cancelled,4.99
O000604,C00723,2024-09-08,Delivered,4.99
O000605,C00454,2024-07-22,Delivered,0.0
O000606,C00363,2024-06-25,Delivered,0.0
O000607,C00782,2025-10-28,Delivered,4.99
O000608,C00555,2024-09-15,Delivered,7.99
O000609,C00079,2025-12-06,Delivered,0.0
O000610,C00266,2025-12-21,Cancelled,4.99
O000611,C00316,2025-03-08,Delivered,7.99
O000612,C00394,2024-05-23,Cancelled,12.99
O000613,C00766,2024-11-17,Processing,4.99
O000614,C00382,2025-09-29,Delivered,0.0
O000615,C00824,2024-11-14,Delivered,4.99
O000616,C00607,2024-03-24,Returned,7.99
O000617,C00564,2025-02-20,Returned,0.0
O000618,C00993,2025-11-06,Delivered,4.99
O000619,C00047,2025-09-27,Delivered,0.0
O000620,C00458,2024-06-19,Delivered,0.0
O000621,C00907,2025-06-17,Processing,4.99
O000622,C00414,2024-07-23,Delivered,0.0
O000623,C00868,2024-07-22,Delivered,12.99
O000624,C00294,2025-11-17,Cancelled,7.99
O000625,C00046,2024-08-15,Delivered,4.99
O000626,C00253,2024-08-25,Delivered,4.99
O000627,C00743,2024-01-01,Delivered,4.99
O000628,C00867,2025-11-15,Cancelled,0.0
O000629,C00325,2025-09-23,Delivered,12.99
O000630,C00936,2025-05-07,Delivered,19.99
O000631,C00075,2025-08-15,Delivered,0.0
O000632,C00830,2024-06-01,Delivered,0.0
O000633,C00938,2024-12-17,Delivered,0.0
O000634,C00156,2024-11-08,Delivered,7.99
O000635,C00051,2024-03-31,Delivered,7.99
O000636,C00172,2024-12-26,Shipped,12.99
O000637,C00339,2025-12-03,Shipped,7.99
O000638,C00181,2024-02-03,Delivered,4.99
O000639,C00077,2024-09-21,Delivered,7.99
O000640,C00899,2024-07-13,Delivered,7.99
O000641,C00553,2024-08-06,Shipped,4.99
O000642,C00418,2025-11-29,Delivered,4.99
O000643,C00703,2024-12-20,Delivered,7.99
O000644,C00593,2024-12-19,Delivered,7.99
O000645,C00385,2025-08-23,Delivered,7.99
O000646,C00574,2024-06-03,Delivered,7.99
O000647,C00088,2024-12-27,Delivered,7.99
O000648,C00857,2024-12-06,Delivered,7.99
O000649,C00577,2025-04-04,Delivered,4.99
O000650,C00923,2025-12-31,Delivered,7.99
O000651,C00100,2025-08-30,Delivered,4.99
O000652,C00284,2024-11-25,Delivered,0.0
O000653,C00055,2025-10-30,Delivered,0.0
O000654,C00934,2024-06-15,Delivered,7.99
O000655,C00496,2024-01-26,Delivered,7.99
O000656,C00760,2024-07-11,Delivered,19.99
O000657,C00890,2024-11-05,Delivered,4.99
O000658,C00914,2025-01-09,Delivered,4.99
O000659,C00398,2025-04-24,Delivered,0.0
O000660,C00183,2025-11-30,Cancelled,0.0
O000661,C00612,2025-01-08,Delivered,7.99
O000662,C00973,2025-01-01,Delivered,0.0
O000663,C00036,2024-02-14,Delivered,7.99
O000664,C00401,2024-01-29,Delivered,7.99
O000665,C00784,2025-02-14,Delivered,4.99
O000666,C00624,2024-12-09,Delivered,12.99
O000667,C00591,2025-11-04,Delivered,4.99
O000668,C00664,2024-06-08,Delivered,0.0
O000669,C00643,2024-01-21,Delivered,12.99
O000670,C00752,2024-12-13,Shipped,12.99
O000671,C00795,2024-08-05,Returned,0.0
O000672,C00182,2024-02-13,Delivered,0.0
O000673,C00743,2025-07-27,Delivered,0.0
O000674,C00689,2024-04-19,Delivered,0.0
O000675,C00928,2025-04-16,Delivered,19.99
O000676,C00917,2024-09-10,Delivered,7.99
O000677,C00305,2024-06-18,Delivered,4.99
O000678,C00556,2024-11-19,Delivered,12.99
O000679,C00290,2025-10-03,Delivered,4.99
O000680,C00587,2024-11-23,Delivered,4.99
O000681,C00693,2025-08-16,Delivered,19.99
O000682,C00742,2024-05-04,Shipped,12.99
O000683,C00692,2025-09-02,Delivered,12.99
O000684,C00451,2024-08-05,Delivered,4.99
O000685,C00964,2025-06-21,Delivered,7.99
O000686,C00714,2025-03-02,Delivered,0.0
O000687,C00498,2025-12-06,Delivered,7.99
O000688,C00791,2024-11-21,Delivered,19.99
O000689,C00973,2024-03-02,Delivered,0.0
O000690,C00126,2024-01-16,Delivered,7.99
O000691,C00972,2025-10-30,Delivered,4.99
O000692,C00062,2025-01-20,Delivered,0.0
O000693,C00861,2025-09-05,Delivered,7.99
O000694,C00515,2024-08-03,Delivered,0.0
O000695,C00877,2024-11-06,Delivered,7.99
O000696,C00010,2024-01-25,Delivered,0.0
O000697,C00738,2025-12-18,Returned,19.99
O000698,C00652,2025-06-14,Delivered,0.0
O000699,C00345,2025-12-08,Delivered,0.0
O000700,C00386,2024-08-27,Delivered,0.0
O000701,C00562,2025-04-20,Returned,19.99
O000702,C00939,2025-06-22,Shipped,7.99
O000703,C00528,2024-10-19,Delivered,7.99
O000704,C00137,2025-11-07,Delivered,4.99
O000705,C00965,2025-12-13,Delivered,4.99
O000706,C00947,2025-11-21,Delivered,0.0
O000707,C00233,2025-08-07,Shipped,7.99
O000708,C00500,2024-09-07,Delivered,0.0
O000709,C00324,2024-09-11,Delivered,19.99
O000710,C00789,2025-12-18,Shipped,7.99
O000711,C00864,2024-01-09,Shipped,4.99
O000712,C00969,2025-07-20,Delivered,0.0
O000713,C00597,2025-07-13,Delivered,7.99
O000714,C00273,2025-05-02,Delivered,0.0
O000715,C00219,2025-12-28,Cancelled,0.0
O000716,C00741,2024-10-13,Cancelled,0.0
O000717,C00110,2024-11-04,Delivered,7.99
O000718,C00159,2024-03-15,Delivered,7.99
O000719,C00651,2024-12-11,Cancelled,4.99
O000720,C00521,2024-08-23,Delivered,0.0
O000721,C00906,2024-11-06,Delivered,4.99
O000722,C00464,2025-11-03,Shipped,7.99
O000723,C00367,2025-12-09,Delivered,0.0
O000724,C00377,2024-06-27,Delivered,0.0
O000725,C00733,2024-11-16,Cancelled,19.99
O000726,C00280,2025-12-06,Shipped,19.99
O000727,C00487,2024-02-26,Delivered,19.99
O000728,C00041,2024-03-30,Delivered,12.99
O000729,C00732,2024-06-09,Delivered,0.0
O000730,C00695,2025-04-02,Delivered,0.0
O000731,C00705,2024-05-31,Delivered,4.99
O000732,C00960,2025-12-20,Shipped,4.99
O000733,C00352,2024-12-12,Delivered,19.99
O000734,C00877,2025-01-01,Delivered,7.99
O000735,C00414,2024-08-12,Delivered,7.99
O000736,C00127,2024-12-21,Processing,0.0
O000737,C00415,2025-06-09,Delivered,12.99
O000738,C00760,2025-08-16,Delivered,12.99
O000739,C00587,2025-08-18,Delivered,0.0
O000740,C00285,2025-03-15,Delivered,12.99
O000741,C00271,2025-11-27,Delivered,0.0
O000742,C00980,2025-10-20,Delivered,0.0
O000743,C00537,2025-08-21,Delivered,7.99
O000744,C00693,2024-02-20,Delivered,7.99
O000745,C00596,2024-01-06,Delivered,0.0
O000746,C00173,2024-07-17,Delivered,4.99
O000747,C00474,2025-06-10,Delivered,19.99
O000748,C00537,2024-11-30,Delivered,7.99
O000749,C00153,2024-11-27,Delivered,7.99
O000750,C00272,2025-11-20,Delivered,0.0
O000751,C00382,2025-11-24,Delivered,0.0
O000752,C00012,2025-11-29,Delivered,0.0
O000753,C00194,2024-10-15,Delivered,0.0
O000754,C00111,2025-07-01,Delivered,0.0
O000755,C00035,2024-08-31,Returned,0.0
O000756,C00682,2024-07-01,Cancelled,7.99
O000757,C00673,2024-06-26,Delivered,4.99
O000758,C00462,2024-11-05,Delivered,12.99
O000759,C00040,2024-12-06,Delivered,0.0
O000760,C00546,2025-11-01,Delivered,4.99
O000761,C00744,2024-04-28,Delivered,0.0
O000762,C00810,2025-08-04,Delivered,4.99
O000763,C00819,2025-01-26,Delivered,0.0
O000764,C00043,2024-09-18,Cancelled,19.99
O000765,C00049,2024-12-29,Delivered,7.99
O000766,C00494,2024-09-30,Shipped,4.99
O000767,C00468,2025-04-03,Shipped,0.0
O000768,C00074,2024-12-08,Delivered,7.99
O000769,C00596,2024-06-11,Delivered,7.99
O000770,C00785,2024-04-25,Delivered,0.0
O000771,C00673,2025-02-10,Delivered,7.99
O000772,C00242,2025-11-27,Delivered,12.99
O000773,C00113,2024-11-06,Delivered,7.99
O000774,C00210,2025-08-02,Delivered,12.99
O000775,C00415,2025-06-07,Returned,12.99
O000776,C00368,2025-12-07,Delivered,19.99
O000777,C00440,2025-10-23,Processing,4.99
O000778,C00384,2025-03-03,Delivered,7.99
O000779,C00196,2025-06-05,Shipped,7.99
O000780,C00468,2025-11-25,Delivered,7.99
O000781,C00914,2024-11-26,Delivered,19.99
O000782,C00674,2024-10-29,Cancelled,0.0
O000783,C00779,2024-01-09,Delivered,4.99
O000784,C00386,2025-10-29,Delivered,0.0
O000785,C00843,2025-10-02,Delivered,0.0
O000786,C00676,2024-04-12,Delivered,0.0
O000787,C00202,2025-03-14,Delivered,7.99
O000788,C00804,2024-12-19,Shipped,0.0
O000789,C00030,2024-04-27,Delivered,7.99
O000790,C00508,2025-12-25,Delivered,7.99
O000791,C00851,2024-07-19,Cancelled,0.0
O000792,C00934,2024-03-03,Delivered,0.0
O000793,C00601,2025-04-02,Delivered,7.99
O000794,C00135,2025-08-07,Delivered,7.99
O000795,C00387,2024-01-27,Delivered,12.99
O000796,C00663,2025-06-07,Delivered,12.99
O000797,C00886,2025-01-27,Delivered,19.99
O000798,C00640,2024-04-10,Delivered,7.99
O000799,C00900,2024-06-17,Delivered,12.99
O000800,C00535,2025-03-04,Delivered,12.99
O000801,C00499,2024-09-27,Shipped,12.99
O000802,C00446,2025-12-10,Delivered,0.0
O000803,C00166,2025-10-21,Delivered,19.99
O000804,C00603,2025-12-26,Processing,4.99
O000805,C00701,2024-08-22,Delivered,7.99
O000806,C00913,2025-12-21,Cancelled,0.0
O000807,C00063,2024-12-07,Delivered,4.99
O000808,C00066,2024-11-07,Shipped,0.0
O000809,C00995,2024-02-14,Delivered,0.0
O000810,C00597,2024-02-17,Delivered,0.0
O000811,C00475,2025-07-02,Delivered,12.99
O000812,C00658,2024-12-16,Delivered,0.0
O000813,C00158,2024-07-28,Cancelled,4.99
O000814,C00290,2025-04-22,Delivered,0.0
O000815,C00972,2024-08-17,Delivered,7.99
O000816,C00660,2025-03-15,Delivered,0.0
O000817,C00812,2024-11-11,Delivered,0.0
O000818,C00687,2025-10-26,Delivered,4.99
O000819,C00508,2025-10-23,Delivered,7.99
O000820,C00471,2024-12-23,Delivered,0.0
O000821,C00484,2024-11-08,Delivered,0.0
O000822,C00924,2024-11-12,Processing,0.0
O000823,C00710,2025-10-07,Delivered,19.99
O000824,C00742,2024-10-31,Delivered,4.99
O000825,C00572,2024-07-15,Cancelled,7.99
O000826,C00783,2024-03-22,Delivered,0.0
O000827,C00450,2024-12-19,Delivered,4.99
O000828,C00376,2024-12-25,Delivered,0.0
O000829,C00066,2025-11-05,Delivered,0.0
O000830,C00126,2024-07-24,Delivered,4.99
O000831,C00938,2024-11-19,Delivered,4.99
O000832,C00616,2025-10-10,Delivered,0.0
O000833,C00238,2025-10-26,Shipped,7.99
O000834,C00532,2024-11-20,Delivered,19.99
O000835,C00907,2024-12-17,Returned,4.99
O000836,C00603,2024-10-04,Delivered,7.99
O000837,C00569,2025-12-08,Delivered,19.99
O000838,C00084,2024-04-27,Delivered,12.99
O000839,C00469,2025-12-08,Returned,4.99
O000840,C00542,2025-06-26,Delivered,7.99
O000841,C00642,2025-01-26,Delivered,0.0
O000842,C00809,2024-01-27,Cancelled,4.99
O000843,C00515,2024-12-23,Delivered,0.0
O000844,C00211,2024-11-29,Cancelled,0.0
O000845,C00077,2024-06-08,Delivered,4.99
O000846,C00984,2025-06-05,Shipped,0.0
O000847,C00764,2025-12-21,Returned,7.99
O000848,C00778,2025-02-26,Delivered,4.99
O000849,C00338,2025-07-19,Delivered,4.99
O000850,C00228,2024-03-04,Delivered,0.0
O000851,C00908,2024-12-02,Returned,0.0
O000852,C00934,2024-04-24,Delivered,7.99
O000853,C00299,2025-04-21,Delivered,19.99
O000854,C00200,2025-12-10,Delivered,0.0
O000855,C00190,2025-06-09,Delivered,0.0
O000856,C00621,2024-03-13,Delivered,12.99
O000857,C00280,2024-11-10,Delivered,0.0
O000858,C00150,2025-02-14,Delivered,12.99
O000859,C00793,2024-11-27,Delivered,4.99
O000860,C00094,2025-11-02,Delivered,4.99
O000861,C00701,2025-10-17,Delivered,4.99
O000862,C00153,2025-04-20,Shipped,0.0
O000863,C00171,2024-11-16,Cancelled,4.99
O000864,C00830,2024-08-19,Delivered,12.99
O000865,C00578,2024-04-13,Delivered,7.99
O000866,C00214,2024-11-10,Delivered,7.99
O000867,C00826,2024-11-30,Delivered,7.99
O000868,C00968,2025-06-20,Delivered,0.0
O000869,C00121,2025-06-06,Delivered,7.99
O000870,C00823,2024-03-06,Delivered,4.99
O000871,C00790,2024-11-24,Cancelled,7.99
O000872,C00855,2024-06-24,Delivered,4.99
O000873,C00480,2024-06-05,Delivered,7.99
O000874,C00552,2025-10-30,Delivered,12.99
O000875,C00837,2024-02-05,Returned,4.99
O000876,C00116,2024-12-03,Delivered,0.0
O000877,C00588,2024-06-14,Delivered,4.99
O000878,C00750,2025-11-19,Delivered,4.99
O000879,C00928,2025-02-21,Delivered,7.99
O000880,C00068,2024-08-01,Delivered,19.99
O000881,C00873,2025-01-02,Delivered,4.99
O000882,C00640,2025-08-01,Delivered,4.99
O000883,C00391,2025-12-17,Delivered,7.99
O000884,C00977,2024-07-23,Delivered,0.0
O000885,C00712,2025-11-21,Shipped,0.0
O000886,C00460,2025-12-08,Delivered,12.99
O000887,C00148,2025-12-02,Shipped,7.99
O000888,C00939,2025-05-15,Delivered,0.0
O000889,C00037,2025-05-09,Delivered,0.0
O000890,C00379,2024-11-27,Delivered,7.99
O000891,C00846,2025-08-17,Delivered,7.99
O000892,C00205,2025-01-26,Shipped,12.99
O000893,C00494,2025-06-21,Processing,0.0
O000894,C00805,2024-12-06,Delivered,19.99
O000895,C00494,2025-08-01,Delivered,7.99
O000896,C00290,2025-10-27,Delivered,7.99
O000897,C00387,2024-05-26,Delivered,7.99
O000898,C00843,2025-11-02,Delivered,0.0
O000899,C00890,2025-02-03,Delivered,19.99
O000900,C00324,2025-11-06,Returned,0.0
O000901,C00569,2024-12-07,Delivered,0.0
O000902,C00534,2024-11-18,Cancelled,12.99
O000903,C00486,2025-12-01,Shipped,7.99
O000904,C00480,2024-08-16,Shipped,12.99
O000905,C00115,2025-11-06,Delivered,4.99
O000906,C00043,2024-12-26,Delivered,4.99
O000907,C00379,2025-01-12,Delivered,19.99
O000908,C00629,2024-10-10,Delivered,0.0
O000909,C00873,2025-03-10,Delivered,12.99
O000910,C00941,2024-10-27,Processing,0.0
O000911,C00841,2024-02-02,Shipped,12.99
O000912,C00130,2024-09-01,Shipped,0.0
O000913,C00831,2024-01-06,Cancelled,7.99
O000914,C00269,2025-12-24,Delivered,12.99
O000915,C00696,2025-12-19,Delivered,4.99
O000916,C00199,2024-11-24,Delivered,7.99
O000917,C00072,2025-07-30,Delivered,12.99
O000918,C00817,2024-11-06,Shipped,7.99
O000919,C00753,2025-06-16,Delivered,19.99
O000920,C00854,2025-10-07,Delivered,4.99
O000921,C00760,2025-12-13,Delivered,0.0
O000922,C00974,2024-11-26,Delivered,0.0
O000923,C00286,2025-09-13,Delivered,0.0
O000924,C00933,2024-08-27,Shipped,0.0
O000925,C00100,2025-12-28,Delivered,7.99
O000926,C00885,2024-01-22,Delivered,0.0
O000927,C00219,2025-04-11,Delivered,0.0
O000928,C00044,2025-06-07,Delivered,0.0
O000929,C00062,2025-06-29,Delivered,12.99
O000930,C01000,2024-04-29,Processing,7.99
O000931,C00155,2025-12-10,Delivered,4.99
O000932,C00843,2024-06-23,Delivered,12.99
O000933,C00587,2025-05-02,Delivered,0.0
O000934,C00221,2024-07-25,Delivered,19.99
O000935,C00622,2024-10-08,Delivered,7.99
O000936,C00612,2025-02-09,Delivered,0.0
O000937,C00414,2024-12-02,Delivered,7.99
O000938,C00339,2024-06-07,Cancelled,7.99
O000939,C00534,2024-06-16,Delivered,4.99
O000940,C00155,2024-12-02,Delivered,12.99
O000941,C00586,2025-08-21,Delivered,0.0
O000942,C00741,2025-11-25,Delivered,0.0
O000943,C00370,2024-03-21,Cancelled,0.0
O000944,C00443,2024-11-23,Returned,0.0
O000945,C00099,2024-04-07,Delivered,0.0
O000946,C00626,2024-01-14,Cancelled,12.99
O000947,C00886,2025-06-09,Shipped,0.0
O000948,C00950,2025-04-10,Returned,4.99
O000949,C00479,2024-06-10,Delivered,4.99
O000950,C00031,2024-08-03,Delivered,12.99
O000951,C00906,2024-01-20,Delivered,19.99
O000952,C00294,2025-11-03,Shipped,7.99
O000953,C00977,2025-12-22,Delivered,19.99
O000954,C00949,2024-05-15,Delivered,7.99
O000955,C00886,2024-08-01,Delivered,19.99
O000956,C00700,2025-11-15,Delivered,7.99
O000957,C00069,2025-12-05,Delivered,0.0
O000958,C00638,2024-12-03,Cancelled,4.99
O000959,C00793,2024-02-14,Delivered,7.99
O000960,C00177,2024-02-02,Cancelled,4.99
O000961,C00703,2025-03-11,Delivered,0.0
O000962,C00516,2024-11-23,Delivered,7.99
O000963,C00461,2024-01-24,Delivered,19.99
O000964,C00067,2025-03-21,Delivered,0.0
O000965,C00570,2024-01-10,Delivered,7.99
O000966,C00154,2025-09-18,Delivered,7.99
O000967,C00819,2024-10-07,Delivered,19.99
O000968,C00733,2024-02-03,Shipped,19.99
O000969,C00463,2025-03-26,Delivered,7.99
O000970,C00439,2024-11-25,Delivered,4.99
O000971,C00039,2025-12-22,Delivered,0.0
O000972,C00766,2025-02-07,Delivered,4.99
O000973,C00772,2024-09-04,Delivered,7.99
O000974,C00156,2025-07-15,Delivered,12.99
O000975,C00729,2024-08-31,Delivered,7.99
O000976,C00380,2025-11-27,Delivered,0.0
O000977,C00793,2024-11-17,Delivered,7.99
O000978,C00068,2025-02-13,Shipped,4.99
O000979,C00829,2024-02-14,Delivered,0.0
O000980,C00624,2024-12-05,Delivered,0.0
O000981,C00358,2025-11-02,Shipped,0.0
O000982,C00587,2025-10-07,Delivered,12.99
O000983,C00825,2024-07-26,Delivered,0.0
O000984,C00364,2024-07-28,Delivered,0.0
O000985,C00175,2025-10-20,Delivered,19.99
O000986,C00592,2025-12-07,Delivered,4.99
O000987,C00572,2024-04-02,Delivered,0.0
O000988,C00316,2024-12-14,Returned,0.0
O000989,C00448,2024-11-04,Shipped,0.0
O000990,C00864,2025-11-15,Delivered,0.0
O000991,C00888,2024-03-20,Delivered,0.0
O000992,C00680,2024-07-16,Delivered,7.99
O000993,C00092,2025-08-17,Delivered,0.0
O000994,C00386,2024-02-15,Delivered,4.99
O000995,C00282,2024-12-29,Delivered,12.99
O000996,C00533,2024-12-11,Delivered,4.99
O000997,C00887,2024-11-02,Delivered,12.99
O000998,C00014,2024-11-24,Processing,4.99
O000999,C00286,2025-01-25,Delivered,4.99
O001000,C00382,2024-06-08,Returned,7.99
O001001,C00503,2025-03-09,Cancelled,0.0
O001002,C00191,2025-10-07,Delivered,0.0
O001003,C00420,2025-08-23,Shipped,7.99
O001004,C00864,2024-06-03,Delivered,4.99
O001005,C00581,2024-05-29,Delivered,7.99
O001006,C00158,2024-08-29,Delivered,12.99
O001007,C00772,2024-11-12,Delivered,4.99
O001008,C00484,2024-11-29,Delivered,7.99
O001009,C00743,2025-06-23,Delivered,4.99
O001010,C00557,2024-02-21,Delivered,19.99
O001011,C00665,2024-01-29,Delivered,12.99
O001012,C00211,2024-11-23,Delivered,12.99
O001013,C00681,2025-07-06,Delivered,0.0
O001014,C00444,2024-07-03,Delivered,7.99
O001015,C00936,2025-05-22,Delivered,0.0
O001016,C00437,2024-08-22,Delivered,0.0
O001017,C00745,2025-11-21,Delivered,19.99
O001018,C00050,2025-11-24,Shipped,0.0
O001019,C00909,2024-09-28,Delivered,19.99
O001020,C00904,2024-07-31,Delivered,0.0
O001021,C00324,2024-11-30,Delivered,12.99
O001022,C00353,2024-08-08,Cancelled,0.0
O001023,C00835,2025-06-17,Delivered,4.99
O001024,C00229,2025-10-29,Delivered,0.0
O001025,C00351,2025-06-18,Delivered,7.99
O001026,C00389,2025-10-27,Delivered,4.99
O001027,C00545,2024-11-25,Delivered,7.99
O001028,C00547,2024-06-04,Delivered,0.0
O001029,C00706,2025-08-06,Processing,0.0
O001030,C00656,2024-11-12,Delivered,0.0
O001031,C00073,2025-06-16,Delivered,4.99
O001032,C00221,2024-08-31,Delivered,12.99
O001033,C00209,2024-03-18,Delivered,12.99
O001034,C00752,2025-12-29,Shipped,0.0
O001035,C00707,2024-06-04,Delivered,7.99
O001036,C00013,2025-12-27,Delivered,7.99
O001037,C00692,2025-12-23,Delivered,0.0
O001038,C00966,2025-09-24,Cancelled,4.99
O001039,C00326,2025-06-07,Shipped,4.99
O001040,C00252,2025-03-15,Delivered,0.0
O001041,C00147,2025-11-14,Delivered,0.0
O001042,C00723,2024-09-19,Delivered,0.0
O001043,C00953,2024-12-20,Processing,7.99
O001044,C00860,2025-04-28,Delivered,0.0
O001045,C00313,2024-11-30,Delivered,0.0
O001046,C00579,2024-12-06,Delivered,4.99
O001047,C00141,2024-11-01,Delivered,0.0
O001048,C00456,2025-02-28,Delivered,0.0
O001049,C00660,2025-11-08,Returned,12.99
O001050,C00723,2024-07-09,Delivered,0.0
O001051,C00133,2025-12-08,Shipped,7.99
O001052,C00336,2025-06-30,Delivered,4.99
O001053,C00278,2025-10-26,Delivered,7.99
O001054,C00731,2025-02-20,Delivered,7.99
O001055,C00382,2025-09-09,Delivered,0.0
O001056,C00214,2024-01-14,Returned,12.99
O001057,C00948,2025-10-21,Cancelled,4.99
O001058,C00162,2024-02-03,Delivered,12.99
O001059,C00375,2025-11-22,Delivered,4.99
O001060,C00923,2025-12-29,Delivered,19.99
O001061,C00437,2024-09-24,Returned,7.99
O001062,C00037,2024-07-16,Cancelled,19.99
O001063,C00290,2025-08-27,Shipped,4.99
O001064,C00281,2024-08-17,Delivered,4.99
O001065,C00163,2025-11-14,Delivered,7.99
O001066,C00507,2024-04-10,Delivered,12.99
O001067,C00697,2024-05-05,Delivered,19.99
O001068,C00231,2025-12-24,Delivered,4.99
O001069,C00111,2025-06-18,Delivered,7.99
O001070,C00806,2025-11-07,Delivered,0.0
O001071,C00463,2024-10-27,Cancelled,4.99
O001072,C00202,2025-06-20,Shipped,0.0
O001073,C00885,2025-04-01,Delivered,4.99
O001074,C00846,2025-04-11,Delivered,19.99
O001075,C00840,2025-06-25,Delivered,0.0
O001076,C00535,2025-03-12,Shipped,7.99
O001077,C00473,2024-12-06,Shipped,7.99
O001078,C00526,2024-09-05,Shipped,0.0
O001079,C00246,2025-08-29,Shipped,4.99
O001080,C00931,2024-07-28,Delivered,7.99
O001081,C00481,2025-07-02,Delivered,0.0
O001082,C00028,2024-08-02,Delivered,12.99
O001083,C00627,2025-05-04,Delivered,19.99
O001084,C00931,2025-08-13,Shipped,0.0
O001085,C00742,2024-07-22,Delivered,0.0
O001086,C00165,2024-02-24,Delivered,4.99
O001087,C00118,2024-05-10,Delivered,7.99
O001088,C00884,2025-04-14,Processing,0.0
O001089,C00507,2025-11-08,Delivered,0.0
O001090,C00044,2024-02-08,Delivered,4.99
O001091,C00207,2025-08-03,Delivered,19.99
O001092,C00705,2024-11-05,Delivered,4.99
O001093,C00529,2024-12-24,Delivered,4.99
O001094,C00603,2025-12-06,Delivered,19.99
O001095,C00225,2024-11-02,Delivered,7.99
O001096,C00687,2024-12-19,Cancelled,7.99
O001097,C00625,2024-01-12,Delivered,7.99
O001098,C00180,2024-03-18,Delivered,19.99
O001099,C00723,2024-08-21,Returned,7.99
O001100,C00005,2024-01-23,Delivered,12.99
O001101,C00464,2025-05-11,Delivered,7.99
O001102,C00458,2024-12-05,Shipped,7.99
O001103,C00814,2025-02-11,Delivered,0.0
O001104,C00006,2024-06-18,Delivered,4.99
O001105,C00624,2024-09-26,Delivered,7.99
O001106,C00481,2025-06-11,Delivered,0.0
O001107,C00549,2025-12-19,Delivered,7.99
O001108,C00135,2024-02-14,Shipped,0.0
O001109,C00173,2025-11-23,Delivered,12.99
O001110,C00603,2025-03-14,Delivered,0.0
O001111,C00475,2025-02-28,Returned,12.99
O001112,C00157,2024-12-31,Delivered,7.99
O001113,C00556,2024-03-05,Delivered,0.0
O001114,C00785,2024-03-27,Delivered,4.99
O001115,C00055,2025-04-08,Delivered,0.0
O001116,C00622,2024-11-05,Delivered,4.99
O001117,C00403,2025-12-02,Delivered,4.99
O001118,C00827,2024-11-28,Processing,0.0
O001119,C00641,2024-05-23,Returned,19.99
O001120,C00604,2025-07-19,Cancelled,0.0
O001121,C00822,2024-09-23,Cancelled,7.99
O001122,C00096,2025-01-21,Delivered,4.99
O001123,C00408,2025-07-06,Delivered,7.99
O001124,C00451,2025-11-26,Cancelled,4.99
O001125,C00391,2025-09-23,Delivered,7.99
O001126,C00242,2025-06-20,Returned,7.99
O001127,C00358,2025-06-23,Delivered,7.99
O001128,C00702,2025-12-12,Delivered,0.0
O001129,C00949,2024-09-26,Delivered,7.99
O001130,C00882,2024-01-01,Returned,0.0
O001131,C00708,2024-09-01,Delivered,0.0
O001132,C00627,2024-07-21,Shipped,4.99
O001133,C00610,2025-06-09,Delivered,4.99
O001134,C00650,2025-05-13,Delivered,4.99
O001135,C00550,2025-03-31,Shipped,7.99
O001136,C00933,2024-01-14,Delivered,4.99
O001137,C00796,2025-07-30,Delivered,4.99
O001138,C00168,2024-10-26,Delivered,0.0
O001139,C00230,2025-06-11,Delivered,7.99
O001140,C00361,2025-02-20,Delivered,7.99
O001141,C00070,2024-11-05,Delivered,4.99
O001142,C00161,2024-05-14,Delivered,7.99
O001143,C00100,2024-04-01,Returned,4.99
O001144,C00143,2025-11-02,Delivered,4.99
O001145,C00951,2025-12-02,Shipped,4.99
O001146,C00505,2025-05-31,Delivered,7.99
O001147,C00902,2024-04-11,Delivered,7.99
O001148,C00691,2024-11-26,Delivered,0.0
O001149,C00629,2025-07-30,Delivered,0.0
O001150,C00985,2025-09-10,Delivered,0.0
O001151,C00618,2024-04-26,Delivered,7.99
O001152,C00607,2024-01-01,Delivered,12.99
O001153,C00289,2025-07-17,Delivered,4.99
O001154,C00837,2024-11-10,Delivered,0.0
O001155,C00321,2024-08-18,Delivered,7.99
O001156,C00636,2024-01-11,Delivered,12.99
O001157,C00652,2025-02-03,Returned,12.99
O001158,C00870,2025-11-09,Delivered,7.99
O001159,C00260,2025-12-16,Delivered,12.99
O001160,C00958,2025-03-02,Delivered,0.0
O001161,C00579,2025-01-12,Cancelled,0.0
O001162,C00299,2024-03-22,Delivered,0.0
O001163,C00913,2025-02-12,Shipped,7.99
O001164,C00258,2024-11-19,Delivered,0.0
O001165,C00662,2025-04-15,Returned,4.99
O001166,C00854,2024-11-22,Shipped,4.99
O001167,C00201,2024-08-07,Cancelled,4.99
O001168,C00779,2024-04-02,Delivered,12.99
O001169,C00477,2024-10-16,Delivered,0.0
O001170,C00407,2024-04-03,Delivered,4.99
O001171,C00891,2024-06-20,Delivered,7.99
O001172,C00915,2025-12-27,Cancelled,0.0
O001173,C00204,2024-12-11,Delivered,7.99
O001174,C00185,2025-01-26,Delivered,12.99
O001175,C00949,2025-11-17,Delivered,19.99
O001176,C00090,2025-12-30,Delivered,12.99
O001177,C00689,2025-03-20,Delivered,4.99
O001178,C00721,2025-10-14,Shipped,7.99
O001179,C00347,2024-10-29,Delivered,0.0
O001180,C00790,2024-10-07,Delivered,0.0
O001181,C00873,2024-11-27,Delivered,0.0
O001182,C00602,2025-06-17,Delivered,4.99
O001183,C00679,2025-06-25,Delivered,12.99
O001184,C00068,2024-10-17,Delivered,4.99
O001185,C00024,2024-05-12,Delivered,7.99
O001186,C00659,2025-05-12,Shipped,4.99
O001187,C00264,2024-05-07,Shipped,4.99
O001188,C00858,2025-03-15,Delivered,19.99
O001189,C00053,2025-07-03,Returned,0.0
O001190,C00706,2025-07-09,Shipped,7.99
O001191,C00341,2025-08-18,Cancelled,4.99
O001192,C00081,2025-11-16,Delivered,0.0
O001193,C00894,2024-12-31,Returned,4.99
O001194,C00548,2025-07-31,Shipped,12.99
O001195,C00235,2025-04-28,Shipped,0.0
O001196,C00793,2024-06-28,Delivered,0.0
O001197,C00025,2024-01-22,Shipped,0.0
O001198,C00236,2024-09-14,Returned,7.99
O001199,C00613,2024-12-11,Delivered,7.99
O001200,C00740,2025-04-26,Delivered,7.99
O001201,C00971,2025-11-08,Returned,4.99
O001202,C00848,2024-07-05,Delivered,12.99
O001203,C00194,2024-05-04,Delivered,7.99
O001204,C00566,2025-12-19,Delivered,12.99
O001205,C00906,2024-04-16,Returned,12.99
O001206,C00541,2024-12-24,Delivered,7.99
O001207,C00126,2025-03-23,Delivered,4.99
O001208,C00672,2025-02-04,Delivered,12.99
O001209,C00403,2024-03-23,Shipped,19.99
O001210,C00026,2024-02-21,Delivered,0.0
O001211,C00611,2024-04-13,Cancelled,0.0
O001212,C00260,2025-03-23,Returned,19.99
O001213,C00657,2025-02-07,Delivered,0.0
O001214,C00569,2024-08-02,Delivered,12.99
O001215,C00979,2025-05-18,Delivered,4.99
O001216,C00294,2025-10-22,Delivered,0.0
O001217,C00236,2024-02-05,Delivered,0.0
O001218,C00402,2024-12-31,Cancelled,0.0
O001219,C00813,2025-06-30,Cancelled,0.0
O001220,C00220,2024-08-17,Delivered,4.99
O001221,C00703,2024-10-09,Delivered,7.99
O001222,C00215,2025-04-22,Delivered,19.99
O001223,C00170,2025-11-25,Delivered,4.99
O001224,C00078,2025-10-12,Delivered,4.99
O001225,C00994,2025-03-20,Cancelled,4.99
O001226,C00613,2025-07-31,Returned,4.99
O001227,C00764,2024-11-13,Delivered,4.99
O001228,C00984,2025-05-21,Cancelled,0.0
O001229,C00076,2024-12-19,Delivered,0.0
O001230,C00253,2024-06-30,Shipped,0.0
O001231,C00828,2025-07-09,Delivered,0.0
O001232,C00540,2025-02-20,Delivered,7.99
O001233,C00069,2024-11-11,Returned,0.0
O001234,C00306,2025-11-30,Delivered,12.99
O001235,C00457,2024-01-18,Shipped,19.99
O001236,C00576,2024-10-17,Delivered,19.99
O001237,C00850,2024-02-21,Delivered,19.99
O001238,C00289,2025-08-28,Delivered,0.0
O001239,C00440,2025-07-10,Delivered,4.99
O001240,C00721,2024-11-01,Delivered,0.0
O001241,C00510,2025-06-20,Delivered,12.99
O001242,C00929,2024-11-24,Delivered,12.99
O001243,C00103,2025-08-20,Delivered,12.99
O001244,C00432,2024-12-15,Delivered,4.99
O001245,C00852,2024-11-30,Delivered,7.99
O001246,C00494,2025-12-08,Cancelled,0.0
O001247,C00118,2024-08-16,Delivered,0.0
O001248,C00530,2024-04-29,Delivered,7.99
O001249,C00352,2025-03-22,Delivered,4.99
O001250,C00001,2025-12-21,Delivered,19.99
O001251,C00103,2024-11-18,Delivered,0.0
O001252,C00982,2024-02-26,Delivered,12.99
O001253,C00163,2024-11-04,Delivered,4.99
O001254,C00525,2025-01-05,Delivered,12.99
O001255,C00391,2024-06-09,Shipped,12.99
O001256,C00679,2025-06-06,Delivered,12.99
O001257,C00185,2025-12-31,Delivered,0.0
O001258,C00784,2024-12-14,Delivered,19.99
O001259,C00108,2024-11-10,Shipped,0.0
O001260,C00807,2024-11-26,Delivered,0.0
O001261,C00210,2024-04-23,Delivered,4.99
O001262,C00540,2025-11-20,Delivered,12.99
O001263,C00604,2024-12-01,Delivered,4.99
O001264,C00732,2024-11-21,Delivered,12.99
O001265,C00724,2025-06-07,Shipped,7.99
O001266,C00830,2024-12-11,Delivered,0.0
O001267,C00314,2025-05-29,Delivered,19.99
O001268,C00779,2024-02-26,Delivered,0.0
O001269,C00971,2025-10-16,Delivered,12.99
O001270,C00679,2025-12-10,Delivered,4.99
O001271,C00497,2025-05-29,Delivered,4.99
O001272,C00879,2025-12-15,Delivered,4.99
O001273,C00779,2024-06-01,Delivered,0.0
O001274,C00344,2024-12-23,Delivered,4.99
O001275,C00351,2025-04-09,Delivered,0.0
O001276,C00559,2025-03-19,Delivered,0.0
O001277,C00512,2024-11-26,Delivered,0.0
O001278,C00523,2024-11-04,Delivered,4.99
O001279,C00071,2024-05-06,Delivered,7.99
O001280,C00281,2024-11-23,Delivered,7.99
O001281,C00232,2024-06-09,Delivered,12.99
O001282,C00645,2025-08-03,Returned,7.99
O001283,C00304,2024-07-14,Shipped,7.99
O001284,C00913,2024-02-23,Delivered,7.99
O001285,C00244,2025-02-16,Cancelled,4.99
O001286,C00719,2025-04-02,Shipped,7.99
O001287,C00558,2025-11-16,Delivered,0.0
O001288,C00143,2025-03-14,Shipped,12.99
O001289,C00840,2024-11-06,Delivered,7.99
O001290,C00303,2025-10-04,Delivered,0.0
O001291,C00351,2025-02-03,Delivered,7.99
O001292,C00151,2024-03-16,Delivered,0.0
O001293,C00745,2025-03-02,Delivered,0.0
O001294,C00793,2025-11-29,Delivered,0.0
O001295,C00866,2024-11-24,Returned,7.99
O001296,C00203,2024-09-27,Cancelled,7.99
O001297,C00670,2024-05-23,Cancelled,12.99
O001298,C00709,2024-06-01,Shipped,0.0
O001299,C00919,2024-12-07,Returned,4.99
O001300,C00846,2025-04-03,Delivered,7.99
O001301,C00418,2024-03-17,Delivered,0.0
O001302,C00334,2025-12-10,Delivered,7.99
O001303,C00912,2025-08-19,Cancelled,0.0
O001304,C00410,2025-03-24,Delivered,0.0
O001305,C00817,2025-10-31,Shipped,4.99
O001306,C00130,2024-03-17,Delivered,7.99
O001307,C00779,2024-12-23,Delivered,0.0
O001308,C00350,2025-05-10,Shipped,0.0
O001309,C00760,2025-11-01,Delivered,0.0
O001310,C00226,2025-09-13,Delivered,0.0
O001311,C00196,2024-09-06,Delivered,0.0
O001312,C00426,2025-12-10,Delivered,4.99
O001313,C00040,2024-05-03,Delivered,7.99
O001314,C00717,2025-11-17,Delivered,4.99
O001315,C00681,2025-12-21,Delivered,7.99
O001316,C00355,2024-06-20,Delivered,7.99
O001317,C00168,2025-07-25,Shipped,0.0
O001318,C00560,2024-02-03,Delivered,0.0
O001319,C00775,2024-11-28,Delivered,12.99
O001320,C00766,2025-01-13,Shipped,0.0
O001321,C00560,2025-03-18,Delivered,0.0
O001322,C00755,2025-12-09,Cancelled,0.0
O001323,C00028,2025-06-17,Delivered,7.99
O001324,C00497,2024-12-25,Delivered,7.99
O001325,C00938,2025-10-11,Delivered,19.99
O001326,C00490,2025-12-14,Returned,12.99
O001327,C00438,2024-01-19,Shipped,4.99
O001328,C00779,2025-12-25,Delivered,4.99
O001329,C00214,2024-03-23,Delivered,0.0
O001330,C00149,2025-10-16,Shipped,0.0
O001331,C00676,2024-09-10,Delivered,0.0
O001332,C00054,2024-05-11,Shipped,0.0
O001333,C00051,2024-12-10,Delivered,0.0
O001334,C00629,2025-05-24,Delivered,0.0
O001335,C00857,2024-11-19,Delivered,4.99
O001336,C00579,2024-02-18,Delivered,19.99
O001337,C00380,2025-04-07,Delivered,7.99
O001338,C00961,2025-11-27,Processing,19.99
O001339,C00515,2024-11-20,Delivered,4.99
O001340,C00458,2024-07-20,Delivered,4.99
O001341,C00799,2024-12-11,Delivered,4.99
O001342,C00732,2024-02-12,Delivered,0.0
O001343,C00899,2025-10-23,Cancelled,0.0
O001344,C00486,2025-10-29,Shipped,19.99
O001345,C00885,2025-03-26,Delivered,19.99
O001346,C00682,2024-11-09,Processing,0.0
O001347,C00952,2025-10-01,Shipped,0.0
O001348,C00193,2025-02-18,Cancelled,4.99
O001349,C00109,2025-10-29,Delivered,0.0
O001350,C00519,2025-05-11,Cancelled,4.99
O001351,C00353,2025-09-14,Delivered,0.0
O001352,C00573,2025-04-06,Delivered,4.99
O001353,C00874,2024-12-01,Cancelled,0.0
O001354,C00984,2025-12-17,Delivered,4.99
O001355,C00502,2025-02-04,Delivered,0.0
O001356,C00299,2025-04-13,Shipped,4.99
O001357,C00015,2024-07-23,Shipped,19.99
O001358,C00956,2025-05-05,Delivered,4.99
O001359,C00847,2025-03-08,Cancelled,12.99
O001360,C00747,2024-06-26,Delivered,12.99
O001361,C00820,2024-02-24,Delivered,19.99
O001362,C00597,2025-04-12,Shipped,7.99
O001363,C00734,2025-08-26,Delivered,7.99
O001364,C00667,2025-01-19,Delivered,12.99
O001365,C00400,2024-07-28,Delivered,0.0
O001366,C00463,2025-06-13,Delivered,4.99
O001367,C00350,2024-03-17,Delivered,19.99
O001368,C00468,2024-12-11,Shipped,7.99
O001369,C00522,2024-06-10,Shipped,19.99
O001370,C00456,2024-06-26,Delivered,7.99
O001371,C00399,2024-07-09,Shipped,12.99
O001372,C00849,2024-11-21,Delivered,7.99
O001373,C00544,2024-02-15,Delivered,7.99
O001374,C00758,2024-11-25,Cancelled,4.99
O001375,C00822,2025-01-10,Delivered,19.99
O001376,C00221,2024-12-25,Delivered,12.99
O001377,C00831,2024-11-20,Delivered,12.99
O001378,C00961,2025-11-04,Delivered,7.99
O001379,C00474,2024-05-25,Cancelled,4.99
O001380,C00164,2025-01-05,Delivered,0.0
O001381,C00600,2024-02-26,Delivered,19.99
O001382,C00335,2024-03-07,Delivered,7.99
O001383,C00986,2025-03-11,Delivered,0.0
O001384,C00693,2025-03-02,Delivered,0.0
O001385,C00342,2025-11-18,Delivered,12.99
O001386,C00795,2025-02-21,Cancelled,12.99
O001387,C00974,2025-12-17,Cancelled,12.99
O001388,C00989,2024-02-12,Delivered,7.99
O001389,C00155,2024-04-05,Delivered,4.99
O001390,C00957,2024-02-07,Delivered,4.99
O001391,C00050,2024-06-27,Returned,0.0
O001392,C00003,2025-02-04,Processing,12.99
O001393,C00708,2025-05-26,Delivered,0.0
O001394,C00492,2024-02-09,Shipped,7.99
O001395,C00765,2025-12-12,Delivered,4.99
O001396,C00065,2025-11-05,Delivered,4.99
O001397,C00733,2024-09-27,Delivered,19.99
O001398,C00945,2024-03-14,Delivered,0.0
O001399,C00475,2024-06-15,Delivered,7.99
O001400,C00923,2024-05-06,Delivered,0.0
O001401,C00235,2024-05-02,Delivered,0.0
O001402,C00541,2025-01-15,Delivered,4.99
O001403,C00255,2024-08-12,Delivered,0.0
O001404,C00710,2024-11-11,Delivered,7.99
O001405,C00187,2025-12-28,Delivered,4.99
O001406,C00674,2025-06-26,Delivered,0.0
O001407,C00223,2025-12-13,Delivered,0.0
O001408,C00208,2024-05-22,Delivered,7.99
O001409,C00245,2024-11-19,Delivered,12.99
O001410,C00584,2025-02-18,Delivered,4.99
O001411,C00050,2024-03-13,Delivered,7.99
O001412,C00785,2024-01-04,Delivered,7.99
O001413,C00375,2025-06-16,Shipped,7.99
O001414,C00819,2025-05-22,Delivered,0.0
O001415,C00065,2024-11-30,Delivered,7.99
O001416,C00197,2024-12-28,Delivered,7.99
O001417,C00315,2024-12-01,Delivered,7.99
O001418,C00527,2024-01-20,Delivered,7.99
O001419,C00482,2024-11-03,Delivered,19.99
O001420,C00201,2024-06-20,Delivered,0.0
O001421,C00159,2024-04-05,Returned,19.99
O001422,C00257,2025-12-16,Delivered,4.99
O001423,C00576,2025-04-07,Delivered,7.99
O001424,C00758,2025-07-30,Delivered,0.0
O001425,C00459,2024-10-17,Returned,4.99
O001426,C00258,2024-11-23,Shipped,7.99
O001427,C00943,2024-08-05,Delivered,7.99
O001428,C00014,2024-04-04,Cancelled,0.0
O001429,C00638,2024-06-22,Delivered,4.99
O001430,C00421,2025-09-28,Shipped,0.0
O001431,C00610,2025-06-21,Shipped,19.99
O001432,C00487,2025-02-10,Delivered,12.99
O001433,C00342,2024-12-22,Delivered,0.0
O001434,C00281,2025-12-04,Delivered,12.99
O001435,C00417,2024-03-09,Delivered,12.99
O001436,C00196,2024-09-10,Delivered,4.99
O001437,C00014,2024-11-08,Shipped,7.99
O001438,C00866,2025-09-12,Delivered,4.99
O001439,C00252,2025-12-29,Delivered,7.99
O001440,C00991,2024-08-08,Delivered,4.99
O001441,C00865,2025-11-17,Delivered,4.99
O001442,C00892,2025-11-01,Delivered,4.99
O001443,C00662,2024-07-27,Delivered,0.0
O001444,C00796,2024-11-26,Delivered,12.99
O001445,C00362,2024-11-29,Delivered,4.99
O001446,C00603,2025-12-24,Delivered,4.99
O001447,C00545,2024-06-23,Processing,12.99
O001448,C00279,2025-09-30,Delivered,4.99
O001449,C00514,2024-11-02,Delivered,4.99
O001450,C00766,2025-08-01,Delivered,19.99
O001451,C00835,2024-12-03,Delivered,12.99
O001452,C00358,2025-03-15,Delivered,0.0
O001453,C00819,2025-11-02,Delivered,4.99
O001454,C00886,2025-10-06,Delivered,19.99
O001455,C00928,2025-11-14,Cancelled,4.99
O001456,C00872,2024-02-24,Delivered,4.99
O001457,C00919,2025-07-02,Delivered,0.0
O001458,C00727,2024-05-20,Cancelled,0.0
O001459,C00095,2024-12-01,Delivered,7.99
O001460,C00452,2025-02-12,Delivered,7.99
O001461,C00716,2024-11-27,Delivered,19.99
O001462,C00151,2025-01-16,Delivered,7.99
O001463,C00315,2025-12-30,Shipped,0.0
O001464,C00712,2024-05-15,Delivered,0.0
O001465,C00403,2025-06-19,Shipped,19.99
O001466,C00434,2024-11-24,Returned,4.99
O001467,C00026,2024-05-12,Returned,4.99
O001468,C00959,2024-06-06,Cancelled,12.99
O001469,C00720,2025-12-13,Delivered,7.99
O001470,C00846,2025-11-19,Delivered,0.0
O001471,C00729,2025-11-28,Delivered,12.99
O001472,C00701,2025-12-28,Delivered,19.99
O001473,C00545,2024-07-14,Cancelled,0.0
O001474,C00382,2024-11-10,Delivered,12.99
O001475,C00810,2025-06-15,Cancelled,4.99
O001476,C00055,2024-12-26,Shipped,4.99
O001477,C00431,2024-12-02,Processing,12.99
O001478,C00866,2024-11-11,Cancelled,19.99
O001479,C00118,2025-04-01,Delivered,0.0
O001480,C00322,2025-03-12,Delivered,0.0
O001481,C00274,2024-06-08,Delivered,0.0
O001482,C00281,2024-12-21,Delivered,7.99
O001483,C00341,2025-02-17,Delivered,0.0
O001484,C00280,2025-03-07,Shipped,4.99
O001485,C00815,2024-07-15,Cancelled,0.0
O001486,C00201,2025-08-09,Delivered,4.99
O001487,C00002,2024-01-21,Delivered,0.0
O001488,C00206,2024-11-10,Delivered,12.99
O001489,C00026,2025-09-10,Delivered,0.0
O001490,C00291,2025-02-28,Delivered,4.99
O001491,C00463,2024-08-23,Delivered,12.99
O001492,C00679,2025-07-04,Delivered,7.99
O001493,C00755,2025-03-04,Delivered,0.0
O001494,C00450,2025-09-27,Delivered,0.0
O001495,C00867,2025-08-04,Delivered,7.99
O001496,C00963,2025-04-18,Delivered,4.99
O001497,C00674,2024-12-27,Delivered,7.99
O001498,C00449,2024-05-12,Delivered,4.99
O001499,C00572,2024-08-23,Returned,4.99
O001500,C00095,2024-12-03,Delivered,4.99
O001501,C00306,2025-04-07,Delivered,7.99
O001502,C00055,2025-01-11,Shipped,12.99
O001503,C00838,2024-09-18,Delivered,0.0
O001504,C00858,2024-01-06,Returned,4.99
O001505,C00411,2024-12-30,Delivered,0.0
O001506,C00185,2024-09-15,Delivered,4.99
O001507,C00342,2025-08-03,Delivered,12.99
O001508,C00751,2024-01-20,Delivered,4.99
O001509,C00066,2025-03-22,Delivered,19.99
O001510,C00027,2025-12-11,Delivered,7.99
O001511,C00314,2024-06-18,Delivered,19.99
O001512,C00361,2024-12-21,Delivered,7.99
O001513,C00388,2024-03-29,Delivered,0.0
O001514,C00133,2025-05-05,Delivered,0.0
O001515,C00699,2025-02-14,Delivered,4.99
O001516,C00128,2024-11-28,Delivered,0.0
O001517,C00792,2025-01-18,Delivered,4.99
O001518,C00261,2025-11-25,Shipped,4.99
O001519,C00338,2024-07-05,Delivered,19.99
O001520,C00506,2024-01-19,Delivered,4.99
O001521,C00035,2025-11-12,Delivered,7.99
O001522,C00535,2025-03-14,Delivered,19.99
O001523,C00491,2025-11-23,Returned,12.99
O001524,C00673,2025-04-04,Delivered,0.0
O001525,C00475,2025-10-12,Delivered,4.99
O001526,C00962,2024-12-06,Delivered,4.99
O001527,C00474,2025-08-15,Cancelled,4.99
O001528,C00392,2025-12-01,Delivered,4.99
O001529,C00469,2025-03-09,Processing,12.99
O001530,C00166,2024-06-23,Returned,4.99
O001531,C00934,2024-08-29,Delivered,4.99
O001532,C00893,2024-07-07,Returned,19.99
O001533,C00248,2024-08-12,Delivered,0.0
O001534,C00567,2024-10-07,Cancelled,4.99
O001535,C00466,2025-02-19,Delivered,7.99
O001536,C00554,2025-03-26,Delivered,0.0
O001537,C00074,2024-12-05,Delivered,7.99
O001538,C00696,2025-04-24,Shipped,0.0
O001539,C00423,2024-03-18,Delivered,12.99
O001540,C00357,2024-03-25,Delivered,4.99
O001541,C00980,2024-06-16,Delivered,4.99
O001542,C00921,2025-01-15,Delivered,7.99
O001543,C00520,2024-07-18,Delivered,0.0
O001544,C00027,2024-09-13,Delivered,0.0
O001545,C00831,2024-11-26,Delivered,4.99
O001546,C00090,2025-10-14,Delivered,4.99
O001547,C00628,2024-01-12,Delivered,4.99
O001548,C00635,2025-05-30,Delivered,7.99
O001549,C00202,2025-06-14,Delivered,7.99
O001550,C00205,2025-09-30,Returned,7.99
O001551,C00649,2025-12-08,Delivered,4.99
O001552,C00526,2024-01-17,Returned,0.0
O001553,C01000,2024-06-03,Shipped,7.99
O001554,C00799,2025-11-21,Delivered,12.99
O001555,C00744,2024-12-17,Delivered,0.0
O001556,C00669,2025-03-01,Shipped,4.99
O001557,C00125,2025-06-10,Delivered,4.99
O001558,C00108,2025-06-22,Delivered,4.99
O001559,C00987,2025-12-07,Delivered,7.99
O001560,C00223,2025-12-30,Delivered,0.0
O001561,C00071,2025-07-23,Shipped,7.99
O001562,C00674,2024-09-17,Delivered,0.0
O001563,C00154,2025-11-19,Delivered,4.99
O001564,C00673,2024-02-13,Delivered,12.99
O001565,C00480,2024-07-31,Delivered,4.99
O001566,C00873,2025-11-25,Delivered,0.0
O001567,C00424,2024-08-20,Delivered,19.99
O001568,C00887,2024-07-23,Cancelled,12.99
O001569,C00623,2024-05-18,Delivered,7.99
O001570,C00729,2025-11-11,Shipped,4.99
O001571,C00969,2024-12-31,Delivered,0.0
O001572,C00858,2025-06-19,Delivered,19.99
O001573,C00545,2024-08-07,Delivered,4.99
O001574,C00249,2025-08-21,Delivered,12.99
O001575,C00550,2025-08-23,Delivered,4.99
O001576,C00015,2024-10-14,Delivered,4.99
O001577,C00199,2024-11-30,Delivered,19.99
O001578,C00170,2024-07-15,Shipped,4.99
O001579,C00562,2025-12-23,Delivered,0.0
O001580,C00601,2025-05-26,Delivered,0.0
O001581,C00074,2025-12-08,Delivered,4.99
O001582,C00918,2024-10-04,Delivered,0.0
O001583,C00284,2025-09-12,Delivered,4.99
O001584,C00830,2025-08-27,Delivered,4.99
O001585,C00761,2025-07-02,Returned,7.99
O001586,C00576,2025-12-19,Shipped,4.99
O001587,C00619,2024-11-23,Delivered,19.99
O001588,C00601,2024-05-10,Delivered,0.0
O001589,C00378,2025-06-17,Delivered,7.99
O001590,C00653,2025-07-30,Shipped,0.0
O001591,C00511,2025-03-12,Delivered,7.99
O001592,C00289,2024-07-13,Delivered,19.99
O001593,C00773,2025-01-04,Shipped,12.99
O001594,C00969,2024-10-14,Delivered,7.99
O001595,C00857,2024-12-06,Delivered,4.99
O001596,C00858,2025-05-26,Delivered,12.99
O001597,C00051,2025-08-12,Delivered,19.99
O001598,C00067,2024-08-01,Delivered,19.99
O001599,C00162,2024-11-28,Delivered,4.99
O001600,C00610,2024-08-29,Delivered,19.99
O001601,C00680,2024-07-07,Delivered,0.0
O001602,C00154,2025-09-13,Shipped,0.0
O001603,C00585,2025-11-29,Delivered,0.0
O001604,C00046,2024-11-15,Delivered,0.0
O001605,C00667,2025-08-16,Delivered,7.99
O001606,C00141,2025-11-25,Shipped,12.99
O001607,C00624,2025-11-07,Shipped,7.99
O001608,C00788,2024-06-25,Delivered,7.99
O001609,C00295,2025-12-16,Delivered,4.99
O001610,C00864,2024-11-17,Shipped,7.99
O001611,C00504,2024-11-04,Delivered,4.99
O001612,C00826,2024-02-27,Delivered,12.99
O001613,C00774,2024-12-26,Cancelled,7.99
O001614,C00175,2024-04-17,Delivered,7.99
O001615,C00863,2024-08-14,Processing,4.99
O001616,C00802,2024-10-19,Cancelled,12.99
O001617,C00769,2025-10-10,Delivered,0.0
O001618,C00289,2025-11-17,Returned,4.99
O001619,C00633,2024-10-03,Shipped,7.99
O001620,C00391,2025-11-11,Delivered,4.99
O001621,C00789,2025-11-11,Delivered,12.99
O001622,C00836,2025-08-26,Delivered,4.99
O001623,C00179,2024-05-27,Delivered,4.99
O001624,C00284,2025-07-01,Shipped,12.99
O001625,C00748,2025-12-12,Delivered,4.99
O001626,C00967,2025-06-25,Delivered,4.99
O001627,C00873,2024-11-01,Delivered,4.99
O001628,C00355,2025-01-01,Cancelled,0.0
O001629,C00141,2025-05-26,Delivered,7.99
O001630,C00345,2025-01-09,Delivered,0.0
O001631,C00643,2024-04-28,Delivered,12.99
O001632,C00838,2024-10-13,Delivered,7.99
O001633,C00353,2025-10-04,Delivered,0.0
O001634,C00719,2025-11-12,Delivered,7.99
O001635,C00393,2024-05-17,Delivered,7.99
O001636,C00557,2025-12-15,Delivered,0.0
O001637,C00235,2024-10-31,Returned,0.0
O001638,C00412,2025-06-09,Delivered,4.99
O001639,C00430,2025-08-17,Delivered,7.99
O001640,C00489,2025-10-14,Delivered,7.99
O001641,C00143,2025-12-12,Delivered,4.99
O001642,C00400,2024-10-14,Delivered,7.99
O001643,C00741,2025-11-11,Delivered,7.99
O001644,C00636,2024-05-11,Delivered,7.99
O001645,C00581,2025-07-12,Delivered,7.99
O001646,C00383,2025-08-09,Delivered,4.99
O001647,C00997,2025-06-21,Shipped,12.99
O001648,C00531,2024-08-17,Delivered,7.99
O001649,C00645,2025-11-16,Delivered,12.99
O001650,C00144,2024-06-14,Delivered,4.99
O001651,C00733,2024-02-17,Delivered,0.0
O001652,C00738,2025-07-21,Delivered,4.99
O001653,C00361,2024-12-23,Delivered,4.99
O001654,C00714,2025-11-08,Delivered,7.99
O001655,C00828,2024-11-20,Delivered,4.99
O001656,C00531,2024-06-14,Delivered,12.99
O001657,C00175,2025-11-03,Returned,7.99
O001658,C00127,2025-02-12,Delivered,7.99
O001659,C00918,2024-06-30,Delivered,0.0
O001660,C00885,2025-07-24,Shipped,19.99
O001661,C00188,2025-01-09,Delivered,12.99
O001662,C00269,2025-04-12,Delivered,7.99
O001663,C00401,2024-12-17,Delivered,4.99
O001664,C00955,2025-11-01,Delivered,4.99
O001665,C00093,2025-11-01,Delivered,0.0
O001666,C00114,2025-07-15,Shipped,4.99
O001667,C00835,2024-04-13,Delivered,0.0
O001668,C00307,2025-11-04,Delivered,7.99
O001669,C00284,2025-06-16,Delivered,7.99
O001670,C00885,2025-07-06,Shipped,4.99
O001671,C00430,2024-11-13,Delivered,4.99
O001672,C00573,2025-11-19,Delivered,12.99
O001673,C00976,2025-07-27,Delivered,0.0
O001674,C00957,2024-04-20,Delivered,7.99
O001675,C00847,2024-11-29,Delivered,0.0
O001676,C00715,2025-11-21,Delivered,0.0
O001677,C00500,2024-02-11,Returned,0.0
O001678,C00559,2025-12-18,Delivered,7.99
O001679,C00321,2025-06-22,Delivered,4.99
O001680,C00135,2025-05-11,Delivered,12.99
O001681,C00883,2024-08-31,Delivered,4.99
O001682,C00684,2024-08-14,Delivered,0.0
O001683,C00185,2025-12-11,Delivered,7.99
O001684,C00455,2024-09-29,Shipped,0.0
O001685,C00839,2025-09-05,Delivered,7.99
O001686,C00572,2024-11-23,Delivered,0.0
O001687,C00321,2024-05-19,Delivered,4.99
O001688,C00387,2024-01-09,Delivered,7.99
O001689,C00654,2025-02-07,Delivered,19.99
O001690,C00326,2025-12-23,Shipped,4.99
O001691,C00143,2024-11-15,Returned,12.99
O001692,C00581,2024-11-11,Delivered,0.0
O001693,C00477,2024-11-06,Delivered,12.99
O001694,C00667,2025-01-17,Cancelled,7.99
O001695,C00613,2024-12-10,Delivered,0.0
O001696,C00001,2025-11-19,Delivered,4.99
O001697,C00046,2025-01-05,Delivered,0.0
O001698,C00920,2025-01-06,Shipped,4.99
O001699,C00416,2024-05-18,Delivered,0.0
O001700,C00566,2025-12-25,Shipped,7.99
O001701,C00634,2024-08-15,Shipped,19.99
O001702,C00428,2024-03-09,Delivered,0.0
O001703,C00819,2025-06-10,Delivered,4.99
O001704,C00593,2025-04-02,Shipped,7.99
O001705,C00138,2024-12-01,Delivered,12.99
O001706,C00421,2024-12-04,Delivered,4.99
O001707,C00911,2025-09-15,Delivered,4.99
O001708,C00042,2024-07-04,Delivered,4.99
O001709,C00848,2025-10-23,Delivered,0.0
O001710,C00218,2025-05-29,Delivered,0.0
O001711,C00909,2024-12-03,Delivered,4.99
O001712,C00860,2024-12-16,Cancelled,0.0
O001713,C00287,2024-08-20,Delivered,7.99
O001714,C00933,2025-08-17,Delivered,4.99
O001715,C00404,2025-01-11,Delivered,4.99
O001716,C00445,2024-10-23,Delivered,0.0
O001717,C00484,2025-04-03,Delivered,19.99
O001718,C00523,2025-12-30,Delivered,12.99
O001719,C00755,2024-12-08,Delivered,0.0
O001720,C00342,2025-12-03,Delivered,4.99
O001721,C00627,2024-11-06,Shipped,7.99
O001722,C00394,2024-02-19,Delivered,0.0
O001723,C00157,2024-07-11,Delivered,4.99
O001724,C00941,2024-12-02,Shipped,0.0
O001725,C00438,2024-07-23,Delivered,12.99
O001726,C00576,2024-01-01,Returned,12.99
O001727,C00898,2025-12-01,Shipped,7.99
O001728,C00817,2025-11-06,Delivered,4.99
O001729,C00755,2025-08-09,Delivered,19.99
O001730,C00927,2024-06-13,Delivered,19.99
O001731,C00164,2024-04-29,Delivered,19.99
O001732,C00364,2024-03-03,Shipped,0.0
O001733,C00004,2025-07-26,Delivered,0.0
O001734,C00460,2025-12-06,Shipped,7.99
O001735,C00249,2024-12-07,Shipped,4.99
O001736,C00719,2024-04-27,Delivered,0.0
O001737,C00984,2025-01-10,Delivered,0.0
O001738,C00308,2024-11-08,Delivered,12.99
O001739,C00087,2024-11-17,Delivered,12.99
O001740,C00379,2025-04-30,Delivered,4.99
O001741,C00345,2025-07-22,Delivered,12.99
O001742,C00621,2024-04-18,Delivered,7.99
O001743,C00569,2024-01-30,Cancelled,12.99
O001744,C00792,2025-12-29,Delivered,4.99
O001745,C00242,2024-08-02,Delivered,0.0
O001746,C00510,2024-02-18,Delivered,4.99
O001747,C00650,2024-06-30,Shipped,4.99
O001748,C00480,2024-02-02,Delivered,7.99
O001749,C00943,2024-11-23,Delivered,0.0
O001750,C00359,2025-10-04,Returned,19.99
O001751,C00507,2024-11-05,Delivered,0.0
O001752,C00954,2024-12-11,Delivered,0.0
O001753,C00405,2025-06-19,Delivered,4.99
O001754,C00982,2025-01-07,Shipped,4.99
O001755,C00557,2025-11-12,Delivered,4.99
O001756,C00296,2025-11-14,Delivered,7.99
O001757,C00778,2024-01-09,Delivered,4.99
O001758,C00982,2025-09-08,Processing,7.99
O001759,C00603,2024-12-17,Delivered,7.99
O001760,C00271,2025-12-28,Delivered,0.0
O001761,C00856,2024-12-25,Returned,7.99
O001762,C00197,2025-12-27,Delivered,12.99
O001763,C00177,2025-08-19,Processing,0.0
O001764,C00739,2024-08-14,Returned,4.99
O001765,C00052,2025-02-01,Cancelled,19.99
O001766,C00842,2025-12-29,Delivered,4.99
O001767,C00798,2025-11-11,Delivered,4.99
O001768,C00873,2024-04-04,Shipped,19.99
O001769,C00040,2025-07-13,Processing,0.0
O001770,C00344,2024-11-06,Delivered,0.0
O001771,C00339,2024-01-06,Shipped,12.99
O001772,C00102,2024-11-27,Delivered,12.99
O001773,C00638,2024-08-03,Delivered,4.99
O001774,C00438,2025-10-21,Delivered,4.99
O001775,C00957,2024-11-03,Shipped,12.99
O001776,C00458,2025-10-30,Delivered,7.99
O001777,C00796,2024-01-01,Delivered,0.0
O001778,C00334,2024-10-09,Processing,0.0
O001779,C00496,2024-08-08,Delivered,4.99
O001780,C00564,2024-08-02,Delivered,12.99
O001781,C00546,2024-03-04,Delivered,12.99
O001782,C00193,2024-06-28,Delivered,19.99
O001783,C00567,2025-02-19,Delivered,12.99
O001784,C00264,2024-09-21,Returned,7.99
O001785,C00211,2024-12-02,Delivered,4.99
O001786,C00908,2024-11-18,Shipped,7.99
O001787,C00071,2025-11-17,Delivered,7.99
O001788,C00173,2025-11-28,Delivered,4.99
O001789,C00796,2024-12-29,Delivered,0.0
O001790,C00042,2024-11-01,Delivered,19.99
O001791,C00544,2024-04-14,Delivered,4.99
O001792,C00761,2025-12-15,Delivered,4.99
O001793,C00794,2024-02-24,Delivered,7.99
O001794,C00266,2024-09-28,Delivered,7.99
O001795,C00022,2024-09-28,Delivered,0.0
O001796,C00909,2024-10-22,Delivered,12.99
O001797,C00172,2024-06-11,Returned,0.0
O001798,C00275,2025-09-13,Delivered,0.0
O001799,C00009,2024-05-01,Delivered,4.99
O001800,C00701,2025-05-15,Returned,7.99
O001801,C00911,2024-05-02,Shipped,19.99
O001802,C00905,2024-03-06,Delivered,12.99
O001803,C00594,2025-11-29,Delivered,19.99
O001804,C00519,2024-06-30,Delivered,0.0
O001805,C00396,2025-10-24,Delivered,0.0
O001806,C00364,2025-02-07,Shipped,7.99
O001807,C00811,2024-03-14,Shipped,0.0
O001808,C00767,2025-12-16,Delivered,12.99
O001809,C00055,2024-08-13,Processing,7.99
O001810,C00059,2025-11-12,Delivered,19.99
O001811,C00343,2024-06-14,Delivered,0.0
O001812,C00480,2025-11-10,Shipped,4.99
O001813,C00213,2024-01-11,Delivered,4.99
O001814,C00813,2025-01-10,Shipped,0.0
O001815,C00851,2025-08-30,Returned,7.99
O001816,C00685,2025-12-08,Delivered,4.99
O001817,C00251,2025-11-29,Delivered,4.99
O001818,C00685,2025-10-22,Delivered,4.99
O001819,C00806,2025-11-22,Delivered,0.0
O001820,C00743,2024-07-07,Delivered,4.99
O001821,C00103,2024-09-14,Delivered,4.99
O001822,C00440,2024-09-19,Shipped,0.0
O001823,C00055,2024-11-18,Delivered,4.99
O001824,C00873,2024-11-23,Delivered,0.0
O001825,C00191,2025-02-07,Delivered,4.99
O001826,C00337,2024-06-07,Shipped,0.0
O001827,C00970,2025-07-01,Delivered,4.99
O001828,C00525,2024-06-13,Delivered,7.99
O001829,C00718,2024-10-12,Shipped,7.99
O001830,C00402,2025-01-03,Delivered,12.99
O001831,C00929,2025-09-27,Delivered,4.99
O001832,C00576,2025-08-07,Cancelled,4.99
O001833,C00375,2025-05-26,Delivered,12.99
O001834,C00531,2024-06-04,Processing,4.99
O001835,C00458,2025-02-10,Delivered,7.99
O001836,C00799,2024-03-25,Delivered,4.99
O001837,C00532,2024-11-18,Cancelled,4.99
O001838,C00615,2024-12-01,Delivered,7.99
O001839,C00574,2024-02-03,Shipped,0.0
O001840,C00951,2024-09-03,Shipped,4.99
O001841,C00791,2025-12-16,Cancelled,0.0
O001842,C00535,2025-12-15,Processing,4.99
O001843,C00139,2024-11-09,Delivered,0.0
O001844,C00957,2024-02-06,Delivered,7.99
O001845,C00259,2024-06-22,Delivered,7.99
O001846,C00241,2024-11-23,Delivered,7.99
O001847,C00536,2025-12-13,Cancelled,4.99
O001848,C00126,2024-05-21,Delivered,19.99
O001849,C00073,2025-08-26,Delivered,7.99
O001850,C00006,2024-04-16,Delivered,4.99
O001851,C00248,2025-12-25,Delivered,12.99
O001852,C00302,2024-11-19,Processing,7.99
O001853,C00050,2025-09-05,Delivered,7.99
O001854,C00026,2024-11-05,Delivered,0.0
O001855,C00160,2025-05-07,Cancelled,4.99
O001856,C00154,2024-07-02,Delivered,12.99
O001857,C00130,2024-05-26,Delivered,4.99
O001858,C00267,2025-12-09,Delivered,7.99
O001859,C00819,2025-12-02,Delivered,7.99
O001860,C00132,2025-11-21,Delivered,12.99
O001861,C00717,2025-05-05,Cancelled,0.0
O001862,C00076,2025-10-10,Delivered,7.99
O001863,C00195,2024-03-05,Returned,0.0
O001864,C00368,2024-11-03,Shipped,7.99
O001865,C00559,2024-10-15,Delivered,7.99
O001866,C00660,2025-05-15,Delivered,0.0
O001867,C00189,2024-11-10,Delivered,7.99
O001868,C00929,2024-05-29,Delivered,4.99
O001869,C00337,2025-04-04,Cancelled,0.0
O001870,C00028,2025-10-16,Delivered,4.99
O001871,C00037,2024-11-19,Delivered,0.0
O001872,C00754,2024-05-11,Delivered,4.99
O001873,C00185,2024-07-05,Delivered,4.99
O001874,C00944,2024-08-05,Delivered,7.99
O001875,C00839,2024-09-30,Delivered,7.99
O001876,C00654,2025-05-23,Delivered,7.99
O001877,C00406,2025-04-08,Delivered,0.0
O001878,C00129,2025-07-05,Delivered,19.99
O001879,C00862,2024-11-12,Shipped,7.99
O001880,C00013,2025-10-27,Delivered,0.0
O001881,C00977,2024-07-11,Delivered,12.99
O001882,C00548,2024-12-20,Delivered,0.0
O001883,C00934,2025-10-02,Delivered,7.99
O001884,C00678,2024-06-23,Returned,4.99
O001885,C00437,2024-04-17,Delivered,4.99
O001886,C00600,2025-11-20,Delivered,12.99
O001887,C00102,2024-11-05,Cancelled,4.99
O001888,C00290,2025-06-26,Shipped,0.0
O001889,C00570,2024-01-21,Delivered,19.99
O001890,C00598,2025-07-01,Delivered,19.99
O001891,C00405,2024-10-18,Delivered,7.99
O001892,C00412,2024-02-20,Delivered,4.99
O001893,C00286,2025-04-18,Shipped,0.0
O001894,C00877,2024-08-08,Delivered,7.99
O001895,C00108,2024-11-21,Shipped,0.0
O001896,C00430,2024-03-17,Delivered,0.0
O001897,C00018,2024-05-27,Delivered,4.99
O001898,C00933,2024-09-28,Delivered,0.0
O001899,C00228,2024-03-27,Shipped,0.0
O001900,C00064,2025-11-30,Delivered,4.99
O001901,C00922,2024-01-05,Delivered,0.0
O001902,C00077,2024-12-26,Delivered,0.0
O001903,C00783,2024-05-02,Delivered,0.0
O001904,C00669,2024-10-09,Delivered,0.0
O001905,C00483,2025-12-05,Cancelled,7.99
O001906,C00724,2024-06-09,Delivered,12.99
O001907,C00743,2025-12-19,Cancelled,4.99
O001908,C00037,2024-07-12,Delivered,4.99
O001909,C00318,2025-08-09,Delivered,0.0
O001910,C00717,2025-02-10,Delivered,0.0
O001911,C00779,2025-11-20,Delivered,0.0
O001912,C00549,2025-02-17,Cancelled,4.99
O001913,C00647,2025-01-28,Delivered,7.99
O001914,C00917,2024-07-04,Delivered,7.99
O001915,C00790,2024-06-12,Delivered,4.99
O001916,C00842,2025-12-02,Returned,0.0
O001917,C00491,2024-10-30,Delivered,7.99
O001918,C00625,2024-11-16,Delivered,4.99
O001919,C00943,2025-08-23,Delivered,7.99
O001920,C00907,2024-11-04,Delivered,4.99
O001921,C00269,2025-12-14,Delivered,7.99
O001922,C00089,2025-08-06,Cancelled,12.99
O001923,C00559,2025-04-05,Delivered,19.99
O001924,C00828,2025-11-19,Delivered,4.99
O001925,C00031,2024-02-13,Delivered,4.99
O001926,C00110,2024-08-20,Delivered,0.0
O001927,C00177,2024-12-19,Delivered,19.99
O001928,C00378,2024-07-28,Processing,4.99
O001929,C00526,2025-08-11,Shipped,0.0
O001930,C00822,2025-12-03,Cancelled,4.99
O001931,C00917,2024-12-04,Shipped,0.0
O001932,C00895,2024-11-05,Delivered,4.99
O001933,C00141,2025-12-18,Delivered,7.99
O001934,C00067,2024-12-12,Delivered,4.99
O001935,C00733,2024-12-27,Delivered,0.0
O001936,C00808,2024-11-09,Delivered,19.99
O001937,C00948,2025-11-29,Delivered,7.99
O001938,C00885,2025-03-05,Delivered,12.99
O001939,C00665,2025-08-24,Cancelled,4.99
O001940,C00088,2025-10-14,Shipped,7.99
O001941,C00806,2024-11-05,Returned,4.99
O001942,C00289,2024-12-08,Delivered,0.0
O001943,C00429,2025-11-08,Delivered,0.0
O001944,C00975,2024-11-13,Delivered,4.99
O001945,C00808,2025-09-25,Delivered,0.0
O001946,C00325,2025-12-11,Delivered,19.99
O001947,C00073,2025-05-02,Delivered,0.0
O001948,C00511,2025-08-09,Delivered,4.99
O001949,C00677,2025-10-06,Delivered,4.99
O001950,C00430,2025-11-06,Delivered,4.99
O001951,C00800,2024-11-24,Delivered,7.99
O001952,C00066,2024-02-15,Delivered,0.0
O001953,C00802,2024-11-26,Delivered,7.99
O001954,C00721,2025-06-18,Delivered,4.99
O001955,C00397,2024-12-14,Delivered,7.99
O001956,C00936,2025-08-14,Delivered,7.99
O001957,C00055,2024-11-10,Shipped,12.99
O001958,C00221,2025-05-14,Shipped,12.99
O001959,C00882,2024-06-27,Delivered,7.99
O001960,C00035,2025-08-15,Delivered,4.99
O001961,C00966,2025-02-08,Delivered,4.99
O001962,C00207,2024-07-11,Delivered,7.99
O001963,C00860,2024-09-22,Delivered,12.99
O001964,C00616,2025-08-14,Delivered,0.0
O001965,C00793,2024-12-25,Delivered,4.99
O001966,C00900,2024-07-20,Delivered,7.99
O001967,C00352,2025-12-20,Delivered,4.99
O001968,C00878,2025-07-20,Delivered,4.99
O001969,C00386,2025-12-16,Shipped,4.99
O001970,C00700,2024-12-05,Delivered,7.99
O001971,C00429,2024-12-22,Delivered,19.99
O001972,C00196,2025-11-25,Processing,4.99
O001973,C00261,2025-01-21,Returned,0.0
O001974,C00051,2025-07-14,Delivered,0.0
O001975,C00438,2024-08-17,Delivered,0.0
O001976,C00438,2024-12-12,Delivered,7.99
O001977,C00909,2024-05-02,Delivered,4.99
O001978,C00228,2024-07-12,Shipped,0.0
O001979,C00837,2024-01-01,Returned,7.99
O001980,C00368,2024-02-02,Delivered,7.99
O001981,C00786,2025-12-23,Delivered,0.0
O001982,C00153,2024-08-09,Delivered,4.99
O001983,C00273,2025-06-10,Delivered,19.99
O001984,C00893,2025-11-04,Cancelled,4.99
O001985,C00931,2025-02-14,Cancelled,7.99
O001986,C00969,2024-06-02,Delivered,4.99
O001987,C00885,2025-07-30,Delivered,7.99
O001988,C00487,2025-04-08,Delivered,7.99
O001989,C00740,2025-08-01,Delivered,7.99
O001990,C00986,2025-08-30,Shipped,12.99
O001991,C00101,2025-12-23,Delivered,19.99
O001992,C00713,2025-03-10,Delivered,7.99
O001993,C00913,2024-11-05,Delivered,0.0
O001994,C00767,2025-05-29,Shipped,4.99
O001995,C00417,2024-03-04,Delivered,7.99
O001996,C00452,2025-11-25,Cancelled,7.99
O001997,C00341,2024-04-28,Cancelled,0.0
O001998,C00917,2024-10-30,Returned,0.0
O001999,C00336,2025-10-18,Delivered,7.99
O002000,C00148,2025-04-05,Delivered,0.0
O002001,C00502,2024-11-23,Delivered,4.99
O002002,C00535,2024-12-22,Delivered,7.99
O002003,C00258,2025-11-10,Delivered,7.99
O002004,C00059,2024-11-04,Delivered,0.0
O002005,C00712,2025-11-15,Delivered,0.0
O002006,C00741,2024-03-25,Cancelled,0.0
O002007,C00850,2025-09-06,Delivered,0.0
O002008,C00199,2025-11-07,Delivered,7.99
O002009,C00172,2024-06-24,Shipped,4.99
O002010,C00970,2024-12-07,Shipped,0.0
O002011,C00851,2024-06-11,Cancelled,0.0
O002012,C00525,2025-07-13,Shipped,0.0
O002013,C00784,2025-01-29,Returned,19.99
O002014,C00177,2025-05-15,Delivered,4.99
O002015,C00607,2024-07-05,Delivered,12.99
O002016,C00631,2024-07-17,Delivered,12.99
O002017,C00107,2024-02-04,Delivered,4.99
O002018,C00867,2024-10-24,Delivered,7.99
O002019,C00307,2025-02-23,Delivered,0.0
O002020,C00069,2025-11-11,Delivered,7.99
O002021,C00651,2025-06-13,Delivered,0.0
O002022,C00556,2024-12-08,Delivered,12.99
O002023,C00807,2025-12-15,Cancelled,0.0
O002024,C00511,2025-07-23,Delivered,7.99
O002025,C00046,2025-12-07,Shipped,0.0
O002026,C00963,2025-01-23,Delivered,12.99
O002027,C00469,2024-08-22,Cancelled,4.99
O002028,C00130,2024-02-17,Cancelled,7.99
O002029,C00864,2025-07-28,Delivered,4.99
O002030,C00078,2024-04-30,Delivered,4.99
O002031,C00973,2024-10-04,Delivered,7.99
O002032,C00629,2025-01-27,Processing,19.99
O002033,C00978,2025-02-28,Cancelled,0.0
O002034,C00650,2025-04-08,Cancelled,12.99
O002035,C00910,2024-06-12,Delivered,7.99
O002036,C00148,2024-11-19,Delivered,12.99
O002037,C00080,2025-04-26,Cancelled,4.99
O002038,C00749,2025-12-21,Delivered,4.99
O002039,C00332,2025-07-29,Delivered,12.99
O002040,C00423,2025-12-04,Delivered,4.99
O002041,C00609,2025-08-25,Returned,4.99
O002042,C00861,2025-03-30,Delivered,0.0
O002043,C00561,2024-07-02,Delivered,0.0
O002044,C00275,2025-06-13,Delivered,7.99
O002045,C00424,2025-05-02,Shipped,7.99
O002046,C00585,2025-04-10,Delivered,7.99
O002047,C00650,2024-12-28,Delivered,0.0
O002048,C00423,2025-01-24,Delivered,4.99
O002049,C00544,2024-11-02,Shipped,4.99
O002050,C00260,2025-01-16,Processing,4.99
O002051,C00386,2024-07-06,Shipped,12.99
O002052,C00296,2025-10-07,Delivered,7.99
O002053,C00289,2024-06-27,Cancelled,0.0
O002054,C00644,2024-03-22,Delivered,12.99
O002055,C00692,2024-12-09,Delivered,4.99
O002056,C00876,2025-06-06,Delivered,7.99
O002057,C00363,2024-12-09,Delivered,0.0
O002058,C00090,2024-09-06,Shipped,7.99
O002059,C00861,2025-02-22,Delivered,0.0
O002060,C00584,2024-11-07,Delivered,4.99
O002061,C00502,2025-12-08,Delivered,0.0
O002062,C00970,2025-12-04,Delivered,0.0
O002063,C00371,2025-01-02,Delivered,0.0
O002064,C00815,2024-10-30,Delivered,0.0
O002065,C00015,2025-08-05,Delivered,0.0
O002066,C00788,2024-01-31,Delivered,7.99
O002067,C00715,2024-12-22,Delivered,0.0
O002068,C00662,2024-11-03,Shipped,7.99
O002069,C00400,2025-12-03,Delivered,0.0
O002070,C00305,2024-01-10,Cancelled,19.99
O002071,C00335,2025-02-16,Returned,19.99
O002072,C00700,2025-08-08,Shipped,0.0
O002073,C00782,2024-12-26,Delivered,7.99
O002074,C00050,2024-03-22,Delivered,0.0
O002075,C00454,2025-12-22,Processing,19.99
O002076,C00059,2025-01-15,Delivered,4.99
O002077,C00302,2025-04-23,Delivered,0.0
O002078,C00907,2024-08-05,Delivered,4.99
O002079,C00827,2024-12-25,Delivered,0.0
O002080,C00234,2024-12-06,Processing,4.99
O002081,C00553,2024-03-11,Delivered,7.99
O002082,C00277,2024-04-13,Delivered,4.99
O002083,C00337,2025-11-04,Delivered,4.99
O002084,C00875,2024-08-07,Delivered,0.0
O002085,C00560,2024-07-04,Delivered,0.0
O002086,C00682,2025-01-04,Delivered,0.0
O002087,C00291,2025-08-30,Delivered,12.99
O002088,C00545,2024-02-26,Delivered,0.0
O002089,C00674,2025-03-14,Shipped,7.99
O002090,C00773,2024-04-27,Delivered,4.99
O002091,C00357,2024-01-30,Delivered,0.0
O002092,C00570,2024-02-16,Delivered,7.99
O002093,C00803,2025-11-03,Delivered,4.99
O002094,C00229,2024-04-26,Cancelled,4.99
O002095,C00530,2024-02-08,Shipped,7.99
O002096,C00701,2024-12-09,Delivered,4.99
O002097,C00358,2025-11-06,Delivered,4.99
O002098,C00477,2024-08-24,Shipped,7.99
O002099,C00210,2024-12-03,Delivered,7.99
O002100,C00250,2024-02-03,Delivered,0.0
O002101,C00213,2024-12-13,Processing,4.99
O002102,C00936,2025-03-15,Delivered,0.0
O002103,C00423,2025-03-07,Processing,0.0
O002104,C00072,2024-11-02,Delivered,7.99
O002105,C00790,2024-10-17,Delivered,12.99
O002106,C00854,2024-04-14,Delivered,12.99
O002107,C00635,2024-11-14,Delivered,0.0
O002108,C00168,2024-04-06,Delivered,4.99
O002109,C00928,2025-08-28,Delivered,7.99
O002110,C00583,2025-12-20,Delivered,0.0
O002111,C00877,2025-12-21,Delivered,7.99
O002112,C00858,2025-11-14,Delivered,7.99
O002113,C00235,2025-04-08,Delivered,12.99
O002114,C00477,2025-07-09,Delivered,0.0
O002115,C00835,2024-09-15,Delivered,0.0
O002116,C00968,2025-05-10,Delivered,12.99
O002117,C00297,2024-12-16,Delivered,7.99
O002118,C00206,2024-12-25,Delivered,12.99
O002119,C00419,2025-08-21,Delivered,0.0
O002120,C00569,2024-09-11,Shipped,7.99
O002121,C00656,2024-10-20,Delivered,7.99
O002122,C00870,2025-12-05,Delivered,0.0
O002123,C00913,2024-02-20,Cancelled,4.99
O002124,C00329,2024-12-26,Delivered,7.99
O002125,C00614,2025-11-30,Delivered,0.0
O002126,C00246,2025-04-18,Shipped,0.0
O002127,C00503,2025-02-09,Delivered,7.99
O002128,C00153,2024-08-15,Cancelled,4.99
O002129,C00050,2024-11-06,Delivered,12.99
O002130,C00465,2025-11-09,Delivered,4.99
O002131,C00890,2025-02-23,Processing,0.0
O002132,C00748,2025-01-12,Delivered,19.99
O002133,C00172,2024-04-06,Delivered,12.99
O002134,C00418,2024-01-14,Delivered,0.0
O002135,C00768,2025-12-19,Delivered,7.99
O002136,C00039,2024-11-18,Delivered,0.0
O002137,C00530,2025-04-11,Delivered,0.0
O002138,C00977,2024-03-16,Delivered,0.0
O002139,C00757,2025-06-25,Delivered,0.0
O002140,C00126,2025-12-08,Delivered,12.99
O002141,C00344,2025-03-12,Delivered,7.99
O002142,C00370,2024-05-05,Delivered,19.99
O002143,C00492,2025-03-19,Returned,7.99
O002144,C00736,2025-08-28,Delivered,4.99
O002145,C00895,2024-11-28,Delivered,7.99
O002146,C00300,2025-11-19,Shipped,19.99
O002147,C00339,2025-05-29,Shipped,7.99
O002148,C00718,2025-11-26,Delivered,7.99
O002149,C00353,2025-05-03,Cancelled,19.99
O002150,C00659,2024-05-10,Delivered,0.0
O002151,C00789,2024-10-11,Cancelled,7.99
O002152,C00933,2024-07-09,Delivered,12.99
O002153,C00390,2025-11-29,Delivered,19.99
O002154,C00095,2025-08-23,Delivered,0.0
O002155,C00876,2025-06-20,Shipped,4.99
O002156,C00772,2024-10-02,Delivered,7.99
O002157,C00022,2024-06-26,Delivered,0.0
O002158,C00496,2025-08-20,Delivered,7.99
O002159,C00702,2024-12-22,Cancelled,0.0
O002160,C00438,2024-07-27,Shipped,4.99
O002161,C00654,2025-04-25,Delivered,4.99
O002162,C00623,2024-02-03,Delivered,4.99
O002163,C00624,2024-10-28,Delivered,4.99
O002164,C00355,2024-12-20,Delivered,4.99
O002165,C00157,2024-05-28,Cancelled,0.0
O002166,C00443,2025-12-26,Delivered,0.0
O002167,C00790,2024-07-15,Delivered,0.0
O002168,C00857,2024-05-09,Delivered,0.0
O002169,C00673,2024-07-10,Delivered,7.99
O002170,C00647,2025-08-30,Delivered,7.99
O002171,C00716,2024-12-05,Delivered,0.0
O002172,C00816,2025-03-02,Delivered,0.0
O002173,C00671,2024-01-18,Delivered,7.99
O002174,C00767,2024-01-29,Delivered,4.99
O002175,C00526,2024-12-12,Delivered,19.99
O002176,C00309,2025-10-19,Delivered,7.99
O002177,C00313,2025-11-21,Shipped,4.99
O002178,C00622,2024-03-24,Delivered,0.0
O002179,C00385,2025-02-01,Delivered,4.99
O002180,C00202,2025-12-01,Shipped,0.0
O002181,C00422,2024-11-21,Delivered,0.0
O002182,C00817,2025-11-01,Delivered,0.0
O002183,C00688,2024-05-13,Delivered,7.99
O002184,C00129,2025-12-09,Delivered,4.99
O002185,C00745,2025-08-16,Delivered,0.0
O002186,C00264,2025-12-11,Delivered,7.99
O002187,C00632,2025-06-20,Cancelled,4.99
O002188,C00652,2024-11-13,Cancelled,4.99
O002189,C00168,2025-12-10,Delivered,0.0
O002190,C00420,2024-09-04,Delivered,7.99
O002191,C00742,2024-11-02,Delivered,19.99
O002192,C00097,2025-07-09,Delivered,0.0
O002193,C00423,2025-08-27,Delivered,0.0
O002194,C00066,2025-12-06,Cancelled,0.0
O002195,C00013,2024-07-11,Delivered,0.0
O002196,C00562,2025-09-29,Returned,4.99
O002197,C00835,2025-08-06,Delivered,12.99
O002198,C00162,2024-02-28,Shipped,12.99
O002199,C00878,2024-11-21,Delivered,0.0
O002200,C00062,2024-09-12,Delivered,4.99
O002201,C00234,2024-10-05,Delivered,7.99
O002202,C00119,2025-12-25,Delivered,4.99
O002203,C00070,2025-05-23,Delivered,4.99
O002204,C00156,2025-07-22,Delivered,0.0
O002205,C00876,2025-12-23,Delivered,4.99
O002206,C00137,2024-11-18,Delivered,4.99
O002207,C00552,2025-10-03,Shipped,7.99
O002208,C00832,2024-12-08,Delivered,7.99
O002209,C00310,2025-11-15,Delivered,0.0
O002210,C00275,2024-06-23,Delivered,0.0
O002211,C00424,2025-12-13,Processing,12.99
O002212,C00854,2024-07-22,Delivered,4.99
O002213,C00424,2024-10-29,Delivered,12.99
O002214,C00105,2025-08-20,Delivered,0.0
O002215,C00164,2024-11-24,Cancelled,4.99
O002216,C00848,2025-04-16,Shipped,4.99
O002217,C00156,2024-12-12,Delivered,12.99
O002218,C00912,2025-08-09,Delivered,0.0
O002219,C00811,2024-07-29,Delivered,0.0
O002220,C00157,2024-02-23,Delivered,4.99
O002221,C00459,2024-09-30,Delivered,12.99
O002222,C00545,2024-12-22,Shipped,19.99
O002223,C00281,2024-06-13,Returned,19.99
O002224,C00638,2024-11-10,Delivered,19.99
O002225,C00265,2024-11-26,Delivered,0.0
O002226,C00864,2024-02-21,Delivered,0.0
O002227,C00339,2025-03-21,Delivered,0.0
O002228,C00009,2025-11-20,Shipped,4.99
O002229,C00730,2024-06-01,Delivered,12.99
O002230,C00164,2025-04-05,Delivered,12.99
O002231,C00501,2025-06-11,Delivered,0.0
O002232,C00732,2024-12-03,Delivered,7.99
O002233,C00533,2025-07-09,Cancelled,12.99
O002234,C00452,2024-11-30,Delivered,4.99
O002235,C00862,2025-01-04,Shipped,0.0
O002236,C00180,2024-01-07,Delivered,4.99
O002237,C00118,2025-07-02,Shipped,4.99
O002238,C00652,2025-06-09,Delivered,7.99
O002239,C00676,2024-02-01,Shipped,4.99
O002240,C00721,2024-11-14,Delivered,0.0
O002241,C00530,2025-12-24,Delivered,19.99
O002242,C00332,2024-12-03,Delivered,4.99
O002243,C00773,2025-01-02,Delivered,4.99
O002244,C00552,2025-11-29,Delivered,19.99
O002245,C00064,2025-07-21,Delivered,0.0
O002246,C00183,2025-03-19,Returned,0.0
O002247,C00238,2025-09-29,Delivered,12.99
O002248,C00248,2025-11-13,Shipped,0.0
O002249,C00752,2024-12-16,Processing,7.99
O002250,C00574,2024-12-22,Delivered,0.0
O002251,C00325,2024-11-21,Delivered,0.0
O002252,C00979,2025-12-20,Delivered,4.99
O002253,C00535,2025-07-06,Delivered,0.0
O002254,C00457,2024-03-20,Delivered,7.99
O002255,C00448,2025-11-13,Returned,7.99
O002256,C00821,2024-12-24,Delivered,19.99
O002257,C00163,2024-03-05,Delivered,7.99
O002258,C00178,2025-02-13,Delivered,0.0
O002259,C00145,2024-12-02,Cancelled,12.99
O002260,C00201,2025-11-18,Delivered,7.99
O002261,C00152,2024-07-11,Delivered,7.99
O002262,C00648,2025-10-29,Delivered,12.99
O002263,C00327,2025-02-21,Delivered,7.99
O002264,C00173,2024-02-18,Returned,4.99
O002265,C00208,2025-12-21,Shipped,7.99
O002266,C00245,2025-01-10,Delivered,0.0
O002267,C00890,2024-09-21,Delivered,0.0
O002268,C00712,2024-12-20,Delivered,7.99
O002269,C00856,2025-11-11,Delivered,0.0
O002270,C00467,2024-10-06,Delivered,0.0
O002271,C00312,2024-07-02,Delivered,0.0
O002272,C00806,2024-05-08,Delivered,7.99
O002273,C00434,2024-09-28,Processing,4.99
O002274,C00277,2025-09-10,Delivered,7.99
O002275,C00844,2024-12-21,Returned,4.99
O002276,C00093,2024-07-29,Delivered,4.99
O002277,C00398,2024-06-12,Delivered,4.99
O002278,C00118,2024-11-02,Shipped,7.99
O002279,C00464,2025-12-10,Delivered,4.99
O002280,C00404,2024-11-05,Delivered,19.99
O002281,C00322,2025-12-27,Delivered,19.99
O002282,C00773,2024-12-26,Delivered,12.99
O002283,C00763,2024-06-22,Returned,19.99
O002284,C00043,2025-11-23,Shipped,4.99
O002285,C00861,2024-12-17,Delivered,4.99
O002286,C00966,2025-07-15,Delivered,7.99
O002287,C00781,2025-12-26,Delivered,7.99
O002288,C00254,2024-02-14,Delivered,12.99
O002289,C00334,2024-04-03,Delivered,7.99
O002290,C00480,2025-07-24,Delivered,19.99
O002291,C00687,2024-09-11,Delivered,4.99
O002292,C00456,2024-06-26,Delivered,12.99
O002293,C00524,2024-02-02,Delivered,7.99
O002294,C00832,2024-01-18,Delivered,7.99
O002295,C00274,2025-09-04,Delivered,4.99
O002296,C00862,2024-05-14,Processing,7.99
O002297,C00211,2024-12-20,Cancelled,12.99
O002298,C00610,2025-04-14,Delivered,0.0
O002299,C00965,2024-12-06,Delivered,7.99
O002300,C00726,2024-01-23,Cancelled,4.99
O002301,C00173,2025-09-13,Cancelled,19.99
O002302,C00814,2024-01-09,Shipped,4.99
O002303,C00022,2025-08-24,Delivered,0.0
O002304,C00158,2025-11-24,Processing,4.99
O002305,C00712,2024-12-07,Delivered,7.99
O002306,C00883,2025-01-29,Shipped,0.0
O002307,C00310,2024-12-23,Cancelled,7.99
O002308,C00597,2024-11-22,Delivered,19.99
O002309,C00907,2025-11-21,Cancelled,12.99
O002310,C00549,2025-11-24,Delivered,0.0
O002311,C00297,2024-11-03,Processing,19.99
O002312,C00711,2025-04-24,Delivered,7.99
O002313,C00060,2025-12-05,Returned,0.0
O002314,C00402,2025-12-18,Delivered,0.0
O002315,C00601,2025-01-07,Delivered,0.0
O002316,C00277,2024-12-15,Delivered,12.99
O002317,C00732,2024-09-08,Delivered,0.0
O002318,C00450,2025-12-17,Delivered,0.0
O002319,C00750,2024-05-23,Delivered,7.99
O002320,C00008,2025-03-17,Delivered,7.99
O002321,C00758,2024-09-12,Delivered,7.99
O002322,C00810,2024-09-08,Delivered,7.99
O002323,C00862,2024-11-28,Returned,0.0
O002324,C00432,2025-12-31,Delivered,12.99
O002325,C00707,2024-02-19,Delivered,0.0
O002326,C00492,2025-03-16,Delivered,7.99
O002327,C00605,2024-03-19,Delivered,7.99
O002328,C00746,2024-06-03,Delivered,0.0
O002329,C00656,2024-12-10,Delivered,19.99
O002330,C00862,2025-01-09,Cancelled,4.99
O002331,C00919,2024-08-22,Delivered,0.0
O002332,C00472,2024-10-18,Delivered,19.99
O002333,C00697,2024-03-24,Delivered,7.99
O002334,C00208,2024-10-04,Delivered,7.99
O002335,C00739,2025-12-20,Delivered,4.99
O002336,C00129,2025-12-12,Shipped,12.99
O002337,C00972,2024-11-03,Delivered,0.0
O002338,C00477,2025-03-07,Delivered,0.0
O002339,C00886,2025-11-29,Delivered,4.99
O002340,C00984,2024-01-06,Cancelled,0.0
O002341,C00166,2025-10-12,Delivered,7.99
O002342,C00327,2025-12-13,Delivered,4.99
O002343,C00696,2024-03-29,Delivered,0.0
O002344,C00970,2024-06-08,Delivered,0.0
O002345,C00680,2025-12-18,Cancelled,7.99
O002346,C00261,2025-01-31,Delivered,12.99
O002347,C00081,2024-01-12,Delivered,4.99
O002348,C00137,2024-08-21,Returned,7.99
O002349,C00211,2024-12-14,Delivered,0.0
O002350,C00815,2025-07-03,Delivered,7.99
O002351,C00031,2025-08-02,Delivered,0.0
O002352,C00156,2025-12-30,Delivered,4.99
O002353,C00296,2024-09-17,Delivered,7.99
O002354,C00008,2025-01-31,Shipped,12.99
O002355,C00577,2025-01-27,Delivered,4.99
O002356,C00003,2024-11-28,Delivered,7.99
O002357,C00730,2024-06-14,Shipped,7.99
O002358,C00299,2025-12-23,Delivered,19.99
O002359,C00140,2025-11-09,Delivered,4.99
O002360,C00513,2024-12-31,Delivered,4.99
O002361,C00918,2025-04-11,Cancelled,12.99
O002362,C00675,2024-07-29,Cancelled,0.0
O002363,C00734,2025-02-06,Returned,0.0
O002364,C00576,2025-07-04,Cancelled,0.0
O002365,C00851,2025-01-13,Delivered,12.99
O002366,C00239,2025-12-28,Delivered,0.0
O002367,C00047,2025-04-20,Shipped,12.99
O002368,C00749,2024-11-15,Delivered,4.99
O002369,C00718,2025-09-01,Delivered,0.0
O002370,C00277,2024-06-15,Delivered,4.99
O002371,C00757,2024-11-20,Delivered,0.0
O002372,C00587,2024-11-07,Cancelled,7.99
O002373,C00576,2024-12-07,Delivered,7.99
O002374,C00652,2025-09-12,Delivered,4.99
O002375,C00501,2024-12-26,Processing,0.0
O002376,C00172,2025-09-25,Delivered,7.99
O002377,C00877,2025-03-13,Delivered,12.99
O002378,C00258,2024-11-05,Delivered,7.99
O002379,C00566,2025-10-12,Shipped,12.99
O002380,C00268,2024-08-06,Shipped,0.0
O002381,C00582,2024-07-26,Shipped,12.99
O002382,C00779,2025-01-04,Delivered,4.99
O002383,C00092,2024-08-23,Delivered,0.0
O002384,C00558,2024-01-08,Cancelled,12.99
O002385,C00616,2025-05-29,Cancelled,19.99
O002386,C00276,2025-01-09,Delivered,7.99
O002387,C00578,2024-12-12,Delivered,0.0
O002388,C00291,2025-12-20,Processing,0.0
O002389,C00904,2025-03-08,Cancelled,4.99
O002390,C00505,2025-11-13,Cancelled,12.99
O002391,C00486,2024-05-19,Cancelled,0.0
O002392,C00250,2025-03-06,Delivered,12.99
O002393,C00819,2025-11-15,Delivered,0.0
O002394,C00474,2025-03-20,Delivered,12.99
O002395,C00029,2025-07-22,Delivered,19.99
O002396,C00189,2024-11-16,Shipped,4.99
O002397,C00847,2024-03-30,Delivered,4.99
O002398,C00659,2024-12-16,Delivered,12.99
O002399,C00906,2024-11-24,Delivered,4.99
O002400,C00223,2025-11-14,Delivered,7.99
O002401,C00873,2024-08-10,Delivered,7.99
O002402,C00909,2025-12-20,Delivered,0.0
O002403,C00336,2025-12-17,Delivered,12.99
O002404,C00917,2024-08-13,Delivered,0.0
O002405,C00472,2024-11-07,Processing,19.99
O002406,C00701,2025-11-24,Delivered,0.0
O002407,C00405,2025-12-20,Delivered,7.99
O002408,C00037,2024-12-11,Delivered,0.0
O002409,C00028,2024-10-23,Delivered,4.99
O002410,C00862,2025-01-22,Delivered,4.99
O002411,C00324,2025-06-29,Shipped,7.99
O002412,C00366,2024-09-02,Shipped,7.99
O002413,C00392,2025-08-05,Delivered,12.99
O002414,C00466,2024-02-15,Delivered,4.99
O002415,C00387,2024-02-13,Returned,7.99
O002416,C00279,2024-11-21,Shipped,7.99
O002417,C00361,2024-11-09,Delivered,0.0
O002418,C00982,2024-10-17,Delivered,4.99
O002419,C00213,2024-12-28,Delivered,4.99
O002420,C00379,2024-10-23,Delivered,4.99
O002421,C00859,2024-07-02,Delivered,4.99
O002422,C00229,2024-10-11,Delivered,7.99
O002423,C00602,2025-12-23,Delivered,0.0
O002424,C00738,2024-11-30,Delivered,7.99
O002425,C00792,2024-12-12,Shipped,19.99
O002426,C00273,2025-03-13,Cancelled,7.99
O002427,C00806,2025-12-26,Delivered,7.99
O002428,C00101,2024-08-08,Shipped,0.0
O002429,C00778,2025-06-24,Delivered,12.99
O002430,C00577,2025-07-20,Shipped,0.0
O002431,C00251,2025-04-15,Delivered,7.99
O002432,C00095,2024-03-26,Delivered,19.99
O002433,C00153,2025-06-20,Delivered,7.99
O002434,C00022,2024-02-29,Delivered,7.99
O002435,C00454,2025-04-03,Cancelled,4.99
O002436,C00341,2025-08-07,Delivered,0.0
O002437,C00748,2024-07-16,Delivered,7.99
O002438,C00299,2025-11-05,Delivered,0.0
O002439,C00590,2024-01-25,Delivered,7.99
O002440,C00414,2025-11-06,Delivered,0.0
O002441,C00458,2024-12-17,Delivered,12.99
O002442,C00816,2024-07-21,Shipped,0.0
O002443,C00762,2024-05-13,Cancelled,4.99
O002444,C00787,2025-12-15,Processing,7.99
O002445,C00869,2024-03-09,Delivered,4.99
O002446,C00956,2024-07-07,Delivered,4.99
O002447,C00536,2024-11-07,Delivered,4.99
O002448,C00484,2025-04-29,Delivered,4.99
O002449,C00211,2025-02-08,Delivered,4.99
O002450,C00231,2024-05-04,Processing,4.99
O002451,C00414,2024-09-20,Shipped,7.99
O002452,C00695,2024-08-06,Returned,0.0
O002453,C00950,2024-07-18,Shipped,19.99
O002454,C00749,2024-11-30,Cancelled,4.99
O002455,C00968,2025-07-11,Shipped,0.0
O002456,C00838,2024-07-21,Delivered,4.99
O002457,C00550,2024-11-14,Delivered,12.99
O002458,C00675,2024-11-23,Delivered,0.0
O002459,C00780,2025-12-23,Delivered,7.99
O002460,C00080,2025-12-15,Delivered,4.99
O002461,C00230,2025-10-01,Delivered,0.0
O002462,C00547,2024-08-08,Delivered,12.99
O002463,C00111,2024-03-04,Processing,4.99
O002464,C00192,2024-10-19,Cancelled,0.0
O002465,C00920,2024-08-28,Delivered,12.99
O002466,C00059,2025-01-05,Delivered,7.99
O002467,C00015,2025-09-07,Delivered,12.99
O002468,C00974,2025-11-11,Delivered,7.99
O002469,C00620,2025-11-06,Shipped,7.99
O002470,C00405,2024-11-11,Delivered,12.99
O002471,C00345,2025-06-28,Delivered,0.0
O002472,C00984,2024-10-14,Cancelled,7.99
O002473,C00698,2024-02-25,Shipped,7.99
O002474,C00288,2025-07-09,Delivered,0.0
O002475,C00528,2024-01-09,Delivered,4.99
O002476,C00165,2024-11-29,Delivered,0.0
O002477,C00724,2024-11-01,Delivered,7.99
O002478,C00516,2025-07-03,Delivered,4.99
O002479,C00779,2025-08-28,Delivered,19.99
O002480,C00346,2024-10-05,Delivered,0.0
O002481,C00039,2025-10-13,Delivered,7.99
O002482,C00158,2024-09-24,Delivered,0.0
O002483,C00533,2024-12-12,Shipped,7.99
O002484,C00448,2025-07-29,Delivered,7.99
O002485,C00443,2025-07-03,Delivered,7.99
O002486,C00064,2025-12-27,Cancelled,12.99
O002487,C00941,2024-07-27,Delivered,12.99
O002488,C00835,2025-06-09,Returned,0.0
O002489,C00468,2025-04-18,Delivered,4.99
O002490,C00241,2025-12-01,Delivered,7.99
O002491,C00277,2024-06-04,Delivered,4.99
O002492,C00874,2025-08-17,Delivered,0.0
O002493,C00939,2025-03-05,Delivered,7.99
O002494,C00699,2024-09-04,Delivered,4.99
O002495,C00097,2024-12-22,Delivered,4.99
O002496,C00251,2024-11-02,Delivered,12.99
O002497,C00176,2025-03-16,Delivered,4.99
O002498,C00183,2025-11-22,Delivered,0.0
O002499,C00743,2025-03-06,Delivered,0.0
O002500,C00288,2025-05-11,Delivered,12.99
O002501,C00561,2025-01-16,Delivered,19.99
O002502,C00225,2024-02-15,Delivered,7.99
O002503,C00909,2024-08-02,Shipped,4.99
O002504,C00191,2024-12-28,Delivered,19.99
O002505,C00039,2024-10-11,Shipped,7.99
O002506,C00489,2024-06-24,Delivered,12.99
O002507,C00857,2025-01-04,Delivered,7.99
O002508,C00972,2024-10-25,Delivered,4.99
O002509,C00149,2024-08-21,Delivered,4.99
O002510,C00197,2024-12-19,Delivered,0.0
O002511,C00992,2024-05-12,Delivered,0.0
O002512,C00015,2025-12-06,Delivered,7.99
O002513,C00215,2025-11-14,Delivered,12.99
O002514,C00648,2025-07-14,Delivered,7.99
O002515,C00981,2024-04-14,Delivered,4.99
O002516,C00550,2025-09-05,Delivered,0.0
O002517,C00396,2025-10-10,Delivered,0.0
O002518,C00338,2025-08-29,Delivered,4.99
O002519,C00280,2024-04-22,Shipped,4.99
O002520,C00052,2025-05-24,Delivered,7.99
O002521,C00999,2025-11-03,Delivered,0.0
O002522,C00566,2025-03-14,Delivered,19.99
O002523,C00226,2025-05-27,Cancelled,4.99
O002524,C00515,2024-12-17,Delivered,12.99
O002525,C00015,2025-01-24,Delivered,4.99
O002526,C00542,2024-01-29,Shipped,0.0
O002527,C00498,2025-05-19,Delivered,7.99
O002528,C00902,2024-03-18,Delivered,7.99
O002529,C00519,2024-12-08,Cancelled,4.99
O002530,C00403,2024-09-23,Delivered,4.99
O002531,C00810,2025-02-08,Shipped,0.0
O002532,C00620,2024-05-13,Shipped,7.99
O002533,C00603,2025-07-02,Returned,12.99
O002534,C00635,2025-09-26,Delivered,0.0
O002535,C00052,2024-06-10,Delivered,0.0
O002536,C00005,2024-04-12,Delivered,12.99
O002537,C00740,2024-05-25,Delivered,0.0
O002538,C00261,2025-11-18,Delivered,7.99
O002539,C00865,2025-01-23,Delivered,4.99
O002540,C00500,2024-12-20,Delivered,7.99
O002541,C00514,2024-04-14,Delivered,4.99
O002542,C00201,2025-05-30,Delivered,0.0
O002543,C00675,2025-11-15,Shipped,0.0
O002544,C00566,2025-10-31,Shipped,7.99
O002545,C00306,2025-05-05,Cancelled,7.99
O002546,C00237,2024-03-12,Delivered,7.99
O002547,C00275,2024-04-20,Returned,7.99
O002548,C00823,2024-02-13,Cancelled,0.0
O002549,C00430,2024-08-21,Delivered,0.0
O002550,C00591,2024-05-15,Delivered,12.99
O002551,C00923,2024-08-23,Delivered,4.99
O002552,C00857,2024-11-20,Delivered,4.99
O002553,C00830,2025-12-11,Delivered,0.0
O002554,C00138,2025-04-18,Delivered,0.0
O002555,C00941,2025-11-03,Shipped,4.99
O002556,C00817,2025-07-16,Delivered,12.99
O002557,C00218,2024-04-20,Delivered,12.99
O002558,C00973,2025-08-04,Cancelled,12.99
O002559,C00943,2024-09-04,Delivered,19.99
O002560,C00473,2025-05-19,Processing,12.99
O002561,C00834,2024-11-05,Delivered,4.99
O002562,C00061,2025-12-31,Returned,0.0
O002563,C00128,2024-08-25,Delivered,7.99
O002564,C00799,2024-09-08,Delivered,0.0
O002565,C00395,2025-12-07,Delivered,0.0
O002566,C00492,2024-01-21,Delivered,0.0
O002567,C00476,2025-07-06,Cancelled,4.99
O002568,C00750,2025-07-27,Delivered,4.99
O002569,C00908,2025-11-03,Returned,0.0
O002570,C00059,2025-12-22,Delivered,4.99
O002571,C00415,2025-12-23,Delivered,12.99
O002572,C00793,2024-03-01,Cancelled,7.99
O002573,C00892,2025-10-24,Delivered,12.99
O002574,C00841,2025-05-27,Delivered,0.0
O002575,C00291,2025-05-28,Cancelled,0.0
O002576,C00804,2024-05-07,Cancelled,7.99
O002577,C00121,2025-05-31,Processing,4.99
O002578,C00390,2025-12-25,Cancelled,7.99
O002579,C00792,2025-11-30,Delivered,7.99
O002580,C00332,2024-12-10,Shipped,7.99
O002581,C00173,2024-02-03,Delivered,19.99
O002582,C00843,2024-11-12,Processing,4.99
O002583,C00335,2025-10-29,Delivered,0.0
O002584,C00447,2025-07-09,Delivered,7.99
O002585,C00719,2024-12-17,Delivered,0.0
O002586,C00233,2024-02-19,Delivered,0.0
O002587,C00245,2024-12-05,Delivered,0.0
O002588,C00486,2024-12-20,Cancelled,4.99
O002589,C00877,2025-12-06,Shipped,0.0
O002590,C00556,2025-05-21,Delivered,0.0
O002591,C00009,2024-10-13,Shipped,7.99
O002592,C00347,2025-01-21,Delivered,7.99
O002593,C00925,2024-03-02,Delivered,7.99
O002594,C00364,2025-12-22,Delivered,7.99
O002595,C00639,2024-11-12,Cancelled,0.0
O002596,C00065,2024-12-23,Delivered,0.0
O002597,C00866,2024-11-10,Delivered,0.0
O002598,C00829,2025-06-25,Delivered,12.99
O002599,C00709,2025-06-09,Delivered,7.99
O002600,C00940,2025-07-20,Delivered,0.0
O002601,C00162,2024-08-29,Delivered,4.99
O002602,C00429,2024-10-17,Delivered,19.99
O002603,C00757,2024-05-04,Delivered,7.99
O002604,C00316,2025-06-04,Cancelled,12.99
O002605,C00745,2024-02-03,Delivered,0.0
O002606,C00259,2025-04-05,Delivered,0.0
O002607,C00896,2025-11-15,Delivered,7.99
O002608,C00293,2025-11-23,Cancelled,7.99
O002609,C00874,2024-12-13,Shipped,7.99
O002610,C00601,2024-12-17,Cancelled,7.99
O002611,C00237,2024-03-13,Delivered,7.99
O002612,C00895,2025-06-16,Shipped,7.99
O002613,C00884,2025-10-24,Delivered,0.0
O002614,C00279,2024-08-11,Delivered,4.99
O002615,C00634,2024-12-03,Delivered,12.99
O002616,C00502,2025-11-04,Delivered,4.99
O002617,C00787,2025-11-18,Returned,4.99
O002618,C00607,2024-08-10,Cancelled,7.99
O002619,C00815,2025-02-14,Delivered,19.99
O002620,C00742,2024-07-02,Delivered,4.99
O002621,C00399,2024-04-09,Delivered,4.99
O002622,C00323,2025-11-30,Delivered,12.99
O002623,C00997,2025-10-23,Delivered,12.99
O002624,C00467,2025-08-23,Cancelled,7.99
O002625,C00775,2024-02-12,Returned,4.99
O002626,C00752,2025-11-06,Delivered,4.99
O002627,C00185,2024-12-09,Shipped,7.99
O002628,C00628,2024-11-05,Delivered,12.99
O002629,C00604,2025-02-09,Delivered,12.99
O002630,C00689,2024-03-29,Delivered,0.0
O002631,C00456,2025-08-20,Delivered,4.99
O002632,C00411,2025-03-20,Shipped,4.99
O002633,C00482,2024-06-28,Delivered,19.99
O002634,C00560,2024-06-29,Delivered,7.99
O002635,C00994,2024-06-26,Delivered,4.99
O002636,C00570,2024-02-21,Returned,0.0
O002637,C00512,2025-03-25,Delivered,7.99
O002638,C00450,2025-11-05,Shipped,0.0
O002639,C00198,2024-01-15,Shipped,12.99
O002640,C00256,2024-02-12,Delivered,7.99
O002641,C00970,2025-03-09,Delivered,4.99
O002642,C00103,2025-10-22,Cancelled,4.99
O002643,C00389,2024-10-29,Delivered,12.99
O002644,C00409,2024-11-08,Returned,0.0
O002645,C00278,2025-04-04,Delivered,0.0
O002646,C00702,2024-09-03,Delivered,19.99
O002647,C00293,2024-01-22,Cancelled,12.99
O002648,C00104,2025-08-04,Cancelled,12.99
O002649,C00003,2025-05-05,Processing,0.0
O002650,C00860,2025-03-18,Delivered,0.0
O002651,C00444,2025-08-09,Returned,0.0
O002652,C00845,2025-06-19,Shipped,0.0
O002653,C00305,2024-07-12,Cancelled,7.99
O002654,C00129,2024-11-09,Delivered,0.0
O002655,C00576,2024-05-05,Delivered,7.99
O002656,C00086,2024-05-09,Returned,0.0
O002657,C00443,2025-06-20,Delivered,4.99
O002658,C00376,2025-11-11,Delivered,19.99
O002659,C00940,2025-12-18,Delivered,0.0
O002660,C00553,2025-05-08,Delivered,4.99
O002661,C00233,2024-06-26,Delivered,4.99
O002662,C00172,2024-04-13,Delivered,0.0
O002663,C00877,2025-10-15,Cancelled,4.99
O002664,C00487,2025-03-16,Delivered,4.99
O002665,C00956,2025-04-27,Delivered,7.99
O002666,C00346,2025-09-11,Delivered,12.99
O002667,C00271,2025-07-11,Delivered,4.99
O002668,C00364,2025-11-03,Delivered,0.0
O002669,C00493,2024-02-20,Delivered,7.99
O002670,C00553,2025-08-13,Delivered,0.0
O002671,C00474,2025-11-08,Cancelled,7.99
O002672,C00772,2024-09-16,Delivered,7.99
O002673,C00674,2025-05-21,Delivered,0.0
O002674,C00611,2024-10-16,Delivered,12.99
O002675,C00383,2025-12-17,Delivered,12.99
O002676,C00674,2024-01-28,Shipped,12.99
O002677,C00525,2025-03-17,Cancelled,4.99
O002678,C00643,2024-06-12,Delivered,7.99
O002679,C00958,2025-07-17,Delivered,12.99
O002680,C00453,2024-06-19,Delivered,4.99
O002681,C00529,2024-08-04,Delivered,12.99
O002682,C00523,2024-12-29,Returned,0.0
O002683,C00531,2025-12-01,Delivered,0.0
O002684,C00054,2024-07-17,Shipped,7.99
O002685,C00166,2024-05-24,Delivered,7.99
O002686,C00466,2025-08-22,Delivered,7.99
O002687,C00439,2025-01-01,Delivered,19.99
O002688,C00010,2025-11-30,Delivered,0.0
O002689,C00977,2024-05-27,Shipped,0.0
O002690,C00624,2025-05-26,Delivered,12.99
O002691,C00988,2024-08-02,Shipped,0.0
O002692,C00836,2024-06-05,Delivered,7.99
O002693,C00282,2025-06-25,Returned,4.99
O002694,C00139,2025-04-01,Delivered,0.0
O002695,C00344,2025-08-19,Cancelled,0.0
O002696,C00510,2024-10-11,Shipped,4.99
O002697,C00218,2024-12-13,Returned,12.99
O002698,C00741,2024-11-28,Delivered,7.99
O002699,C00819,2025-12-26,Shipped,7.99
O002700,C00204,2024-09-22,Delivered,4.99
O002701,C00954,2024-09-25,Delivered,0.0
O002702,C00860,2024-11-10,Delivered,0.0
O002703,C00885,2025-03-01,Delivered,4.99
O002704,C00442,2024-08-17,Processing,0.0
O002705,C00013,2025-12-01,Delivered,0.0
O002706,C00988,2024-08-27,Delivered,4.99
O002707,C00503,2025-11-24,Delivered,4.99
O002708,C00237,2024-04-11,Delivered,0.0
O002709,C00760,2025-06-05,Delivered,7.99
O002710,C00700,2025-11-28,Delivered,4.99
O002711,C00308,2024-06-14,Delivered,0.0
O002712,C00441,2025-12-20,Delivered,19.99
O002713,C00767,2024-12-15,Returned,0.0
O002714,C00979,2025-12-12,Shipped,12.99
O002715,C00304,2025-06-20,Processing,0.0
O002716,C00166,2024-10-02,Delivered,12.99
O002717,C00677,2024-06-29,Delivered,0.0
O002718,C00076,2024-10-05,Delivered,7.99
O002719,C00205,2024-03-30,Delivered,4.99
O002720,C00774,2024-05-24,Delivered,7.99
O002721,C00603,2024-04-12,Delivered,4.99
O002722,C00498,2024-12-04,Delivered,0.0
O002723,C00412,2025-09-26,Delivered,7.99
O002724,C00437,2024-05-21,Cancelled,0.0
O002725,C00509,2024-05-09,Delivered,19.99
O002726,C00241,2025-05-24,Delivered,0.0
O002727,C00062,2024-07-06,Delivered,4.99
O002728,C00838,2024-04-04,Delivered,7.99
O002729,C00338,2024-06-12,Delivered,4.99
O002730,C00557,2025-12-04,Delivered,0.0
O002731,C00467,2025-10-24,Delivered,7.99
O002732,C00408,2024-11-09,Cancelled,7.99
O002733,C00634,2025-06-04,Shipped,19.99
O002734,C00061,2025-01-31,Delivered,4.99
O002735,C00662,2025-06-21,Delivered,4.99
O002736,C00734,2025-06-25,Delivered,4.99
O002737,C00652,2025-05-08,Shipped,0.0
O002738,C00377,2024-08-27,Delivered,7.99
O002739,C00871,2024-02-02,Delivered,4.99
O002740,C00378,2024-12-16,Delivered,4.99
O002741,C00587,2025-11-23,Delivered,4.99
O002742,C00374,2025-03-06,Shipped,7.99
O002743,C00761,2025-11-02,Delivered,12.99
O002744,C00672,2025-12-29,Delivered,7.99
O002745,C00509,2024-06-10,Delivered,4.99
O002746,C00511,2025-07-02,Delivered,7.99
O002747,C00700,2025-06-19,Cancelled,7.99
O002748,C00412,2025-12-24,Cancelled,0.0
O002749,C00243,2025-12-26,Delivered,0.0
O002750,C00418,2025-06-28,Delivered,0.0
O002751,C00989,2024-08-10,Delivered,4.99
O002752,C00162,2025-09-30,Delivered,12.99
O002753,C00739,2024-04-14,Delivered,4.99
O002754,C00234,2025-09-10,Delivered,4.99
O002755,C00856,2025-11-30,Delivered,12.99
O002756,C00684,2024-11-20,Delivered,12.99
O002757,C00591,2025-05-10,Delivered,7.99
O002758,C00642,2024-12-06,Shipped,0.0
O002759,C00545,2024-12-09,Delivered,0.0
O002760,C00133,2024-10-12,Delivered,0.0
O002761,C00072,2025-08-24,Delivered,0.0
O002762,C00065,2025-12-09,Delivered,0.0
O002763,C00055,2025-12-10,Delivered,7.99
O002764,C00134,2024-06-19,Delivered,0.0
O002765,C00692,2025-11-17,Shipped,0.0
O002766,C00922,2025-08-06,Delivered,0.0
O002767,C00313,2024-08-17,Delivered,7.99
O002768,C00073,2024-03-03,Delivered,7.99
O002769,C00795,2024-08-29,Delivered,7.99
O002770,C00689,2025-11-30,Delivered,0.0
O002771,C00761,2025-05-13,Delivered,4.99
O002772,C00061,2025-07-24,Delivered,0.0
O002773,C00703,2024-08-20,Delivered,0.0
O002774,C00509,2025-07-23,Delivered,12.99
O002775,C00057,2024-01-24,Delivered,19.99
O002776,C00524,2024-11-17,Delivered,7.99
O002777,C00525,2025-05-06,Delivered,12.99
O002778,C00952,2024-05-26,Shipped,7.99
O002779,C00739,2025-10-26,Shipped,0.0
O002780,C00940,2024-08-03,Delivered,19.99
O002781,C00951,2025-06-02,Returned,0.0
O002782,C00463,2024-11-28,Delivered,7.99
O002783,C00088,2025-04-03,Cancelled,0.0
O002784,C00459,2024-04-15,Delivered,4.99
O002785,C00340,2024-01-14,Shipped,7.99
O002786,C00956,2025-11-29,Delivered,4.99
O002787,C00560,2024-08-30,Delivered,0.0
O002788,C00332,2025-10-22,Delivered,4.99
O002789,C00327,2025-12-31,Delivered,4.99
O002790,C00171,2024-07-16,Delivered,19.99
O002791,C00846,2024-08-26,Shipped,7.99
O002792,C00397,2025-06-10,Delivered,4.99
O002793,C00361,2025-12-19,Shipped,0.0
O002794,C00569,2025-12-02,Delivered,12.99
O002795,C00560,2025-01-02,Delivered,0.0
O002796,C00709,2025-09-26,Delivered,0.0
O002797,C00049,2024-05-15,Delivered,4.99
O002798,C00852,2025-12-23,Delivered,12.99
O002799,C00610,2025-12-19,Shipped,0.0
O002800,C00456,2024-06-10,Delivered,0.0
O002801,C00653,2024-09-30,Delivered,4.99
O002802,C00587,2024-04-07,Shipped,0.0
O002803,C00358,2024-08-31,Delivered,7.99
O002804,C00465,2025-10-18,Returned,4.99
O002805,C00883,2024-11-18,Processing,4.99
O002806,C00345,2024-03-26,Delivered,0.0
O002807,C00353,2024-11-05,Delivered,0.0
O002808,C00656,2025-12-25,Delivered,12.99
O002809,C00139,2025-05-09,Shipped,12.99
O002810,C00805,2024-12-02,Delivered,0.0
O002811,C00262,2024-06-12,Delivered,0.0
O002812,C00047,2025-12-27,Shipped,0.0
O002813,C00339,2025-10-23,Delivered,7.99
O002814,C00974,2024-09-11,Shipped,7.99
O002815,C00691,2024-03-06,Delivered,4.99
O002816,C00980,2024-02-21,Delivered,7.99
O002817,C00690,2024-04-29,Cancelled,7.99
O002818,C00452,2025-03-18,Delivered,19.99
O002819,C00281,2025-12-06,Delivered,0.0
O002820,C00869,2024-12-30,Delivered,0.0
O002821,C00468,2025-11-06,Delivered,0.0
O002822,C00065,2024-12-12,Delivered,12.99
O002823,C00420,2025-07-15,Returned,7.99
O002824,C00044,2025-08-01,Delivered,7.99
O002825,C00674,2024-06-18,Delivered,0.0
O002826,C00547,2024-11-12,Delivered,0.0
O002827,C00046,2025-05-17,Delivered,0.0
O002828,C00841,2024-03-07,Returned,7.99
O002829,C00288,2024-11-12,Cancelled,0.0
O002830,C00870,2025-01-29,Delivered,0.0
O002831,C00525,2025-12-30,Delivered,7.99
O002832,C00868,2024-12-22,Delivered,0.0
O002833,C00810,2025-10-18,Delivered,4.99
O002834,C00804,2024-12-07,Delivered,0.0
O002835,C00147,2025-09-27,Delivered,12.99
O002836,C00326,2025-04-03,Returned,7.99
O002837,C00436,2025-11-21,Delivered,12.99
O002838,C00395,2024-11-30,Cancelled,4.99
O002839,C00824,2025-04-12,Delivered,19.99
O002840,C00523,2025-05-09,Delivered,12.99
O002841,C00352,2024-12-02,Cancelled,7.99
O002842,C00962,2024-05-24,Delivered,19.99
O002843,C00729,2024-03-31,Cancelled,4.99
O002844,C00670,2024-01-14,Delivered,4.99
O002845,C00444,2025-11-17,Delivered,0.0
O002846,C00196,2024-08-05,Cancelled,7.99
O002847,C00379,2024-07-17,Delivered,7.99
O002848,C00041,2025-08-05,Cancelled,7.99
O002849,C00899,2024-10-22,Returned,0.0
O002850,C00805,2025-01-05,Delivered,4.99
O002851,C00690,2024-06-09,Delivered,0.0
O002852,C00249,2025-12-17,Delivered,7.99
O002853,C00906,2025-11-09,Delivered,0.0
O002854,C00386,2025-11-13,Shipped,12.99
O002855,C00941,2024-11-28,Delivered,0.0
O002856,C00121,2025-08-25,Delivered,0.0
O002857,C00667,2024-05-24,Delivered,12.99
O002858,C00518,2024-01-08,Delivered,4.99
O002859,C00248,2024-01-17,Shipped,0.0
O002860,C00049,2025-03-24,Delivered,4.99
O002861,C00118,2024-12-15,Returned,0.0
O002862,C00885,2025-01-15,Delivered,19.99
O002863,C00773,2024-01-07,Delivered,7.99
O002864,C00822,2024-12-04,Delivered,0.0
O002865,C00595,2025-07-22,Delivered,7.99
O002866,C00140,2024-12-11,Returned,0.0
O002867,C00355,2025-08-02,Delivered,7.99
O002868,C00440,2024-08-02,Shipped,19.99
O002869,C00752,2025-10-15,Delivered,12.99
O002870,C00931,2025-03-26,Delivered,4.99
O002871,C00626,2024-07-16,Delivered,4.99
O002872,C00571,2024-08-05,Delivered,0.0
O002873,C00333,2025-05-07,Delivered,7.99
O002874,C00328,2025-11-01,Delivered,4.99
O002875,C00289,2024-12-01,Cancelled,4.99
O002876,C00455,2024-08-21,Delivered,12.99
O002877,C00606,2025-11-14,Delivered,0.0
O002878,C00931,2025-06-15,Delivered,0.0
O002879,C00410,2024-12-13,Delivered,0.0
O002880,C00879,2024-12-27,Returned,0.0
O002881,C00248,2024-07-11,Delivered,0.0
O002882,C00924,2025-05-06,Delivered,4.99
O002883,C00653,2024-11-11,Delivered,4.99
O002884,C00364,2025-12-30,Delivered,0.0
O002885,C00322,2024-12-24,Delivered,7.99
O002886,C00173,2024-12-26,Delivered,0.0
O002887,C00753,2025-03-02,Delivered,7.99
O002888,C00917,2025-12-02,Delivered,4.99
O002889,C00139,2025-10-02,Shipped,4.99
O002890,C00650,2024-12-14,Delivered,19.99
O002891,C00560,2025-07-22,Cancelled,0.0
O002892,C00702,2025-03-24,Delivered,4.99
O002893,C00548,2024-12-29,Shipped,12.99
O002894,C00264,2024-07-02,Delivered,7.99
O002895,C00815,2024-12-19,Delivered,0.0
O002896,C00505,2024-08-12,Delivered,4.99
O002897,C00780,2025-12-01,Delivered,7.99
O002898,C00433,2024-11-03,Delivered,12.99
O002899,C00532,2025-12-15,Delivered,0.0
O002900,C00049,2025-01-27,Delivered,0.0
O002901,C00525,2025-05-11,Delivered,4.99
O002902,C00291,2025-02-06,Delivered,0.0
O002903,C00473,2024-05-08,Shipped,0.0
O002904,C00633,2024-11-17,Delivered,0.0
O002905,C00749,2024-04-06,Delivered,0.0
O002906,C00124,2025-05-02,Delivered,0.0
O002907,C00604,2024-12-12,Delivered,19.99
O002908,C00154,2025-09-08,Delivered,0.0
O002909,C00499,2024-07-23,Cancelled,0.0
O002910,C00798,2024-06-11,Delivered,0.0
O002911,C00256,2024-11-28,Delivered,19.99
O002912,C00721,2025-12-05,Delivered,7.99
O002913,C00451,2025-07-16,Delivered,7.99
O002914,C00716,2024-12-02,Cancelled,0.0
O002915,C00073,2025-01-14,Cancelled,12.99
O002916,C00417,2024-03-21,Delivered,4.99
O002917,C00027,2025-12-26,Delivered,0.0
O002918,C00504,2025-06-12,Delivered,7.99
O002919,C00013,2024-09-15,Delivered,12.99
O002920,C00333,2025-03-23,Delivered,7.99
O002921,C00549,2024-04-17,Delivered,12.99
O002922,C00582,2025-12-19,Delivered,19.99
O002923,C00260,2024-06-19,Delivered,0.0
O002924,C00437,2025-05-29,Delivered,4.99
O002925,C00424,2024-08-11,Shipped,0.0
O002926,C00879,2025-07-21,Delivered,12.99
O002927,C00336,2025-09-06,Shipped,0.0
O002928,C00429,2025-06-18,Delivered,12.99
O002929,C00720,2025-04-23,Delivered,4.99
O002930,C00967,2025-11-23,Cancelled,4.99
O002931,C00185,2024-03-15,Cancelled,0.0
O002932,C00275,2024-11-01,Delivered,4.99
O002933,C00806,2024-08-14,Delivered,12.99
O002934,C00151,2025-12-27,Shipped,0.0
O002935,C00755,2024-11-22,Delivered,4.99
O002936,C00154,2025-08-02,Delivered,0.0
O002937,C00604,2025-06-26,Cancelled,4.99
O002938,C00450,2024-07-17,Delivered,0.0
O002939,C00627,2024-08-06,Delivered,0.0
O002940,C00205,2024-09-11,Delivered,12.99
O002941,C00324,2024-11-30,Delivered,4.99
O002942,C00257,2024-08-03,Delivered,0.0
O002943,C00863,2024-01-17,Delivered,7.99
O002944,C00222,2025-11-19,Delivered,0.0
O002945,C00977,2025-12-19,Delivered,0.0
O002946,C00963,2024-11-05,Delivered,4.99
O002947,C00199,2024-11-04,Delivered,0.0
O002948,C00865,2024-01-06,Returned,7.99
O002949,C00097,2025-06-23,Delivered,4.99
O002950,C00546,2025-10-28,Processing,7.99
O002951,C00055,2024-05-27,Delivered,19.99
O002952,C00159,2024-06-07,Shipped,0.0
O002953,C00148,2025-09-20,Delivered,4.99
O002954,C00460,2025-04-25,Delivered,4.99
O002955,C00128,2024-02-08,Cancelled,0.0
O002956,C00667,2025-05-01,Cancelled,12.99
O002957,C00831,2024-10-10,Delivered,7.99
O002958,C00047,2024-11-15,Delivered,4.99
O002959,C00930,2025-08-30,Delivered,4.99
O002960,C00566,2025-10-13,Cancelled,0.0
O002961,C00442,2024-11-26,Delivered,7.99
O002962,C00324,2025-12-13,Delivered,7.99
O002963,C00051,2024-11-28,Delivered,7.99
O002964,C00528,2025-09-01,Delivered,0.0
O002965,C00913,2024-12-26,Cancelled,7.99
O002966,C00997,2025-11-25,Delivered,4.99
O002967,C00140,2025-11-29,Delivered,4.99
O002968,C00594,2024-03-24,Delivered,4.99
O002969,C00281,2025-12-09,Delivered,4.99
O002970,C00014,2025-10-28,Delivered,7.99
O002971,C00544,2025-09-22,Delivered,12.99
O002972,C00103,2024-07-08,Returned,0.0
O002973,C00458,2025-10-07,Delivered,19.99
O002974,C00054,2025-11-08,Delivered,4.99
O002975,C00515,2024-09-19,Shipped,7.99
O002976,C00282,2025-12-15,Delivered,12.99
O002977,C00165,2024-02-13,Returned,4.99
O002978,C00970,2024-05-30,Shipped,12.99
O002979,C00089,2025-01-31,Delivered,0.0
O002980,C00360,2025-03-13,Delivered,0.0
O002981,C00323,2025-05-26,Delivered,7.99
O002982,C00934,2024-01-14,Delivered,12.99
O002983,C00418,2025-12-17,Cancelled,12.99
O002984,C00436,2024-02-08,Delivered,7.99
O002985,C00762,2024-05-23,Delivered,4.99
O002986,C00349,2024-01-12,Delivered,4.99
O002987,C00153,2025-03-03,Delivered,19.99
O002988,C00458,2025-12-07,Delivered,4.99
O002989,C00466,2025-06-12,Cancelled,7.99
O002990,C00829,2025-10-25,Delivered,4.99
O002991,C00340,2024-01-11,Delivered,7.99
O002992,C00960,2025-02-05,Delivered,4.99
O002993,C00033,2024-12-17,Cancelled,19.99
O002994,C00326,2024-12-31,Delivered,7.99
O002995,C00411,2024-03-08,Cancelled,19.99
O002996,C00887,2025-06-26,Delivered,0.0
O002997,C00013,2025-01-03,Returned,7.99
O002998,C00412,2025-08-27,Delivered,7.99
O002999,C00104,2024-12-26,Delivered,7.99
O003000,C00800,2024-05-30,Delivered,12.99
O003001,C00669,2025-05-29,Delivered,0.0
O003002,C00405,2024-06-17,Delivered,0.0
O003003,C00805,2025-11-16,Delivered,4.99
O003004,C00133,2025-04-21,Delivered,0.0
O003005,C00528,2024-06-05,Delivered,19.99
O003006,C00677,2025-12-18,Returned,0.0
O003007,C00121,2025-01-15,Delivered,4.99
O003008,C00683,2024-03-09,Cancelled,0.0
O003009,C00512,2025-05-06,Delivered,4.99
O003010,C00191,2024-08-17,Delivered,4.99
O003011,C00119,2025-10-05,Delivered,0.0
O003012,C00487,2025-10-20,Delivered,4.99
O003013,C00595,2025-12-24,Returned,4.99
O003014,C00734,2025-01-02,Delivered,19.99
O003015,C00607,2024-12-15,Cancelled,0.0
O003016,C00001,2025-08-18,Returned,4.99
O003017,C00802,2024-05-12,Delivered,19.99
O003018,C00706,2025-02-10,Returned,7.99
O003019,C00997,2025-02-09,Delivered,19.99
O003020,C00840,2024-03-27,Returned,19.99
O003021,C00426,2024-12-02,Delivered,4.99
O003022,C00503,2025-11-09,Delivered,7.99
O003023,C00287,2025-11-10,Cancelled,0.0
O003024,C00094,2024-04-06,Delivered,4.99
O003025,C00010,2024-03-28,Delivered,12.99
O003026,C00669,2024-08-25,Delivered,4.99
O003027,C00025,2025-11-17,Delivered,7.99
O003028,C00007,2024-05-08,Delivered,7.99
O003029,C00764,2025-07-23,Shipped,0.0
O003030,C00525,2024-04-08,Delivered,12.99
O003031,C00558,2025-05-02,Delivered,4.99
O003032,C00804,2024-11-10,Delivered,0.0
O003033,C00256,2025-09-19,Delivered,12.99
O003034,C00868,2024-08-02,Shipped,4.99
O003035,C00594,2025-05-19,Shipped,7.99
O003036,C00064,2024-08-04,Returned,4.99
O003037,C00233,2025-07-19,Delivered,4.99
O003038,C00328,2025-11-17,Delivered,12.99
O003039,C00731,2024-05-06,Returned,7.99
O003040,C00401,2025-11-14,Shipped,4.99
O003041,C00514,2025-04-01,Delivered,0.0
O003042,C00390,2024-05-06,Delivered,12.99
O003043,C00573,2024-12-06,Returned,0.0
O003044,C00992,2024-06-08,Delivered,12.99
O003045,C00235,2025-07-08,Delivered,4.99
O003046,C00141,2025-08-22,Delivered,7.99
O003047,C00513,2024-04-13,Delivered,19.99
O003048,C00327,2025-01-05,Delivered,0.0
O003049,C00403,2025-10-17,Delivered,7.99
O003050,C00067,2025-12-09,Delivered,7.99
O003051,C00064,2025-01-11,Delivered,7.99
O003052,C00962,2025-12-14,Delivered,4.99
O003053,C00391,2025-01-29,Delivered,7.99
O003054,C00791,2024-11-24,Shipped,7.99
O003055,C00474,2025-11-08,Processing,12.99
O003056,C00600,2024-12-29,Delivered,7.99
O003057,C00714,2024-12-21,Delivered,4.99
O003058,C00002,2024-12-28,Returned,19.99
O003059,C00093,2025-11-07,Delivered,4.99
O003060,C00526,2025-11-02,Delivered,0.0
O003061,C00399,2024-11-27,Shipped,4.99
O003062,C00015,2024-11-02,Delivered,0.0
O003063,C00736,2024-12-28,Cancelled,0.0
O003064,C00908,2025-03-09,Shipped,0.0
O003065,C00812,2024-08-06,Delivered,0.0
O003066,C00569,2025-09-25,Delivered,7.99
O003067,C00685,2024-12-27,Delivered,0.0
O003068,C00761,2024-11-02,Delivered,0.0
O003069,C00965,2024-04-14,Delivered,0.0
O003070,C00231,2024-08-06,Delivered,0.0
O003071,C00514,2025-12-13,Delivered,0.0
O003072,C00723,2024-10-06,Cancelled,7.99
O003073,C00491,2024-06-14,Delivered,19.99
O003074,C00443,2024-12-17,Delivered,12.99
O003075,C00939,2024-10-08,Delivered,12.99
O003076,C00827,2024-01-29,Delivered,0.0
O003077,C00418,2024-10-25,Delivered,0.0
O003078,C00187,2025-02-07,Delivered,0.0
O003079,C00948,2025-02-15,Delivered,7.99
O003080,C00838,2024-11-10,Shipped,0.0
O003081,C00444,2024-12-13,Processing,7.99
O003082,C00420,2025-12-19,Delivered,0.0
O003083,C00306,2024-11-18,Delivered,0.0
O003084,C00958,2024-08-21,Delivered,19.99
O003085,C00037,2024-08-10,Delivered,7.99
O003086,C00560,2024-12-16,Delivered,12.99
O003087,C00220,2025-08-22,Cancelled,7.99
O003088,C00726,2024-07-12,Delivered,12.99
O003089,C00163,2025-07-15,Delivered,7.99
O003090,C00347,2024-01-18,Delivered,19.99
O003091,C00957,2024-12-02,Returned,0.0
O003092,C00890,2025-09-05,Shipped,7.99
O003093,C00239,2024-11-04,Delivered,7.99
O003094,C00350,2025-02-28,Delivered,4.99
O003095,C00702,2024-07-12,Delivered,12.99
O003096,C00837,2025-08-09,Delivered,19.99
O003097,C00917,2024-02-16,Delivered,4.99
O003098,C00963,2025-11-09,Shipped,4.99
O003099,C00088,2024-07-06,Shipped,4.99
O003100,C00540,2025-11-17,Processing,12.99
O003101,C00956,2024-11-09,Delivered,7.99
O003102,C00507,2025-07-25,Cancelled,0.0
O003103,C00041,2024-10-21,Shipped,4.99
O003104,C00774,2025-11-28,Delivered,0.0
O003105,C00416,2024-05-05,Shipped,7.99
O003106,C00070,2024-06-21,Delivered,4.99
O003107,C00689,2024-12-29,Shipped,4.99
O003108,C00906,2024-03-19,Delivered,7.99
O003109,C00256,2024-07-05,Delivered,0.0
O003110,C00440,2025-12-11,Delivered,0.0
O003111,C00451,2025-12-23,Delivered,4.99
O003112,C00884,2024-11-17,Delivered,0.0
O003113,C00682,2025-12-04,Delivered,4.99
O003114,C00046,2025-02-08,Delivered,19.99
O003115,C00741,2024-08-30,Delivered,12.99
O003116,C00355,2025-07-10,Cancelled,12.99
O003117,C00970,2025-06-07,Returned,19.99
O003118,C00424,2025-12-28,Delivered,4.99
O003119,C00064,2024-08-26,Shipped,0.0
O003120,C00964,2025-06-17,Delivered,0.0
O003121,C00328,2024-02-16,Shipped,12.99
O003122,C00408,2024-04-21,Delivered,7.99
O003123,C00540,2024-01-04,Delivered,0.0
O003124,C00862,2025-12-31,Delivered,4.99
O003125,C00741,2025-10-03,Delivered,4.99
O003126,C00418,2025-09-17,Shipped,4.99
O003127,C00268,2025-01-08,Shipped,12.99
O003128,C00316,2024-10-01,Delivered,4.99
O003129,C00247,2024-06-01,Delivered,12.99
O003130,C00092,2024-09-14,Cancelled,4.99
O003131,C00105,2024-11-17,Shipped,7.99
O003132,C00297,2025-08-20,Delivered,19.99
O003133,C00251,2025-02-02,Delivered,12.99
O003134,C00760,2024-03-14,Delivered,0.0
O003135,C00415,2024-01-15,Delivered,0.0
O003136,C00334,2024-04-09,Delivered,4.99
O003137,C00367,2024-11-29,Delivered,4.99
O003138,C00434,2025-12-08,Cancelled,7.99
O003139,C00321,2025-05-17,Delivered,19.99
O003140,C00610,2025-10-03,Processing,0.0
O003141,C00970,2024-12-19,Shipped,4.99
O003142,C00585,2024-11-12,Returned,0.0
O003143,C00957,2024-04-16,Delivered,12.99
O003144,C00634,2025-11-17,Shipped,19.99
O003145,C00129,2025-09-13,Delivered,4.99
O003146,C00727,2024-06-13,Delivered,0.0
O003147,C00694,2025-01-10,Delivered,7.99
O003148,C00741,2024-12-27,Delivered,7.99
O003149,C00917,2025-05-04,Cancelled,4.99
O003150,C00094,2025-12-12,Cancelled,12.99
O003151,C00500,2025-03-17,Delivered,19.99
O003152,C00765,2025-02-03,Delivered,7.99
O003153,C00131,2024-02-14,Delivered,7.99
O003154,C00174,2024-02-27,Delivered,0.0
O003155,C00501,2024-06-28,Shipped,7.99
O003156,C00660,2024-01-27,Delivered,4.99
O003157,C00964,2025-08-10,Returned,4.99
O003158,C00765,2025-07-26,Delivered,0.0
O003159,C00005,2024-05-15,Delivered,0.0
O003160,C00987,2025-11-03,Delivered,0.0
O003161,C00488,2024-06-03,Delivered,4.99
O003162,C00105,2024-10-02,Delivered,7.99
O003163,C00441,2024-08-14,Shipped,7.99
O003164,C00692,2024-11-16,Shipped,4.99
O003165,C00582,2024-08-18,Delivered,4.99
O003166,C00722,2024-12-27,Delivered,12.99
O003167,C00154,2024-11-28,Delivered,4.99
O003168,C00326,2025-12-27,Delivered,19.99
O003169,C00779,2024-02-20,Delivered,4.99
O003170,C00855,2024-05-22,Delivered,7.99
O003171,C00346,2024-02-17,Cancelled,0.0
O003172,C00913,2025-05-05,Delivered,7.99
O003173,C00374,2024-02-18,Returned,12.99
O003174,C00999,2025-11-03,Delivered,19.99
O003175,C00679,2025-01-10,Returned,19.99
O003176,C00352,2025-01-22,Delivered,0.0
O003177,C00451,2025-02-25,Delivered,7.99
O003178,C00861,2024-06-15,Processing,4.99
O003179,C00711,2024-07-06,Delivered,7.99
O003180,C00076,2024-10-21,Delivered,0.0
O003181,C00376,2025-03-31,Shipped,12.99
O003182,C00362,2024-07-15,Cancelled,12.99
O003183,C00275,2024-04-24,Shipped,4.99
O003184,C00544,2025-12-21,Delivered,0.0
O003185,C00175,2024-01-19,Delivered,0.0
O003186,C00684,2025-10-04,Processing,7.99
O003187,C00494,2025-09-18,Delivered,4.99
O003188,C00141,2024-09-28,Delivered,12.99
O003189,C00059,2024-05-15,Delivered,7.99
O003190,C00384,2024-05-26,Delivered,7.99
O003191,C00771,2025-07-06,Delivered,7.99
O003192,C00260,2025-05-23,Delivered,0.0
O003193,C00151,2025-09-13,Delivered,19.99
O003194,C00611,2025-12-09,Delivered,7.99
O003195,C00015,2025-07-02,Delivered,19.99
O003196,C00762,2024-06-04,Delivered,4.99
O003197,C00127,2024-08-10,Shipped,7.99
O003198,C00484,2025-11-05,Delivered,0.0
O003199,C00419,2024-07-15,Delivered,7.99
O003200,C00476,2024-03-09,Returned,7.99
O003201,C00287,2025-07-11,Delivered,7.99
O003202,C00600,2024-11-27,Delivered,7.99
O003203,C00376,2025-12-03,Delivered,0.0
O003204,C00243,2025-05-31,Shipped,19.99
O003205,C00661,2024-03-28,Cancelled,19.99
O003206,C00392,2025-12-13,Cancelled,0.0
O003207,C00043,2024-08-21,Shipped,19.99
O003208,C00525,2024-11-03,Delivered,0.0
O003209,C00158,2024-11-27,Delivered,7.99
O003210,C00333,2024-02-15,Delivered,4.99
O003211,C00628,2024-12-30,Delivered,19.99
O003212,C00053,2024-05-02,Delivered,0.0
O003213,C00532,2024-11-26,Delivered,4.99
O003214,C00536,2024-11-08,Delivered,4.99
O003215,C00679,2025-09-02,Shipped,4.99
O003216,C00556,2025-10-04,Delivered,7.99
O003217,C00472,2024-06-02,Delivered,0.0
O003218,C00338,2024-11-14,Delivered,7.99
O003219,C00300,2024-11-16,Delivered,19.99
O003220,C00350,2024-06-01,Delivered,12.99
O003221,C00863,2025-09-29,Delivered,12.99
O003222,C00557,2025-07-14,Delivered,4.99
O003223,C00765,2024-06-30,Shipped,4.99
O003224,C00667,2024-11-14,Cancelled,4.99
O003225,C00683,2024-04-13,Delivered,0.0
O003226,C00984,2025-05-08,Delivered,19.99
O003227,C00410,2024-04-30,Delivered,0.0
O003228,C00473,2025-12-26,Returned,12.99
O003229,C00848,2025-09-10,Delivered,0.0
O003230,C00790,2024-11-22,Delivered,12.99
O003231,C00680,2025-03-16,Shipped,0.0
O003232,C00612,2025-11-30,Delivered,0.0
O003233,C00786,2025-02-17,Delivered,7.99
O003234,C00084,2024-06-18,Delivered,0.0
O003235,C00145,2024-11-18,Delivered,7.99
O003236,C00269,2025-11-06,Delivered,7.99
O003237,C00219,2025-05-25,Delivered,0.0
O003238,C00088,2025-06-01,Cancelled,19.99
O003239,C00477,2025-11-14,Delivered,4.99
O003240,C00536,2025-11-24,Delivered,7.99
O003241,C00838,2025-12-03,Delivered,4.99
O003242,C00174,2024-04-01,Cancelled,7.99
O003243,C00878,2025-02-07,Delivered,4.99
O003244,C00654,2025-08-08,Delivered,0.0
O003245,C00327,2025-08-20,Delivered,4.99
O003246,C00157,2025-04-15,Shipped,4.99
O003247,C00965,2024-06-12,Delivered,4.99
O003248,C00530,2025-09-28,Delivered,7.99
O003249,C00802,2025-07-23,Delivered,7.99
O003250,C00824,2024-03-23,Cancelled,0.0
O003251,C00705,2024-12-18,Delivered,4.99
O003252,C00325,2024-06-18,Delivered,4.99
O003253,C00277,2024-11-04,Cancelled,0.0
O003254,C00758,2024-01-15,Cancelled,0.0
O003255,C00503,2024-11-26,Delivered,0.0
O003256,C00875,2025-02-13,Returned,19.99
O003257,C00795,2025-04-28,Delivered,7.99
O003258,C00135,2025-06-10,Delivered,0.0
O003259,C00221,2025-11-03,Cancelled,0.0
O003260,C00208,2024-07-20,Delivered,7.99
O003261,C00859,2024-04-29,Delivered,4.99
O003262,C00498,2025-11-09,Delivered,7.99
O003263,C00075,2024-06-05,Delivered,19.99
O003264,C00645,2025-12-23,Delivered,7.99
O003265,C00012,2025-11-05,Shipped,0.0
O003266,C00676,2025-01-01,Cancelled,7.99
O003267,C00875,2025-12-25,Delivered,19.99
O003268,C00258,2024-04-04,Delivered,7.99
O003269,C00546,2024-10-04,Returned,7.99
O003270,C00656,2025-05-18,Delivered,4.99
O003271,C00774,2024-11-08,Delivered,4.99
O003272,C00609,2025-12-06,Delivered,7.99
O003273,C00240,2024-03-01,Delivered,19.99
O003274,C00619,2025-02-12,Delivered,7.99
O003275,C00119,2025-03-29,Delivered,7.99
O003276,C00666,2025-06-02,Delivered,0.0
O003277,C00436,2024-08-19,Delivered,0.0
O003278,C00953,2024-11-13,Delivered,4.99
O003279,C00526,2025-11-06,Shipped,0.0
O003280,C00613,2024-07-04,Shipped,7.99
O003281,C00765,2025-10-30,Delivered,0.0
O003282,C00579,2025-02-27,Delivered,7.99
O003283,C00561,2025-08-25,Returned,12.99
O003284,C00921,2025-07-18,Delivered,4.99
O003285,C00447,2024-07-13,Cancelled,0.0
O003286,C00329,2025-03-05,Delivered,7.99
O003287,C00939,2025-11-14,Returned,19.99
O003288,C00404,2024-12-07,Delivered,7.99
O003289,C00780,2025-12-20,Delivered,0.0
O003290,C00140,2024-12-14,Delivered,0.0
O003291,C00410,2024-05-23,Delivered,4.99
O003292,C00530,2024-11-22,Delivered,0.0
O003293,C00684,2025-12-14,Delivered,12.99
O003294,C00637,2024-10-22,Shipped,12.99
O003295,C00714,2025-11-15,Delivered,0.0
O003296,C00815,2025-11-19,Delivered,4.99
O003297,C00169,2024-11-08,Delivered,0.0
O003298,C00992,2024-03-20,Delivered,12.99
O003299,C00542,2025-07-27,Delivered,4.99
O003300,C00793,2024-10-13,Delivered,7.99
O003301,C00113,2025-09-13,Delivered,4.99
O003302,C00093,2024-12-11,Delivered,7.99
O003303,C00691,2024-12-26,Delivered,4.99
O003304,C00117,2025-09-07,Delivered,4.99
O003305,C00047,2024-11-19,Delivered,7.99
O003306,C00541,2024-12-11,Delivered,7.99
O003307,C00018,2024-11-17,Returned,0.0
O003308,C00239,2024-11-14,Delivered,0.0
O003309,C00309,2025-01-21,Delivered,4.99
O003310,C00660,2025-10-10,Delivered,4.99
O003311,C00822,2024-11-12,Delivered,7.99
O003312,C00668,2025-01-20,Delivered,12.99
O003313,C00795,2025-06-16,Delivered,0.0
O003314,C00248,2024-08-30,Returned,0.0
O003315,C00454,2024-09-07,Returned,0.0
O003316,C00489,2025-12-08,Shipped,4.99
O003317,C00468,2025-07-26,Delivered,4.99
O003318,C00986,2025-03-14,Delivered,7.99
O003319,C00034,2025-05-28,Delivered,0.0
O003320,C00889,2024-01-25,Returned,7.99
O003321,C00554,2025-04-27,Delivered,12.99
O003322,C00894,2025-01-08,Delivered,12.99
O003323,C00264,2025-02-09,Delivered,19.99
O003324,C00328,2024-11-11,Delivered,7.99
O003325,C00671,2024-03-18,Returned,12.99
O003326,C00391,2024-07-03,Delivered,0.0
O003327,C00772,2025-12-14,Delivered,0.0
O003328,C00559,2024-11-29,Delivered,0.0
O003329,C00239,2024-12-19,Shipped,7.99
O003330,C00540,2024-02-16,Delivered,19.99
O003331,C00291,2024-01-31,Shipped,0.0
O003332,C00808,2025-07-21,Delivered,7.99
O003333,C00362,2025-01-31,Cancelled,7.99
O003334,C00308,2025-01-07,Shipped,19.99
O003335,C00492,2024-08-10,Delivered,7.99
O003336,C00578,2025-08-11,Delivered,19.99
O003337,C00049,2024-06-14,Delivered,4.99
O003338,C00709,2024-06-30,Delivered,4.99
O003339,C00447,2024-12-17,Cancelled,4.99
O003340,C00406,2024-09-16,Delivered,4.99
O003341,C00823,2024-08-13,Delivered,0.0
O003342,C00735,2025-05-26,Delivered,7.99
O003343,C00133,2025-06-01,Delivered,7.99
O003344,C00984,2025-10-27,Cancelled,7.99
O003345,C00913,2024-12-02,Delivered,4.99
O003346,C00606,2024-03-09,Returned,4.99
O003347,C00816,2024-09-02,Returned,4.99
O003348,C00202,2025-12-24,Delivered,0.0
O003349,C00242,2025-04-03,Delivered,7.99
O003350,C00835,2025-07-16,Cancelled,0.0
O003351,C00275,2024-01-07,Delivered,0.0
O003352,C00607,2025-01-15,Delivered,7.99
O003353,C00094,2024-01-31,Delivered,0.0
O003354,C00221,2025-03-06,Delivered,19.99
O003355,C00446,2025-12-03,Shipped,4.99
O003356,C00097,2025-12-20,Delivered,19.99
O003357,C00528,2025-02-03,Delivered,0.0
O003358,C00952,2024-12-16,Returned,7.99
O003359,C00467,2025-12-12,Shipped,4.99
O003360,C00545,2025-06-18,Delivered,12.99
O003361,C00924,2024-02-29,Shipped,4.99
O003362,C00738,2024-12-19,Delivered,0.0
O003363,C00150,2024-08-07,Shipped,12.99
O003364,C00288,2024-12-21,Delivered,4.99
O003365,C00775,2024-12-15,Delivered,0.0
O003366,C00807,2025-03-19,Shipped,4.99
O003367,C00658,2024-11-10,Delivered,7.99
O003368,C00648,2024-06-11,Processing,0.0
O003369,C00413,2025-01-03,Delivered,4.99
O003370,C00175,2025-11-01,Returned,0.0
O003371,C00600,2025-06-11,Returned,7.99
O003372,C00171,2024-11-04,Delivered,7.99
O003373,C00149,2025-12-09,Shipped,4.99
O003374,C00021,2025-11-30,Delivered,4.99
O003375,C00923,2024-07-15,Cancelled,0.0
O003376,C00023,2024-02-02,Delivered,0.0
O003377,C00884,2025-08-09,Shipped,0.0
O003378,C00816,2025-10-31,Delivered,4.99
O003379,C00364,2025-12-20,Delivered,4.99
O003380,C00342,2025-11-22,Delivered,19.99
O003381,C00342,2025-04-08,Delivered,0.0
O003382,C00049,2025-01-25,Shipped,7.99
O003383,C00365,2024-01-23,Delivered,4.99
O003384,C00087,2024-08-12,Delivered,4.99
O003385,C00306,2024-12-17,Delivered,12.99
O003386,C00728,2025-05-08,Delivered,0.0
O003387,C00426,2025-02-21,Delivered,0.0
O003388,C00100,2025-08-10,Shipped,7.99
O003389,C00958,2024-09-09,Processing,4.99
O003390,C00734,2025-03-01,Delivered,0.0
O003391,C00738,2024-03-25,Delivered,0.0
O003392,C00579,2024-12-01,Delivered,4.99
O003393,C00839,2025-08-15,Delivered,7.99
O003394,C00316,2025-07-03,Delivered,0.0
O003395,C00970,2025-12-28,Shipped,4.99
O003396,C00477,2024-09-07,Delivered,4.99
O003397,C00439,2024-12-31,Shipped,4.99
O003398,C00693,2024-11-01,Delivered,19.99
O003399,C00080,2024-12-10,Delivered,0.0
O003400,C00009,2025-11-11,Delivered,19.99
O003401,C00595,2025-06-26,Delivered,7.99
O003402,C00613,2025-11-20,Delivered,7.99
O003403,C00492,2024-07-10,Cancelled,4.99
O003404,C00614,2025-11-16,Delivered,4.99
O003405,C00879,2024-02-24,Shipped,12.99
O003406,C00285,2025-11-22,Delivered,12.99
O003407,C00467,2024-11-01,Delivered,0.0
O003408,C00386,2024-10-16,Delivered,0.0
O003409,C00356,2025-01-10,Delivered,4.99
O003410,C00897,2025-12-10,Delivered,12.99
O003411,C00173,2024-02-11,Delivered,4.99
O003412,C00233,2024-11-09,Delivered,7.99
O003413,C00339,2025-11-10,Delivered,7.99
O003414,C00410,2024-11-24,Delivered,7.99
O003415,C00419,2024-07-07,Delivered,7.99
O003416,C00936,2024-12-05,Delivered,4.99
O003417,C00740,2024-11-21,Returned,19.99
O003418,C00056,2025-12-01,Delivered,7.99
O003419,C00306,2025-08-24,Shipped,7.99
O003420,C00874,2025-01-04,Delivered,4.99
O003421,C00598,2025-12-27,Delivered,7.99
O003422,C00766,2024-12-19,Delivered,0.0
O003423,C00371,2024-02-22,Returned,0.0
O003424,C00483,2024-08-24,Delivered,7.99
O003425,C00883,2024-12-09,Shipped,4.99
O003426,C00039,2024-06-05,Delivered,7.99
O003427,C00223,2025-12-13,Delivered,0.0
O003428,C00862,2025-08-28,Delivered,7.99
O003429,C00573,2024-08-29,Delivered,4.99
O003430,C00711,2025-03-29,Delivered,7.99
O003431,C00164,2025-07-24,Delivered,0.0
O003432,C00662,2025-12-11,Delivered,7.99
O003433,C00841,2025-11-19,Processing,12.99
O003434,C00391,2025-01-13,Delivered,0.0
O003435,C00583,2025-09-04,Shipped,4.99
O003436,C00650,2025-02-26,Delivered,7.99
O003437,C00441,2025-02-16,Delivered,7.99
O003438,C00386,2024-04-23,Returned,7.99
O003439,C00538,2024-05-05,Cancelled,7.99
O003440,C00286,2025-01-24,Shipped,4.99
O003441,C00684,2024-08-29,Delivered,4.99
O003442,C00646,2024-01-18,Delivered,0.0
O003443,C00793,2025-07-26,Delivered,0.0
O003444,C00940,2024-01-27,Delivered,7.99
O003445,C00650,2025-04-02,Delivered,0.0
O003446,C00145,2025-02-02,Shipped,19.99
O003447,C00223,2025-12-20,Cancelled,12.99
O003448,C00954,2024-12-26,Delivered,12.99
O003449,C00312,2024-02-28,Delivered,12.99
O003450,C00455,2025-02-15,Cancelled,4.99
O003451,C00287,2025-11-05,Delivered,12.99
O003452,C00665,2025-12-30,Delivered,0.0
O003453,C00405,2024-12-07,Delivered,0.0
O003454,C00560,2024-10-22,Delivered,7.99
O003455,C00521,2025-11-28,Processing,0.0
O003456,C00769,2024-07-01,Delivered,19.99
O003457,C00408,2025-04-24,Delivered,7.99
O003458,C00479,2024-11-28,Delivered,7.99
O003459,C00496,2024-02-04,Cancelled,0.0
O003460,C00542,2024-11-07,Cancelled,7.99
O003461,C00021,2024-08-26,Delivered,0.0
O003462,C00753,2025-06-27,Delivered,12.99
O003463,C00069,2025-12-13,Delivered,0.0
O003464,C00528,2024-08-29,Delivered,7.99
O003465,C00807,2025-10-13,Delivered,0.0
O003466,C00009,2024-02-19,Delivered,0.0
O003467,C00529,2025-01-31,Delivered,4.99
O003468,C00258,2024-03-06,Delivered,0.0
O003469,C00131,2025-12-08,Delivered,7.99
O003470,C00799,2025-08-28,Cancelled,0.0
O003471,C00770,2025-06-06,Delivered,4.99
O003472,C00676,2025-10-27,Delivered,7.99
O003473,C00475,2025-05-28,Processing,0.0
O003474,C00598,2025-12-20,Delivered,4.99
O003475,C00836,2025-07-19,Delivered,12.99
O003476,C00482,2025-12-05,Delivered,0.0
O003477,C00651,2025-01-14,Delivered,0.0
O003478,C00850,2024-04-25,Shipped,4.99
O003479,C00029,2025-01-23,Delivered,4.99
O003480,C00407,2024-05-06,Shipped,4.99
O003481,C00347,2025-03-30,Delivered,4.99
O003482,C00036,2024-12-25,Delivered,7.99
O003483,C00647,2025-05-02,Delivered,0.0
O003484,C00364,2024-01-09,Delivered,4.99
O003485,C00632,2024-07-04,Delivered,4.99
O003486,C00390,2024-12-28,Delivered,7.99
O003487,C00067,2025-12-14,Delivered,19.99
O003488,C00873,2024-11-20,Delivered,4.99
O003489,C00400,2024-12-04,Shipped,19.99
O003490,C00821,2025-07-19,Delivered,4.99
O003491,C00958,2025-04-11,Returned,0.0
O003492,C00494,2024-09-29,Delivered,0.0
O003493,C00520,2024-11-30,Delivered,4.99
O003494,C00860,2024-07-21,Shipped,4.99
O003495,C00760,2025-12-19,Delivered,0.0
O003496,C00066,2024-05-10,Delivered,4.99
O003497,C00381,2024-11-16,Delivered,4.99
O003498,C00707,2024-01-22,Delivered,0.0
O003499,C00316,2024-07-24,Delivered,0.0
O003500,C00281,2025-09-10,Processing,12.99
O003501,C00082,2024-07-09,Delivered,4.99
O003502,C00855,2024-03-17,Cancelled,7.99
O003503,C00729,2024-12-22,Delivered,7.99
O003504,C00949,2024-01-09,Delivered,4.99
O003505,C00012,2024-03-22,Delivered,0.0
O003506,C00972,2025-10-09,Cancelled,4.99
O003507,C00722,2025-09-01,Cancelled,7.99
O003508,C00719,2025-12-01,Delivered,4.99
O003509,C00999,2025-11-10,Delivered,0.0
O003510,C00393,2025-06-25,Delivered,0.0
O003511,C00403,2024-02-16,Delivered,12.99
O003512,C00450,2025-09-13,Delivered,4.99
O003513,C00587,2025-11-07,Cancelled,7.99
O003514,C00976,2025-09-30,Delivered,4.99
O003515,C00267,2025-01-07,Shipped,12.99
O003516,C00592,2024-08-02,Delivered,4.99
O003517,C00625,2025-11-06,Delivered,4.99
O003518,C00272,2025-07-29,Delivered,19.99
O003519,C00353,2025-12-25,Delivered,7.99
O003520,C00776,2024-06-04,Cancelled,0.0
O003521,C00331,2024-07-27,Delivered,0.0
O003522,C00947,2024-07-17,Delivered,7.99
O003523,C00403,2025-09-23,Delivered,12.99
O003524,C00224,2024-06-28,Delivered,4.99
O003525,C00525,2024-03-02,Delivered,7.99
O003526,C00490,2025-12-31,Shipped,7.99
O003527,C00582,2024-01-21,Delivered,4.99
O003528,C00967,2025-11-03,Shipped,7.99
O003529,C00122,2024-11-13,Delivered,0.0
O003530,C00377,2025-11-05,Delivered,19.99
O003531,C00947,2025-02-18,Processing,7.99
O003532,C00122,2025-11-27,Delivered,7.99
O003533,C00293,2025-12-05,Cancelled,4.99
O003534,C00107,2024-01-08,Delivered,0.0
O003535,C00903,2024-03-12,Delivered,4.99
O003536,C00325,2024-08-15,Cancelled,7.99
O003537,C00371,2025-06-15,Cancelled,7.99
O003538,C00429,2025-11-22,Delivered,4.99
O003539,C00322,2024-12-17,Delivered,7.99
O003540,C00216,2025-04-15,Delivered,12.99
O003541,C00569,2024-06-29,Shipped,0.0
O003542,C00452,2025-10-06,Delivered,4.99
O003543,C00607,2025-12-20,Shipped,7.99
O003544,C00613,2024-08-29,Delivered,4.99
O003545,C00815,2024-12-29,Delivered,7.99
O003546,C00523,2024-03-23,Delivered,4.99
O003547,C00463,2025-02-23,Delivered,19.99
O003548,C00212,2025-01-02,Returned,0.0
O003549,C00842,2024-05-24,Delivered,4.99
O003550,C00263,2024-12-11,Returned,0.0
O003551,C00030,2024-11-02,Delivered,0.0
O003552,C00138,2025-01-18,Shipped,4.99
O003553,C00714,2025-03-23,Shipped,0.0
O003554,C00925,2024-01-07,Delivered,19.99
O003555,C00602,2025-08-24,Delivered,19.99
O003556,C00790,2025-07-18,Delivered,4.99
O003557,C00844,2024-11-14,Cancelled,7.99
O003558,C00122,2024-02-17,Shipped,4.99
O003559,C00753,2025-08-19,Delivered,12.99
O003560,C00894,2025-12-16,Cancelled,7.99
O003561,C00315,2024-08-07,Delivered,0.0
O003562,C00238,2024-10-26,Delivered,7.99
O003563,C00016,2024-06-25,Cancelled,7.99
O003564,C00239,2025-03-14,Delivered,4.99
O003565,C00126,2024-06-03,Shipped,12.99
O003566,C00790,2024-11-10,Delivered,12.99
O003567,C00276,2025-07-06,Delivered,4.99
O003568,C00047,2025-02-24,Delivered,7.99
O003569,C00541,2024-11-21,Delivered,19.99
O003570,C00235,2024-12-03,Shipped,0.0
O003571,C00204,2025-02-26,Delivered,4.99
O003572,C00889,2024-01-05,Delivered,0.0
O003573,C00529,2024-03-15,Delivered,12.99
O003574,C00160,2025-11-19,Delivered,7.99
O003575,C00272,2024-03-14,Shipped,0.0
O003576,C00443,2025-07-13,Delivered,19.99
O003577,C00088,2025-12-03,Delivered,7.99
O003578,C00713,2024-08-31,Cancelled,12.99
O003579,C00314,2024-11-15,Delivered,0.0
O003580,C00418,2025-03-05,Shipped,4.99
O003581,C00208,2025-11-19,Delivered,7.99
O003582,C00339,2025-12-11,Delivered,4.99
O003583,C00611,2025-08-07,Cancelled,7.99
O003584,C00180,2024-03-24,Delivered,12.99
O003585,C00541,2025-06-15,Delivered,4.99
O003586,C00718,2024-11-29,Delivered,12.99
O003587,C00913,2024-12-21,Delivered,0.0
O003588,C00196,2024-02-13,Delivered,0.0
O003589,C00781,2024-07-01,Shipped,0.0
O003590,C00258,2025-09-21,Delivered,4.99
O003591,C00726,2024-12-15,Delivered,4.99
O003592,C00806,2024-10-02,Cancelled,12.99
O003593,C00861,2024-11-20,Delivered,7.99
O003594,C00333,2025-11-10,Delivered,4.99
O003595,C00293,2025-08-14,Cancelled,7.99
O003596,C00105,2024-09-01,Shipped,0.0
O003597,C00730,2024-04-26,Delivered,0.0
O003598,C00703,2024-08-16,Delivered,7.99
O003599,C00060,2025-12-03,Delivered,7.99
O003600,C00003,2025-03-19,Delivered,7.99
O003601,C00678,2025-01-28,Delivered,4.99
O003602,C00103,2025-04-04,Shipped,7.99
O003603,C00452,2024-11-14,Returned,7.99
O003604,C00322,2025-10-09,Shipped,19.99
O003605,C00665,2025-01-19,Delivered,0.0
O003606,C00566,2024-04-25,Shipped,7.99
O003607,C00948,2024-05-08,Delivered,7.99
O003608,C00878,2025-01-30,Delivered,19.99
O003609,C00914,2025-12-09,Delivered,0.0
O003610,C00515,2024-10-09,Delivered,4.99
O003611,C00579,2025-11-15,Cancelled,4.99
O003612,C00140,2025-08-26,Delivered,4.99
O003613,C00629,2024-08-13,Delivered,0.0
O003614,C00862,2024-01-30,Returned,0.0
O003615,C00211,2024-04-09,Delivered,7.99
O003616,C00759,2025-07-30,Shipped,4.99
O003617,C00619,2024-07-07,Delivered,0.0
O003618,C00313,2024-11-16,Delivered,4.99
O003619,C00656,2025-01-02,Cancelled,0.0
O003620,C00592,2025-07-28,Delivered,19.99
O003621,C00080,2024-04-21,Delivered,7.99
O003622,C00654,2024-11-28,Delivered,12.99
O003623,C00072,2024-12-26,Delivered,4.99
O003624,C00353,2025-02-03,Delivered,12.99
O003625,C00497,2025-10-21,Delivered,4.99
O003626,C00252,2024-06-16,Delivered,7.99
O003627,C00876,2025-10-09,Shipped,4.99
O003628,C00428,2025-07-03,Delivered,7.99
O003629,C00197,2025-02-19,Delivered,7.99
O003630,C00486,2025-07-08,Delivered,0.0
O003631,C00135,2024-11-30,Returned,0.0
O003632,C00746,2024-05-18,Cancelled,7.99
O003633,C00762,2025-06-12,Delivered,4.99
O003634,C00413,2025-01-20,Cancelled,0.0
O003635,C00528,2025-05-19,Delivered,4.99
O003636,C00842,2024-11-04,Delivered,4.99
O003637,C00978,2025-11-28,Delivered,12.99
O003638,C00863,2025-03-25,Delivered,0.0
O003639,C00488,2024-03-22,Delivered,4.99
O003640,C00221,2024-12-13,Delivered,12.99
O003641,C00638,2025-08-20,Processing,7.99
O003642,C00637,2025-09-25,Shipped,0.0
O003643,C00802,2024-12-29,Delivered,12.99
O003644,C00924,2025-11-24,Shipped,4.99
O003645,C00778,2024-08-28,Delivered,4.99
O003646,C00466,2024-11-30,Delivered,19.99
O003647,C00814,2025-11-25,Delivered,19.99
O003648,C00077,2025-11-25,Delivered,4.99
O003649,C00866,2025-06-27,Delivered,0.0
O003650,C00558,2025-11-11,Shipped,4.99
O003651,C00143,2024-03-26,Delivered,0.0
O003652,C00586,2025-11-13,Delivered,0.0
O003653,C00128,2024-10-23,Delivered,4.99
O003654,C00636,2024-06-21,Delivered,19.99
O003655,C00129,2024-08-07,Cancelled,12.99
O003656,C00299,2024-12-02,Delivered,4.99
O003657,C00011,2024-08-16,Returned,7.99
O003658,C00929,2024-10-23,Processing,0.0
O003659,C00542,2024-05-14,Delivered,0.0
O003660,C00212,2024-09-26,Delivered,0.0
O003661,C00741,2025-03-09,Cancelled,7.99
O003662,C00694,2024-12-11,Processing,0.0
O003663,C00337,2024-11-07,Delivered,12.99
O003664,C00804,2025-08-13,Shipped,7.99
O003665,C00816,2025-11-24,Shipped,0.0
O003666,C00275,2025-08-20,Delivered,0.0
O003667,C00784,2024-11-02,Delivered,7.99
O003668,C00132,2025-08-11,Shipped,12.99
O003669,C00196,2024-06-01,Delivered,7.99
O003670,C00863,2024-05-09,Delivered,4.99
O003671,C00324,2024-11-06,Delivered,7.99
O003672,C00391,2025-10-09,Delivered,4.99
O003673,C00043,2024-08-12,Delivered,19.99
O003674,C00477,2024-02-28,Cancelled,7.99
O003675,C00029,2024-05-11,Delivered,7.99
O003676,C00413,2025-11-11,Delivered,4.99
O003677,C00479,2025-05-13,Delivered,7.99
O003678,C00318,2024-08-17,Delivered,4.99
O003679,C00274,2025-02-19,Delivered,0.0
O003680,C00089,2025-01-23,Delivered,4.99
O003681,C00443,2025-06-04,Delivered,19.99
O003682,C00513,2024-08-02,Delivered,7.99
O003683,C00355,2025-11-13,Delivered,0.0
O003684,C00325,2024-10-11,Delivered,12.99
O003685,C00560,2025-07-04,Returned,0.0
O003686,C00886,2024-01-14,Delivered,0.0
O003687,C00402,2024-11-16,Delivered,0.0
O003688,C00119,2024-11-09,Shipped,7.99
O003689,C00817,2025-02-06,Delivered,4.99
O003690,C00803,2024-03-09,Delivered,4.99
O003691,C00830,2025-09-21,Delivered,7.99
O003692,C00108,2024-07-21,Delivered,4.99
O003693,C00663,2025-06-21,Shipped,7.99
O003694,C00333,2025-10-04,Returned,0.0
O003695,C00934,2025-02-26,Delivered,7.99
O003696,C00088,2025-08-08,Delivered,7.99
O003697,C00466,2025-06-09,Delivered,7.99
O003698,C00364,2024-11-10,Returned,4.99
O003699,C00977,2025-10-11,Cancelled,7.99
O003700,C00418,2024-09-25,Delivered,0.0
O003701,C00975,2025-03-08,Delivered,12.99
O003702,C00265,2025-08-12,Delivered,0.0
O003703,C00620,2024-11-18,Delivered,0.0
O003704,C00893,2024-10-04,Delivered,7.99
O003705,C00994,2024-12-17,Delivered,7.99
O003706,C00832,2025-10-20,Delivered,0.0
O003707,C00681,2025-12-07,Returned,19.99
O003708,C00104,2025-02-08,Processing,19.99
O003709,C00426,2025-06-09,Delivered,7.99
O003710,C00940,2025-11-27,Delivered,4.99
O003711,C00751,2024-04-05,Cancelled,7.99
O003712,C00200,2024-08-01,Delivered,4.99
O003713,C00400,2025-07-15,Delivered,4.99
O003714,C00321,2025-10-26,Delivered,12.99
O003715,C00723,2025-11-11,Delivered,19.99
O003716,C00744,2024-12-01,Delivered,19.99
O003717,C00180,2024-03-27,Delivered,0.0
O003718,C00210,2024-12-09,Delivered,0.0
O003719,C00971,2024-07-31,Delivered,0.0
O003720,C00327,2024-09-21,Delivered,4.99
O003721,C00549,2025-09-01,Delivered,4.99
O003722,C00554,2024-03-12,Cancelled,4.99
O003723,C00578,2025-10-30,Delivered,7.99
O003724,C00073,2024-12-06,Delivered,7.99
O003725,C00273,2025-04-03,Delivered,7.99
O003726,C00467,2024-03-27,Delivered,12.99
O003727,C00361,2024-11-03,Delivered,0.0
O003728,C00896,2024-03-27,Shipped,0.0
O003729,C00846,2025-12-18,Delivered,7.99
O003730,C00319,2025-10-09,Delivered,4.99
O003731,C00179,2024-12-17,Delivered,7.99
O003732,C00585,2024-07-26,Delivered,0.0
O003733,C00379,2025-12-08,Delivered,0.0
O003734,C00805,2024-11-06,Delivered,7.99
O003735,C00095,2024-06-08,Delivered,12.99
O003736,C00767,2025-02-27,Delivered,12.99
O003737,C00341,2025-12-11,Delivered,4.99
O003738,C00938,2024-01-04,Delivered,4.99
O003739,C00046,2024-08-06,Delivered,12.99
O003740,C00008,2025-12-10,Delivered,4.99
O003741,C00525,2024-06-16,Delivered,4.99
O003742,C00434,2024-04-21,Delivered,12.99
O003743,C00851,2025-03-07,Delivered,7.99
O003744,C00267,2025-11-12,Processing,12.99
O003745,C00075,2024-12-23,Shipped,0.0
O003746,C00594,2025-12-30,Delivered,4.99
O003747,C00694,2025-06-22,Delivered,12.99
O003748,C00883,2024-03-10,Delivered,0.0
O003749,C00492,2025-12-29,Delivered,7.99
O003750,C00363,2024-11-29,Delivered,0.0
O003751,C00460,2024-09-17,Delivered,12.99
O003752,C00799,2025-02-21,Cancelled,7.99
O003753,C00963,2024-10-05,Shipped,0.0
O003754,C00298,2024-03-23,Delivered,4.99
O003755,C00966,2024-01-02,Delivered,7.99
O003756,C00067,2024-12-13,Delivered,7.99
O003757,C00863,2025-11-03,Shipped,4.99
O003758,C00784,2025-03-09,Shipped,12.99
O003759,C00936,2025-12-31,Cancelled,4.99
O003760,C00906,2024-09-17,Delivered,4.99
O003761,C00899,2024-09-10,Delivered,0.0
O003762,C00500,2024-06-07,Delivered,19.99
O003763,C00005,2024-06-10,Delivered,0.0
O003764,C00523,2024-09-15,Delivered,4.99
O003765,C00279,2025-09-23,Delivered,12.99
O003766,C00469,2025-11-28,Delivered,0.0
O003767,C00265,2025-12-23,Delivered,4.99
O003768,C00226,2024-08-01,Delivered,0.0
O003769,C00272,2025-11-19,Delivered,7.99
O003770,C00963,2024-10-31,Delivered,7.99
O003771,C00728,2024-04-21,Delivered,12.99
O003772,C00964,2025-11-15,Delivered,12.99
O003773,C00187,2025-05-16,Delivered,7.99
O003774,C00022,2024-06-11,Delivered,7.99
O003775,C00798,2024-12-06,Processing,4.99
O003776,C00436,2024-09-17,Delivered,4.99
O003777,C00857,2025-08-05,Delivered,7.99
O003778,C00748,2024-12-15,Delivered,12.99
O003779,C00135,2025-12-28,Cancelled,4.99
O003780,C00493,2024-02-19,Delivered,4.99
O003781,C00096,2024-11-10,Delivered,4.99
O003782,C00537,2024-12-25,Delivered,4.99
O003783,C00568,2025-01-03,Delivered,0.0
O003784,C00327,2024-10-18,Shipped,4.99
O003785,C00008,2025-07-30,Delivered,4.99
O003786,C00933,2025-11-17,Cancelled,7.99
O003787,C00649,2025-12-10,Cancelled,4.99
O003788,C00841,2025-10-06,Delivered,7.99
O003789,C00291,2025-11-08,Delivered,12.99
O003790,C00748,2025-02-14,Delivered,19.99
O003791,C00118,2025-10-29,Shipped,7.99
O003792,C00794,2024-10-04,Delivered,0.0
O003793,C00920,2024-11-25,Processing,19.99
O003794,C00351,2024-10-19,Delivered,7.99
O003795,C00829,2024-12-20,Delivered,4.99
O003796,C00741,2024-09-15,Cancelled,0.0
O003797,C00066,2025-12-18,Delivered,0.0
O003798,C00797,2024-10-14,Delivered,0.0
O003799,C00368,2024-04-05,Delivered,0.0
O003800,C00834,2025-01-22,Delivered,12.99
O003801,C00525,2024-02-21,Delivered,4.99
O003802,C00209,2024-04-18,Delivered,7.99
O003803,C00029,2024-07-23,Delivered,12.99
O003804,C00759,2024-12-19,Processing,7.99
O003805,C00979,2024-12-08,Processing,12.99
O003806,C00318,2025-10-01,Delivered,19.99
O003807,C00651,2025-08-07,Shipped,4.99
O003808,C00472,2024-12-05,Delivered,19.99
O003809,C00246,2024-11-02,Delivered,7.99
O003810,C00523,2024-10-18,Delivered,0.0
O003811,C00992,2025-09-03,Returned,7.99
O003812,C00120,2024-02-16,Returned,7.99
O003813,C00308,2024-01-11,Delivered,12.99
O003814,C00782,2025-09-26,Delivered,4.99
O003815,C00529,2024-12-23,Delivered,7.99
O003816,C00337,2024-05-10,Delivered,0.0
O003817,C00635,2024-08-04,Delivered,4.99
O003818,C00991,2025-12-07,Delivered,0.0
O003819,C00986,2025-11-12,Shipped,4.99
O003820,C00943,2025-07-16,Delivered,12.99
O003821,C00475,2024-12-25,Returned,0.0
O003822,C00898,2025-01-17,Delivered,4.99
O003823,C00267,2025-12-23,Delivered,0.0
O003824,C00312,2025-12-19,Shipped,0.0
O003825,C00831,2024-07-19,Shipped,4.99
O003826,C00868,2025-10-13,Delivered,0.0
O003827,C00160,2024-07-06,Delivered,7.99
O003828,C00613,2024-07-18,Returned,0.0
O003829,C00133,2025-06-20,Delivered,0.0
O003830,C00361,2024-11-28,Delivered,4.99
O003831,C00467,2025-12-07,Delivered,7.99
O003832,C00607,2024-03-26,Shipped,0.0
O003833,C00708,2025-01-10,Shipped,7.99
O003834,C00805,2025-12-03,Cancelled,12.99
O003835,C00362,2025-11-27,Delivered,7.99
O003836,C00675,2024-06-05,Delivered,0.0
O003837,C00499,2024-11-14,Delivered,7.99
O003838,C00987,2025-04-28,Shipped,7.99
O003839,C00863,2024-06-07,Delivered,0.0
O003840,C00054,2025-12-20,Delivered,12.99
O003841,C00523,2025-12-01,Delivered,12.99
O003842,C00540,2024-06-13,Delivered,12.99
O003843,C00107,2024-04-29,Cancelled,12.99
O003844,C00925,2024-03-22,Delivered,7.99
O003845,C00784,2025-11-29,Processing,7.99
O003846,C00700,2024-07-03,Delivered,7.99
O003847,C00882,2024-12-02,Cancelled,12.99
O003848,C00819,2024-12-13,Shipped,7.99
O003849,C00536,2025-04-06,Delivered,4.99
O003850,C00727,2024-03-08,Processing,4.99
O003851,C00184,2024-07-28,Delivered,12.99
O003852,C00566,2025-12-07,Cancelled,0.0
O003853,C00768,2025-11-29,Cancelled,7.99
O003854,C00870,2025-09-11,Shipped,19.99
O003855,C00754,2024-01-16,Delivered,7.99
O003856,C00281,2024-10-29,Delivered,19.99
O003857,C00329,2025-05-07,Delivered,7.99
O003858,C00657,2024-09-04,Delivered,0.0
O003859,C00748,2025-11-29,Shipped,12.99
O003860,C00322,2025-05-14,Shipped,0.0
O003861,C00297,2024-03-08,Cancelled,4.99
O003862,C00096,2025-11-29,Delivered,4.99
O003863,C00003,2025-12-16,Shipped,0.0
O003864,C00711,2024-03-14,Returned,4.99
O003865,C00774,2025-01-27,Shipped,4.99
O003866,C00093,2024-10-04,Delivered,7.99
O003867,C00719,2024-11-23,Delivered,12.99
O003868,C00678,2024-06-22,Delivered,0.0
O003869,C00332,2025-03-15,Delivered,0.0
O003870,C00924,2025-12-17,Delivered,7.99
O003871,C00179,2025-01-03,Processing,7.99
O003872,C00247,2024-03-20,Delivered,12.99
O003873,C00663,2025-04-29,Delivered,0.0
O003874,C00363,2024-11-04,Delivered,12.99
O003875,C00384,2025-11-10,Shipped,4.99
O003876,C00175,2024-12-08,Returned,7.99
O003877,C00626,2024-07-02,Shipped,0.0
O003878,C00191,2024-07-01,Delivered,4.99
O003879,C00029,2025-08-30,Delivered,0.0
O003880,C00632,2024-08-27,Cancelled,0.0
O003881,C00716,2025-08-28,Delivered,4.99
O003882,C00900,2024-07-12,Delivered,12.99
O003883,C00172,2024-10-24,Delivered,7.99
O003884,C00716,2024-12-19,Delivered,7.99
O003885,C00361,2025-12-11,Delivered,4.99
O003886,C00579,2025-12-07,Delivered,4.99
O003887,C00175,2024-07-13,Delivered,19.99
O003888,C00887,2024-11-11,Delivered,7.99
O003889,C00553,2024-05-30,Delivered,0.0
O003890,C00711,2025-01-08,Delivered,0.0
O003891,C00556,2024-12-17,Delivered,7.99
O003892,C00465,2025-11-26,Delivered,4.99
O003893,C00400,2025-12-07,Delivered,0.0
O003894,C00115,2024-11-20,Delivered,12.99
O003895,C00611,2024-12-28,Delivered,7.99
O003896,C00175,2025-11-25,Delivered,7.99
O003897,C00732,2025-10-08,Delivered,0.0
O003898,C00024,2024-01-04,Cancelled,4.99
O003899,C00344,2024-10-22,Delivered,19.99
O003900,C00777,2024-12-04,Delivered,12.99
O003901,C00663,2024-07-30,Delivered,0.0
O003902,C00896,2024-07-07,Processing,0.0
O003903,C00285,2024-02-01,Delivered,4.99
O003904,C00510,2025-05-24,Delivered,4.99
O003905,C00942,2024-08-24,Delivered,7.99
O003906,C00634,2024-02-16,Shipped,19.99
O003907,C00593,2024-07-31,Shipped,4.99
O003908,C00801,2025-10-03,Delivered,0.0
O003909,C00191,2025-11-09,Delivered,12.99
O003910,C00397,2024-12-25,Delivered,0.0
O003911,C00762,2024-12-01,Returned,19.99
O003912,C00612,2025-12-24,Delivered,7.99
O003913,C00832,2024-07-08,Delivered,19.99
O003914,C00157,2024-07-19,Cancelled,0.0
O003915,C00875,2024-09-22,Cancelled,0.0
O003916,C00802,2024-06-17,Processing,4.99
O003917,C00046,2024-11-18,Cancelled,4.99
O003918,C00251,2025-11-30,Processing,4.99
O003919,C00929,2025-04-24,Delivered,19.99
O003920,C00475,2024-11-30,Cancelled,12.99
O003921,C00993,2025-12-08,Shipped,7.99
O003922,C00839,2024-02-12,Delivered,0.0
O003923,C00235,2024-07-16,Delivered,7.99
O003924,C00864,2025-03-02,Processing,7.99
O003925,C00941,2025-04-24,Delivered,4.99
O003926,C00497,2024-02-02,Cancelled,19.99
O003927,C00305,2024-11-27,Delivered,0.0
O003928,C00963,2025-05-30,Delivered,0.0
O003929,C00684,2025-07-07,Delivered,0.0
O003930,C00351,2025-05-18,Delivered,7.99
O003931,C00297,2024-10-23,Delivered,7.99
O003932,C00502,2024-03-31,Delivered,4.99
O003933,C00974,2024-12-05,Delivered,0.0
O003934,C00720,2024-05-08,Delivered,0.0
O003935,C00811,2025-12-13,Delivered,0.0
O003936,C00482,2024-12-23,Delivered,4.99
O003937,C00576,2024-10-19,Shipped,0.0
O003938,C00109,2025-08-28,Delivered,0.0
O003939,C00803,2024-12-31,Delivered,12.99
O003940,C00097,2024-10-11,Delivered,4.99
O003941,C00691,2025-10-14,Delivered,7.99
O003942,C00295,2025-11-14,Delivered,0.0
O003943,C00743,2025-06-18,Delivered,4.99
O003944,C00304,2024-02-10,Cancelled,4.99
O003945,C00494,2025-03-02,Returned,0.0
O003946,C00219,2025-08-25,Shipped,0.0
O003947,C00311,2024-05-16,Delivered,12.99
O003948,C00314,2024-07-30,Delivered,19.99
O003949,C00782,2025-11-20,Delivered,0.0
O003950,C00704,2024-01-17,Shipped,4.99
O003951,C00155,2025-08-17,Processing,19.99
O003952,C00507,2024-12-22,Delivered,0.0
O003953,C00389,2024-12-12,Delivered,7.99
O003954,C00074,2024-01-06,Delivered,19.99
O003955,C00338,2025-10-22,Shipped,19.99
O003956,C00264,2024-11-11,Cancelled,4.99
O003957,C00351,2025-02-03,Delivered,0.0
O003958,C00836,2025-06-21,Returned,0.0
O003959,C00236,2025-07-10,Delivered,12.99
O003960,C00250,2025-12-16,Cancelled,12.99
O003961,C00520,2025-01-26,Returned,7.99
O003962,C00130,2024-11-26,Cancelled,7.99
O003963,C00047,2025-12-15,Delivered,7.99
O003964,C00941,2025-05-22,Delivered,7.99
O003965,C00579,2024-09-29,Delivered,12.99
O003966,C00106,2024-05-05,Delivered,7.99
O003967,C00867,2025-11-05,Cancelled,4.99
O003968,C00689,2024-11-12,Delivered,0.0
O003969,C00957,2025-06-08,Delivered,7.99
O003970,C00947,2024-12-21,Shipped,4.99
O003971,C00603,2024-07-07,Delivered,0.0
O003972,C00631,2025-04-09,Delivered,12.99
O003973,C00739,2024-02-25,Delivered,7.99
O003974,C00139,2024-12-01,Delivered,19.99
O003975,C00646,2025-02-09,Delivered,0.0
O003976,C00310,2024-12-09,Cancelled,7.99
O003977,C00315,2025-08-14,Delivered,0.0
O003978,C00265,2025-10-31,Cancelled,12.99
O003979,C00576,2025-08-31,Delivered,0.0
O003980,C00052,2024-02-02,Delivered,7.99
O003981,C00801,2024-07-03,Delivered,7.99
O003982,C00801,2025-01-30,Delivered,4.99
O003983,C00942,2025-12-08,Delivered,19.99
O003984,C00077,2025-11-03,Delivered,12.99
O003985,C00745,2025-11-05,Delivered,0.0
O003986,C00653,2024-10-04,Delivered,0.0
O003987,C00686,2024-12-06,Delivered,0.0
O003988,C00684,2024-12-21,Delivered,0.0
O003989,C00763,2024-06-05,Shipped,12.99
O003990,C00630,2024-01-26,Returned,19.99
O003991,C00222,2025-12-13,Delivered,0.0
O003992,C00601,2024-08-08,Delivered,4.99
O003993,C00380,2024-08-07,Returned,4.99
O003994,C00904,2024-03-20,Delivered,0.0
O003995,C00587,2025-12-06,Processing,4.99
O003996,C00037,2025-03-17,Delivered,4.99
O003997,C00412,2025-06-13,Cancelled,4.99
O003998,C00036,2025-11-30,Delivered,7.99
O003999,C00178,2024-11-06,Returned,7.99
O004000,C00396,2025-04-30,Delivered,0.0
O004001,C00180,2024-02-02,Delivered,12.99
O004002,C00142,2024-06-28,Delivered,7.99
O004003,C00325,2025-11-01,Delivered,12.99
O004004,C00726,2025-08-28,Shipped,4.99
O004005,C00920,2024-11-08,Delivered,12.99
O004006,C00097,2024-11-18,Returned,12.99
O004007,C00314,2025-01-28,Delivered,4.99
O004008,C00278,2024-01-01,Cancelled,4.99
O004009,C00415,2024-08-08,Delivered,19.99
O004010,C00264,2024-07-14,Processing,7.99
O004011,C00518,2024-08-15,Returned,19.99
O004012,C00236,2025-10-07,Delivered,7.99
O004013,C00213,2024-09-09,Cancelled,7.99
O004014,C00264,2024-07-01,Cancelled,0.0
O004015,C00810,2025-01-04,Delivered,0.0
O004016,C00165,2025-11-14,Delivered,19.99
O004017,C00318,2024-08-08,Delivered,4.99
O004018,C00520,2024-03-15,Shipped,0.0
O004019,C00812,2024-11-10,Delivered,7.99
O004020,C00796,2025-08-13,Delivered,7.99
O004021,C00068,2025-02-14,Delivered,0.0
O004022,C00066,2025-10-19,Delivered,0.0
O004023,C00629,2025-12-17,Cancelled,4.99
O004024,C00465,2025-09-23,Processing,0.0
O004025,C00668,2025-04-11,Delivered,7.99
O004026,C00131,2024-12-29,Delivered,4.99
O004027,C00943,2024-02-03,Shipped,12.99
O004028,C00303,2025-12-26,Delivered,12.99
O004029,C00228,2024-11-20,Delivered,7.99
O004030,C00911,2024-06-01,Delivered,4.99
O004031,C00743,2025-06-13,Delivered,4.99
O004032,C00265,2024-09-14,Delivered,4.99
O004033,C00760,2025-03-23,Shipped,4.99
O004034,C00811,2025-03-24,Delivered,12.99
O004035,C00093,2024-12-12,Cancelled,4.99
O004036,C00280,2025-11-03,Delivered,12.99
O004037,C00977,2024-08-26,Delivered,0.0
O004038,C00456,2024-12-13,Cancelled,0.0
O004039,C00382,2025-01-31,Delivered,19.99
O004040,C00703,2025-06-10,Delivered,7.99
O004041,C00463,2025-09-14,Delivered,4.99
O004042,C00066,2024-11-24,Delivered,4.99
O004043,C00991,2025-05-27,Cancelled,0.0
O004044,C00238,2024-05-31,Delivered,7.99
O004045,C00062,2025-12-08,Shipped,0.0
O004046,C00400,2024-11-20,Delivered,7.99
O004047,C00898,2025-07-31,Delivered,7.99
O004048,C00057,2024-01-17,Processing,12.99
O004049,C00885,2024-07-12,Shipped,4.99
O004050,C00096,2024-12-27,Delivered,0.0
O004051,C00583,2025-11-18,Delivered,7.99
O004052,C00063,2025-01-22,Delivered,0.0
O004053,C00741,2025-12-07,Delivered,0.0
O004054,C00840,2024-12-26,Shipped,0.0
O004055,C00117,2024-12-28,Shipped,4.99
O004056,C00565,2024-04-28,Delivered,0.0
O004057,C00149,2025-10-04,Shipped,4.99
O004058,C00639,2024-08-13,Delivered,19.99
O004059,C00924,2025-11-26,Delivered,7.99
O004060,C00235,2025-11-30,Delivered,0.0
O004061,C00568,2025-12-11,Returned,0.0
O004062,C00678,2025-01-17,Shipped,7.99
O004063,C00738,2025-06-21,Delivered,12.99
O004064,C00281,2025-09-08,Delivered,0.0
O004065,C00038,2024-05-10,Returned,12.99
O004066,C00033,2025-04-08,Delivered,7.99
O004067,C00165,2024-01-29,Delivered,4.99
O004068,C00796,2024-12-30,Processing,19.99
O004069,C00055,2024-06-03,Cancelled,7.99
O004070,C00202,2024-06-25,Delivered,12.99
O004071,C00921,2024-11-13,Delivered,4.99
O004072,C00554,2024-12-07,Delivered,7.99
O004073,C00523,2025-05-02,Delivered,7.99
O004074,C00148,2024-03-11,Returned,4.99
O004075,C00756,2025-01-03,Delivered,7.99
O004076,C00151,2024-06-24,Cancelled,0.0
O004077,C00131,2025-03-11,Delivered,0.0
O004078,C00879,2025-05-17,Delivered,4.99
O004079,C00509,2025-02-20,Delivered,7.99
O004080,C00840,2025-08-06,Shipped,12.99
O004081,C00268,2024-11-03,Delivered,4.99
O004082,C00680,2025-08-27,Delivered,7.99
O004083,C00979,2024-12-07,Delivered,0.0
O004084,C00487,2024-12-26,Delivered,12.99
O004085,C00685,2025-05-29,Delivered,7.99
O004086,C00034,2024-01-16,Delivered,7.99
O004087,C00942,2025-06-03,Delivered,7.99
O004088,C00816,2025-04-27,Delivered,0.0
O004089,C00426,2024-10-11,Delivered,4.99
O004090,C00605,2024-03-23,Delivered,19.99
O004091,C00329,2024-03-28,Delivered,0.0
O004092,C00583,2025-12-04,Delivered,7.99
O004093,C00261,2025-06-30,Delivered,19.99
O004094,C00240,2024-05-06,Cancelled,4.99
O004095,C00862,2024-11-10,Delivered,12.99
O004096,C00502,2025-03-30,Delivered,19.99
O004097,C00480,2025-11-03,Delivered,7.99
O004098,C00664,2024-02-07,Cancelled,0.0
O004099,C00646,2024-08-05,Shipped,4.99
O004100,C00121,2025-11-22,Delivered,0.0
O004101,C00735,2024-01-08,Delivered,12.99
O004102,C00798,2024-07-09,Delivered,12.99
O004103,C00088,2025-12-17,Processing,7.99
O004104,C00544,2025-04-22,Shipped,4.99
O004105,C00928,2024-08-24,Delivered,0.0
O004106,C00189,2024-03-03,Cancelled,7.99
O004107,C00851,2024-01-24,Shipped,7.99
O004108,C00835,2024-08-11,Delivered,12.99
O004109,C00173,2025-11-19,Delivered,7.99
O004110,C00131,2024-12-01,Delivered,12.99
O004111,C00942,2025-07-24,Delivered,7.99
O004112,C00940,2025-12-02,Shipped,7.99
O004113,C00733,2024-11-29,Delivered,4.99
O004114,C00074,2024-07-01,Shipped,12.99
O004115,C00193,2025-01-14,Processing,7.99
O004116,C00750,2025-11-29,Delivered,4.99
O004117,C00351,2025-10-06,Delivered,0.0
O004118,C00548,2024-03-01,Shipped,0.0
O004119,C00216,2025-07-02,Shipped,4.99
O004120,C00392,2025-03-08,Shipped,0.0
O004121,C00581,2025-11-29,Delivered,0.0
O004122,C00856,2024-05-01,Delivered,4.99
O004123,C00557,2025-01-28,Delivered,0.0
O004124,C00277,2025-11-19,Processing,12.99
O004125,C00926,2024-11-29,Delivered,4.99
O004126,C00441,2024-12-25,Returned,7.99
O004127,C00535,2024-03-06,Delivered,0.0
O004128,C00863,2024-09-07,Processing,4.99
O004129,C00041,2024-10-27,Delivered,4.99
O004130,C00047,2025-12-12,Delivered,12.99
O004131,C00828,2024-09-12,Delivered,7.99
O004132,C00920,2024-12-17,Delivered,0.0
O004133,C00654,2025-06-16,Delivered,7.99
O004134,C00511,2024-06-09,Delivered,0.0
O004135,C00615,2024-12-27,Delivered,19.99
O004136,C00575,2025-08-06,Delivered,19.99
O004137,C00235,2025-11-14,Shipped,7.99
O004138,C00263,2025-05-05,Delivered,7.99
O004139,C00758,2025-06-15,Delivered,12.99
O004140,C00471,2024-05-05,Cancelled,7.99
O004141,C00464,2025-12-12,Delivered,7.99
O004142,C00767,2024-05-12,Returned,19.99
O004143,C00789,2025-09-04,Delivered,7.99
O004144,C00445,2024-08-26,Delivered,7.99
O004145,C00125,2025-12-08,Delivered,12.99
O004146,C00200,2025-07-23,Delivered,7.99
O004147,C00723,2025-08-18,Delivered,7.99
O004148,C00479,2024-07-22,Delivered,0.0
O004149,C00273,2024-12-11,Delivered,4.99
O004150,C00470,2025-04-26,Delivered,0.0
O004151,C00773,2025-08-30,Delivered,4.99
O004152,C00447,2024-04-11,Delivered,4.99
O004153,C00470,2025-12-18,Delivered,19.99
O004154,C00248,2025-11-22,Delivered,7.99
O004155,C00287,2024-08-30,Delivered,7.99
O004156,C00291,2025-10-25,Delivered,4.99
O004157,C00807,2025-01-15,Delivered,12.99
O004158,C00828,2024-12-18,Delivered,7.99
O004159,C00612,2024-10-16,Delivered,7.99
O004160,C00789,2025-03-18,Delivered,0.0
O004161,C00382,2025-07-31,Delivered,4.99
O004162,C00842,2024-11-30,Delivered,7.99
O004163,C00744,2025-05-09,Delivered,7.99
O004164,C00439,2025-07-08,Delivered,12.99
O004165,C00964,2025-07-17,Delivered,12.99
O004166,C00455,2024-02-16,Delivered,19.99
O004167,C00997,2025-11-12,Cancelled,7.99
O004168,C00153,2024-12-16,Shipped,19.99
O004169,C00496,2024-08-24,Delivered,12.99
O004170,C00236,2024-08-09,Delivered,0.0
O004171,C00547,2024-12-25,Delivered,4.99
O004172,C00669,2025-11-21,Cancelled,0.0
O004173,C00026,2024-11-18,Delivered,0.0
O004174,C00957,2025-08-15,Processing,0.0
O004175,C00667,2024-04-04,Delivered,0.0
O004176,C00715,2024-12-23,Delivered,7.99
O004177,C00189,2025-12-29,Delivered,4.99
O004178,C00393,2025-08-31,Delivered,4.99
O004179,C00650,2024-07-16,Delivered,7.99
O004180,C00052,2025-01-01,Delivered,12.99
O004181,C00581,2024-08-02,Delivered,19.99
O004182,C00127,2024-11-29,Cancelled,7.99
O004183,C00768,2025-09-10,Delivered,4.99
O004184,C00686,2025-08-31,Delivered,4.99
O004185,C00534,2024-07-29,Delivered,0.0
O004186,C00892,2025-12-04,Delivered,0.0
O004187,C00773,2025-03-30,Delivered,4.99
O004188,C00774,2024-11-19,Delivered,19.99
O004189,C00327,2025-01-02,Delivered,0.0
O004190,C00203,2025-04-13,Delivered,0.0
O004191,C00806,2025-02-24,Delivered,0.0
O004192,C00745,2024-12-26,Delivered,7.99
O004193,C00614,2025-01-04,Returned,4.99
O004194,C00942,2024-06-20,Delivered,4.99
O004195,C00991,2025-10-15,Delivered,0.0
O004196,C00486,2025-02-04,Delivered,4.99
O004197,C00543,2024-05-10,Shipped,0.0
O004198,C00734,2025-08-28,Delivered,4.99
O004199,C00682,2025-12-07,Delivered,0.0
O004200,C00272,2025-12-13,Delivered,7.99
O004201,C00740,2024-11-15,Delivered,7.99
O004202,C00316,2024-05-15,Shipped,7.99
O004203,C00860,2025-01-15,Delivered,4.99
O004204,C00646,2024-04-20,Shipped,4.99
O004205,C00478,2025-12-08,Delivered,0.0
O004206,C00045,2024-06-25,Delivered,4.99
O004207,C00395,2024-08-17,Cancelled,4.99
O004208,C00200,2024-11-28,Delivered,4.99
O004209,C00828,2024-11-20,Delivered,7.99
O004210,C00450,2025-09-25,Delivered,12.99
O004211,C00526,2024-12-16,Delivered,7.99
O004212,C00783,2024-06-15,Delivered,0.0
O004213,C00824,2024-08-28,Processing,7.99
O004214,C00699,2025-01-08,Processing,0.0
O004215,C00581,2024-05-28,Delivered,7.99
O004216,C00190,2025-04-20,Delivered,4.99
O004217,C00094,2025-03-02,Delivered,0.0
O004218,C00795,2025-07-19,Delivered,12.99
O004219,C00531,2025-12-09,Delivered,7.99
O004220,C00718,2025-11-30,Delivered,4.99
O004221,C00740,2025-12-12,Delivered,0.0
O004222,C00139,2024-08-11,Delivered,4.99
O004223,C00778,2024-05-11,Delivered,19.99
O004224,C00660,2024-10-03,Delivered,7.99
O004225,C00210,2025-11-24,Shipped,19.99
O004226,C00825,2025-12-22,Delivered,0.0
O004227,C00327,2025-11-11,Delivered,7.99
O004228,C00454,2024-04-18,Delivered,7.99
O004229,C00659,2025-12-13,Delivered,4.99
O004230,C00562,2024-12-04,Delivered,0.0
O004231,C00005,2024-01-08,Delivered,7.99
O004232,C00706,2024-12-11,Processing,7.99
O004233,C00098,2024-02-09,Delivered,7.99
O004234,C00812,2025-02-07,Delivered,7.99
O004235,C00695,2024-11-04,Delivered,7.99
O004236,C00335,2024-12-22,Returned,7.99
O004237,C00928,2025-04-21,Shipped,0.0
O004238,C00018,2025-11-15,Cancelled,4.99
O004239,C00197,2025-06-09,Delivered,7.99
O004240,C00999,2024-12-08,Processing,19.99
O004241,C00839,2025-10-22,Delivered,0.0
O004242,C00968,2025-11-28,Delivered,4.99
O004243,C00456,2024-04-28,Cancelled,4.99
O004244,C00675,2025-01-26,Returned,0.0
O004245,C00669,2024-09-14,Delivered,4.99
O004246,C00068,2024-02-10,Delivered,7.99
O004247,C00021,2025-06-14,Delivered,0.0
O004248,C00054,2025-11-13,Delivered,7.99
O004249,C00948,2024-06-09,Delivered,12.99
O004250,C00904,2025-10-14,Processing,19.99
O004251,C00955,2025-11-09,Delivered,0.0
O004252,C00374,2025-12-01,Shipped,7.99
O004253,C00545,2024-08-27,Shipped,4.99
O004254,C00261,2025-11-27,Delivered,4.99
O004255,C00689,2024-10-23,Shipped,7.99
O004256,C00716,2025-02-16,Delivered,7.99
O004257,C00127,2024-02-14,Delivered,0.0
O004258,C00423,2024-02-07,Delivered,19.99
O004259,C00147,2025-07-24,Delivered,12.99
O004260,C00378,2024-12-12,Shipped,7.99
O004261,C00501,2024-08-20,Processing,7.99
O004262,C00546,2024-06-30,Delivered,4.99
O004263,C00735,2025-06-15,Shipped,7.99
O004264,C00178,2024-01-01,Delivered,4.99
O004265,C00722,2025-10-07,Shipped,12.99
O004266,C00455,2024-03-16,Delivered,0.0
O004267,C00974,2024-07-01,Delivered,0.0
O004268,C00399,2024-11-21,Delivered,7.99
O004269,C00101,2024-12-26,Delivered,4.99
O004270,C00842,2024-11-10,Delivered,4.99
O004271,C00127,2024-10-23,Returned,4.99
O004272,C00361,2025-12-19,Delivered,12.99
O004273,C00619,2025-05-22,Returned,4.99
O004274,C00206,2024-01-20,Delivered,4.99
O004275,C00226,2024-12-06,Delivered,0.0
O004276,C00572,2025-11-17,Delivered,4.99
O004277,C00445,2024-10-02,Shipped,4.99
O004278,C00271,2024-04-01,Delivered,7.99
O004279,C00731,2025-08-22,Delivered,0.0
O004280,C00246,2025-04-14,Delivered,0.0
O004281,C00814,2025-03-07,Delivered,4.99
O004282,C00893,2024-02-17,Processing,4.99
O004283,C00279,2024-05-20,Delivered,4.99
O004284,C00564,2025-05-01,Delivered,7.99
O004285,C00315,2024-07-14,Delivered,4.99
O004286,C00294,2025-01-03,Shipped,4.99
O004287,C00830,2025-02-08,Shipped,7.99
O004288,C00245,2024-09-13,Delivered,0.0
O004289,C00350,2025-12-13,Delivered,7.99
O004290,C00394,2025-11-05,Delivered,4.99
O004291,C00956,2025-07-25,Delivered,4.99
O004292,C00131,2024-03-14,Delivered,12.99
O004293,C00123,2024-04-13,Processing,0.0
O004294,C00166,2024-12-29,Delivered,12.99
O004295,C00319,2024-06-08,Delivered,7.99
O004296,C00970,2025-12-24,Cancelled,7.99
O004297,C00371,2024-06-06,Delivered,12.99
O004298,C00612,2024-12-27,Delivered,12.99
O004299,C00719,2024-11-13,Delivered,7.99
O004300,C00068,2025-05-19,Delivered,7.99
O004301,C00492,2024-05-08,Returned,4.99
O004302,C00133,2024-12-07,Delivered,4.99
O004303,C00097,2024-09-04,Delivered,0.0
O004304,C00258,2025-11-22,Delivered,0.0
O004305,C00985,2024-02-04,Cancelled,12.99
O004306,C00635,2025-12-01,Delivered,0.0
O004307,C00003,2025-11-02,Delivered,0.0
O004308,C00685,2024-09-28,Returned,7.99
O004309,C00410,2025-09-20,Delivered,0.0
O004310,C00983,2024-01-26,Delivered,0.0
O004311,C00544,2025-12-20,Delivered,7.99
O004312,C00665,2025-01-22,Delivered,7.99
O004313,C00102,2024-10-04,Delivered,7.99
O004314,C00434,2024-11-12,Delivered,4.99
O004315,C00064,2024-03-02,Delivered,4.99
O004316,C00419,2025-12-28,Delivered,7.99
O004317,C00466,2024-02-02,Delivered,4.99
O004318,C00114,2025-06-04,Delivered,7.99
O004319,C00204,2024-12-11,Delivered,12.99
O004320,C00374,2025-12-13,Processing,4.99
O004321,C00221,2024-08-12,Delivered,4.99
O004322,C00381,2025-01-26,Returned,0.0
O004323,C00745,2024-12-25,Delivered,7.99
O004324,C00837,2025-07-10,Delivered,0.0
O004325,C00424,2024-03-04,Delivered,4.99
O004326,C00926,2024-07-03,Shipped,12.99
O004327,C00274,2024-07-19,Shipped,4.99
O004328,C00444,2025-08-06,Delivered,0.0
O004329,C00267,2024-06-29,Cancelled,7.99
O004330,C00198,2025-03-10,Delivered,0.0
O004331,C00787,2024-07-19,Delivered,7.99
O004332,C00286,2025-11-12,Processing,7.99
O004333,C00842,2025-12-11,Cancelled,0.0
O004334,C00620,2025-01-15,Returned,12.99
O004335,C00458,2024-11-09,Delivered,0.0
O004336,C00676,2024-08-03,Delivered,19.99
O004337,C00922,2024-02-13,Delivered,0.0
O004338,C00139,2024-08-29,Delivered,0.0
O004339,C00943,2025-06-03,Shipped,0.0
O004340,C00672,2025-01-28,Delivered,0.0
O004341,C00128,2025-12-12,Delivered,7.99
O004342,C00380,2024-11-24,Delivered,7.99
O004343,C00131,2025-07-03,Delivered,7.99
O004344,C00158,2024-12-28,Delivered,0.0
O004345,C00089,2025-01-10,Delivered,4.99
O004346,C00757,2024-08-28,Shipped,7.99
O004347,C00922,2024-12-15,Delivered,4.99
O004348,C00246,2024-12-21,Shipped,7.99
O004349,C00624,2025-07-13,Delivered,7.99
O004350,C00073,2025-12-10,Delivered,0.0
O004351,C00419,2024-11-01,Delivered,7.99
O004352,C00816,2024-02-05,Cancelled,7.99
O004353,C00988,2024-12-30,Delivered,7.99
O004354,C00806,2025-02-07,Delivered,0.0
O004355,C00641,2024-06-14,Delivered,0.0
O004356,C00611,2025-08-23,Delivered,4.99
O004357,C00029,2025-12-26,Shipped,0.0
O004358,C00846,2025-12-12,Shipped,0.0
O004359,C00626,2024-07-06,Delivered,12.99
O004360,C00153,2025-11-17,Delivered,7.99
O004361,C00919,2025-07-12,Shipped,7.99
O004362,C00124,2024-12-15,Delivered,0.0
O004363,C00420,2025-02-03,Delivered,12.99
O004364,C00603,2025-11-08,Delivered,0.0
O004365,C00147,2024-12-24,Delivered,7.99
O004366,C00657,2024-11-16,Delivered,19.99
O004367,C00362,2024-12-29,Shipped,7.99
O004368,C00830,2025-03-16,Delivered,19.99
O004369,C00278,2024-06-29,Delivered,7.99
O004370,C00790,2025-11-26,Cancelled,0.0
O004371,C00323,2025-06-18,Delivered,0.0
O004372,C00695,2025-05-13,Delivered,4.99
O004373,C00612,2024-04-06,Delivered,0.0
O004374,C00070,2025-04-12,Delivered,7.99
O004375,C00670,2024-04-29,Cancelled,0.0
O004376,C00049,2024-03-15,Shipped,12.99
O004377,C00800,2025-01-23,Delivered,4.99
O004378,C00382,2024-11-27,Delivered,4.99
O004379,C00850,2025-03-26,Delivered,19.99
O004380,C00977,2024-03-26,Cancelled,0.0
O004381,C00150,2024-12-07,Delivered,7.99
O004382,C00064,2024-06-19,Delivered,7.99
O004383,C00151,2025-12-27,Delivered,0.0
O004384,C00850,2025-02-25,Delivered,4.99
O004385,C00861,2025-06-29,Delivered,4.99
O004386,C00236,2024-10-28,Delivered,7.99
O004387,C00688,2024-04-01,Shipped,7.99
O004388,C00096,2025-12-23,Delivered,4.99
O004389,C00121,2024-09-16,Returned,7.99
O004390,C00133,2024-12-04,Delivered,0.0
O004391,C00851,2025-05-31,Delivered,7.99
O004392,C00740,2024-01-21,Returned,12.99
O004393,C00988,2025-10-12,Delivered,12.99
O004394,C00126,2025-01-30,Cancelled,7.99
O004395,C00035,2024-09-07,Shipped,4.99
O004396,C00511,2024-02-26,Delivered,19.99
O004397,C00854,2024-06-09,Delivered,4.99
O004398,C00734,2025-11-24,Delivered,7.99
O004399,C00779,2025-06-27,Delivered,0.0
O004400,C00406,2024-08-15,Delivered,19.99
O004401,C00768,2024-03-01,Shipped,7.99
O004402,C00302,2025-07-01,Delivered,7.99
O004403,C00863,2025-03-09,Delivered,0.0
O004404,C00138,2024-11-27,Delivered,7.99
O004405,C00077,2024-11-13,Processing,7.99
O004406,C00371,2024-07-21,Delivered,7.99
O004407,C00693,2025-06-15,Delivered,0.0
O004408,C00280,2025-12-21,Delivered,4.99
O004409,C00492,2024-06-19,Processing,0.0
O004410,C00989,2025-04-04,Processing,4.99
O004411,C00483,2024-12-04,Delivered,0.0
O004412,C00909,2024-12-12,Cancelled,4.99
O004413,C00235,2024-08-18,Delivered,0.0
O004414,C00308,2025-10-28,Processing,0.0
O004415,C00165,2024-12-26,Delivered,0.0
O004416,C00135,2025-02-06,Delivered,12.99
O004417,C00898,2024-10-06,Delivered,4.99
O004418,C00465,2024-06-24,Delivered,4.99
O004419,C00353,2024-03-23,Shipped,4.99
O004420,C00065,2025-07-19,Delivered,7.99
O004421,C00826,2024-07-05,Processing,19.99
O004422,C00806,2025-07-01,Delivered,0.0
O004423,C00809,2024-11-22,Delivered,0.0
O004424,C00558,2024-12-01,Delivered,19.99
O004425,C00698,2024-12-20,Delivered,4.99
O004426,C00792,2024-11-14,Shipped,0.0
O004427,C00751,2024-04-08,Delivered,0.0
O004428,C00544,2024-10-11,Delivered,0.0
O004429,C00568,2025-06-10,Delivered,19.99
O004430,C00798,2025-06-12,Delivered,0.0
O004431,C00742,2024-09-16,Processing,19.99
O004432,C00227,2024-12-17,Delivered,19.99
O004433,C00110,2024-07-03,Cancelled,7.99
O004434,C00389,2024-07-16,Delivered,0.0
O004435,C00490,2024-01-19,Delivered,0.0
O004436,C00393,2025-11-25,Returned,4.99
O004437,C00692,2024-07-16,Delivered,4.99
O004438,C00445,2024-07-29,Delivered,7.99
O004439,C00774,2024-09-09,Delivered,4.99
O004440,C00020,2024-05-06,Delivered,19.99
O004441,C00156,2025-05-19,Shipped,4.99
O004442,C00735,2024-03-11,Delivered,7.99
O004443,C00641,2024-05-13,Cancelled,12.99
O004444,C00211,2025-05-25,Delivered,0.0
O004445,C00883,2024-11-04,Delivered,0.0
O004446,C00109,2025-07-14,Delivered,0.0
O004447,C00278,2025-02-21,Delivered,0.0
O004448,C00443,2024-08-19,Processing,4.99
O004449,C00508,2025-06-01,Delivered,4.99
O004450,C00635,2024-04-24,Delivered,4.99
O004451,C00867,2025-01-30,Cancelled,19.99
O004452,C00145,2024-12-09,Shipped,0.0
O004453,C00351,2024-08-28,Delivered,4.99
O004454,C00374,2025-04-12,Shipped,0.0
O004455,C00729,2025-11-16,Delivered,4.99
O004456,C00458,2025-12-31,Delivered,4.99
O004457,C00863,2025-04-16,Delivered,19.99
O004458,C00139,2024-11-27,Delivered,4.99
O004459,C00778,2024-07-27,Delivered,0.0
O004460,C00628,2024-08-20,Delivered,4.99
O004461,C00219,2024-12-24,Delivered,0.0
O004462,C00048,2024-11-14,Shipped,0.0
O004463,C00436,2025-12-01,Processing,7.99
O004464,C00454,2024-11-14,Shipped,0.0
O004465,C00762,2024-11-16,Delivered,4.99
O004466,C00404,2024-11-20,Delivered,7.99
O004467,C00483,2025-11-03,Delivered,4.99
O004468,C00219,2025-06-01,Delivered,0.0
O004469,C00850,2025-04-23,Delivered,19.99
O004470,C00451,2024-11-02,Delivered,4.99
O004471,C00782,2025-10-20,Delivered,7.99
O004472,C00797,2024-02-01,Delivered,4.99
O004473,C00190,2025-11-16,Delivered,4.99
O004474,C00063,2025-01-11,Delivered,4.99
O004475,C00861,2024-11-25,Delivered,4.99
O004476,C00992,2024-12-30,Delivered,0.0
O004477,C00665,2025-06-13,Delivered,4.99
O004478,C00429,2024-01-11,Delivered,12.99
O004479,C00876,2025-11-16,Delivered,7.99
O004480,C00638,2024-12-12,Delivered,0.0
O004481,C00791,2024-11-05,Shipped,7.99
O004482,C00519,2024-05-18,Cancelled,12.99
O004483,C00944,2024-12-10,Delivered,7.99
O004484,C00443,2024-12-30,Delivered,0.0
O004485,C00194,2024-11-27,Shipped,12.99
O004486,C00486,2025-06-22,Delivered,4.99
O004487,C00213,2024-12-03,Delivered,4.99
O004488,C00585,2025-12-18,Delivered,4.99
O004489,C00126,2025-04-07,Delivered,12.99
O004490,C00667,2025-10-09,Shipped,19.99
O004491,C00996,2024-04-17,Shipped,19.99
O004492,C00481,2024-11-25,Delivered,0.0
O004493,C00921,2024-11-03,Delivered,19.99
O004494,C00381,2025-03-06,Delivered,0.0
O004495,C00554,2025-11-12,Delivered,0.0
O004496,C00479,2024-03-15,Processing,4.99
O004497,C00190,2024-03-09,Delivered,4.99
O004498,C00096,2025-11-08,Delivered,7.99
O004499,C00039,2024-07-18,Shipped,4.99
O004500,C00957,2025-06-14,Cancelled,19.99
O004501,C00972,2025-02-05,Shipped,0.0
O004502,C00009,2025-11-02,Delivered,0.0
O004503,C00901,2024-05-04,Delivered,19.99
O004504,C00437,2024-05-09,Delivered,0.0
O004505,C00468,2025-02-20,Delivered,7.99
O004506,C00957,2025-12-12,Processing,7.99
O004507,C00939,2024-12-01,Delivered,4.99
O004508,C00987,2024-10-29,Returned,7.99
O004509,C00471,2025-04-15,Delivered,0.0
O004510,C00841,2025-12-07,Cancelled,12.99
O004511,C00229,2025-11-03,Delivered,0.0
O004512,C00242,2025-12-30,Processing,4.99
O004513,C00045,2024-01-19,Delivered,0.0
O004514,C00652,2024-04-21,Delivered,4.99
O004515,C00234,2025-04-18,Shipped,7.99
O004516,C00464,2025-10-23,Delivered,19.99
O004517,C00513,2024-09-15,Delivered,7.99
O004518,C00295,2024-08-07,Processing,4.99
O004519,C00533,2025-09-17,Delivered,19.99
O004520,C00427,2024-02-20,Delivered,4.99
O004521,C00827,2024-11-15,Delivered,7.99
O004522,C00282,2025-01-05,Cancelled,7.99
O004523,C00770,2025-02-24,Delivered,4.99
O004524,C00115,2025-07-30,Delivered,12.99
O004525,C00800,2024-11-10,Delivered,0.0
O004526,C00544,2025-04-21,Delivered,7.99
O004527,C00915,2025-03-23,Delivered,7.99
O004528,C00124,2025-02-11,Delivered,12.99
O004529,C00874,2025-05-21,Delivered,12.99
O004530,C00150,2024-08-22,Delivered,4.99
O004531,C00856,2024-03-22,Delivered,7.99
O004532,C00591,2024-04-27,Delivered,4.99
O004533,C00210,2024-07-26,Delivered,4.99
O004534,C00306,2024-12-31,Delivered,12.99
O004535,C00219,2025-11-05,Delivered,19.99
O004536,C00003,2025-07-09,Delivered,12.99
O004537,C00395,2025-09-19,Delivered,0.0
O004538,C00055,2024-11-08,Shipped,12.99
O004539,C00829,2024-11-27,Delivered,19.99
O004540,C00939,2024-11-24,Delivered,4.99
O004541,C00454,2024-07-02,Delivered,4.99
O004542,C00414,2024-02-26,Delivered,7.99
O004543,C00147,2025-03-29,Returned,7.99
O004544,C00131,2025-12-28,Delivered,19.99
O004545,C00105,2024-06-12,Delivered,4.99
O004546,C00661,2024-02-10,Delivered,7.99
O004547,C00236,2025-09-09,Delivered,7.99
O004548,C00719,2024-08-17,Delivered,4.99
O004549,C00389,2025-11-01,Delivered,12.99
O004550,C00787,2025-07-11,Cancelled,4.99
O004551,C00401,2025-12-12,Delivered,4.99
O004552,C00631,2024-11-29,Delivered,0.0
O004553,C00524,2025-06-09,Delivered,4.99
O004554,C00528,2024-12-19,Delivered,7.99
O004555,C00339,2025-05-10,Delivered,19.99
O004556,C00595,2024-12-13,Delivered,0.0
O004557,C00895,2024-06-29,Delivered,4.99
O004558,C00774,2025-01-07,Delivered,0.0
O004559,C00778,2025-01-24,Cancelled,7.99
O004560,C00036,2025-10-12,Delivered,19.99
O004561,C00986,2025-08-04,Shipped,7.99
O004562,C00081,2025-06-10,Delivered,7.99
O004563,C00390,2024-04-21,Delivered,7.99
O004564,C00402,2025-07-24,Cancelled,0.0
O004565,C00758,2024-12-31,Delivered,7.99
O004566,C00103,2025-11-24,Shipped,7.99
O004567,C00492,2025-12-03,Shipped,7.99
O004568,C00132,2024-02-19,Delivered,12.99
O004569,C00551,2025-10-23,Delivered,7.99
O004570,C00784,2024-01-31,Delivered,7.99
O004571,C00470,2024-11-14,Returned,19.99
O004572,C00150,2025-02-05,Shipped,19.99
O004573,C00954,2024-05-28,Delivered,7.99
O004574,C00694,2025-08-12,Delivered,0.0
O004575,C00444,2024-01-07,Delivered,4.99
O004576,C00045,2024-06-14,Delivered,7.99
O004577,C00118,2025-03-18,Delivered,0.0
O004578,C00518,2025-07-19,Delivered,0.0
O004579,C00319,2025-12-02,Delivered,0.0
O004580,C00097,2025-07-12,Delivered,7.99
O004581,C00190,2025-06-17,Shipped,4.99
O004582,C00746,2024-11-24,Cancelled,4.99
O004583,C00165,2024-01-02,Shipped,0.0
O004584,C00850,2024-04-28,Shipped,7.99
O004585,C00411,2025-01-28,Delivered,4.99
O004586,C00656,2025-06-19,Delivered,0.0
O004587,C00933,2024-12-02,Delivered,7.99
O004588,C00874,2025-07-31,Shipped,7.99
O004589,C00508,2025-01-18,Returned,4.99
O004590,C00359,2024-03-10,Delivered,7.99
O004591,C00674,2024-07-02,Cancelled,0.0
O004592,C00064,2025-11-05,Delivered,7.99
O004593,C00719,2025-07-27,Delivered,0.0
O004594,C00714,2025-11-24,Delivered,0.0
O004595,C00044,2024-04-26,Delivered,7.99
O004596,C00895,2025-12-28,Delivered,7.99
O004597,C00708,2024-07-15,Delivered,0.0
O004598,C00776,2024-01-10,Delivered,0.0
O004599,C00242,2025-12-31,Delivered,12.99
O004600,C00293,2024-09-10,Delivered,7.99
O004601,C00874,2025-06-14,Delivered,4.99
O004602,C00390,2024-06-20,Delivered,7.99
O004603,C00714,2025-03-17,Delivered,0.0
O004604,C00067,2025-11-27,Delivered,4.99
O004605,C00304,2024-10-22,Shipped,0.0
O004606,C00244,2025-06-15,Delivered,4.99
O004607,C00256,2024-06-29,Delivered,0.0
O004608,C00986,2025-05-04,Cancelled,4.99
O004609,C00117,2024-11-03,Cancelled,4.99
O004610,C00050,2024-07-16,Cancelled,4.99
O004611,C00129,2024-10-15,Delivered,0.0
O004612,C00481,2024-06-22,Delivered,4.99
O004613,C00786,2025-11-27,Delivered,7.99
O004614,C00386,2024-11-25,Delivered,4.99
O004615,C00793,2024-08-11,Cancelled,7.99
O004616,C00081,2024-12-13,Delivered,4.99
O004617,C00061,2024-10-22,Delivered,4.99
O004618,C00689,2025-08-11,Delivered,7.99
O004619,C00973,2025-12-21,Delivered,19.99
O004620,C00955,2024-12-09,Delivered,0.0
O004621,C00923,2025-11-12,Shipped,0.0
O004622,C00918,2025-03-02,Cancelled,7.99
O004623,C00609,2024-06-05,Returned,19.99
O004624,C00802,2025-07-01,Delivered,19.99
O004625,C00626,2025-01-11,Delivered,4.99
O004626,C00204,2025-05-31,Delivered,4.99
O004627,C00158,2025-11-22,Delivered,7.99
O004628,C00628,2024-12-10,Cancelled,7.99
O004629,C00633,2025-11-26,Delivered,7.99
O004630,C00587,2025-08-16,Shipped,12.99
O004631,C00071,2024-12-27,Delivered,7.99
O004632,C00400,2025-04-11,Delivered,4.99
O004633,C00567,2024-10-28,Delivered,4.99
O004634,C00637,2025-12-26,Delivered,7.99
O004635,C00077,2025-06-13,Delivered,4.99
O004636,C00925,2024-02-07,Delivered,4.99
O004637,C00797,2024-10-29,Shipped,0.0
O004638,C00767,2025-05-02,Shipped,0.0
O004639,C00040,2024-02-20,Delivered,4.99
O004640,C00814,2024-01-20,Shipped,12.99
O004641,C00066,2024-12-14,Delivered,0.0
O004642,C00863,2024-11-02,Delivered,4.99
O004643,C00118,2024-12-09,Shipped,4.99
O004644,C00405,2024-08-25,Processing,0.0
O004645,C00083,2024-06-11,Delivered,19.99
O004646,C00598,2025-06-30,Delivered,12.99
O004647,C00468,2025-01-12,Delivered,0.0
O004648,C00513,2024-07-08,Delivered,7.99
O004649,C00652,2024-10-21,Delivered,4.99
O004650,C00234,2025-03-30,Cancelled,19.99
O004651,C00220,2024-03-08,Delivered,4.99
O004652,C00468,2024-05-28,Delivered,0.0
O004653,C00670,2024-03-09,Delivered,7.99
O004654,C00967,2025-10-14,Delivered,12.99
O004655,C00337,2025-08-17,Delivered,0.0
O004656,C00350,2025-08-18,Delivered,7.99
O004657,C00609,2025-07-21,Shipped,0.0
O004658,C00398,2025-06-15,Delivered,12.99
O004659,C00965,2024-12-23,Delivered,0.0
O004660,C00568,2025-05-23,Shipped,12.99
O004661,C00227,2024-02-01,Delivered,4.99
O004662,C00716,2025-04-30,Delivered,4.99
O004663,C00585,2025-09-07,Delivered,19.99
O004664,C00017,2024-12-31,Delivered,19.99
O004665,C00534,2024-11-11,Delivered,7.99
O004666,C00658,2024-09-06,Delivered,0.0
O004667,C00336,2025-05-23,Shipped,4.99
O004668,C00765,2025-07-03,Shipped,4.99
O004669,C00220,2025-11-16,Delivered,4.99
O004670,C00037,2024-11-05,Delivered,7.99
O004671,C00597,2025-08-30,Delivered,0.0
O004672,C00192,2025-02-25,Delivered,7.99
O004673,C00434,2025-11-20,Delivered,7.99
O004674,C00223,2025-01-23,Delivered,0.0
O004675,C00014,2025-01-15,Delivered,7.99
O004676,C00325,2025-03-15,Shipped,7.99
O004677,C00780,2025-08-15,Delivered,7.99
O004678,C00079,2025-12-19,Shipped,0.0
O004679,C00174,2024-03-10,Shipped,7.99
O004680,C00907,2024-02-17,Delivered,0.0
O004681,C00273,2025-12-09,Shipped,4.99
O004682,C00430,2025-01-25,Shipped,7.99
O004683,C00492,2025-04-23,Delivered,7.99
O004684,C00380,2024-12-25,Delivered,0.0
O004685,C00558,2024-03-31,Delivered,7.99
O004686,C00594,2025-08-29,Returned,19.99
O004687,C00807,2025-08-13,Delivered,0.0
O004688,C00329,2024-10-13,Delivered,12.99
O004689,C00744,2024-10-07,Delivered,7.99
O004690,C00158,2025-11-04,Delivered,7.99
O004691,C00258,2024-03-08,Delivered,0.0
O004692,C00456,2025-11-19,Shipped,0.0
O004693,C00909,2024-08-20,Delivered,12.99
O004694,C00450,2025-03-31,Shipped,4.99
O004695,C00362,2025-12-09,Shipped,0.0
O004696,C00267,2025-06-21,Delivered,7.99
O004697,C00753,2024-12-01,Delivered,0.0
O004698,C00908,2025-06-30,Shipped,7.99
O004699,C00549,2024-11-06,Returned,7.99
O004700,C00792,2024-09-06,Delivered,12.99
O004701,C00792,2025-12-30,Delivered,7.99
O004702,C00198,2025-08-16,Delivered,0.0
O004703,C00172,2025-05-25,Shipped,4.99
O004704,C00368,2024-11-10,Shipped,7.99
O004705,C00587,2024-02-13,Delivered,4.99
O004706,C00763,2024-01-26,Cancelled,19.99
O004707,C00061,2025-02-18,Delivered,7.99
O004708,C00028,2025-08-24,Shipped,0.0
O004709,C00651,2025-01-31,Delivered,12.99
O004710,C00043,2025-11-05,Delivered,0.0
O004711,C00147,2024-01-28,Delivered,0.0
O004712,C00105,2024-11-14,Delivered,7.99
O004713,C00562,2024-08-05,Delivered,12.99
O004714,C00941,2024-12-13,Delivered,4.99
O004715,C00144,2024-03-08,Delivered,0.0
O004716,C00467,2025-12-15,Delivered,4.99
O004717,C00531,2024-07-25,Delivered,4.99
O004718,C00235,2025-12-04,Shipped,4.99
O004719,C00814,2024-12-05,Delivered,0.0
O004720,C00738,2025-12-26,Delivered,7.99
O004721,C00736,2025-02-17,Delivered,12.99
O004722,C00478,2025-12-07,Delivered,4.99
O004723,C00333,2024-01-05,Cancelled,0.0
O004724,C00313,2025-08-14,Cancelled,12.99
O004725,C00633,2025-11-27,Delivered,7.99
O004726,C00191,2024-05-19,Returned,19.99
O004727,C00283,2024-04-03,Shipped,0.0
O004728,C00459,2024-12-05,Shipped,0.0
O004729,C00653,2025-12-08,Delivered,4.99
O004730,C00255,2025-02-05,Delivered,7.99
O004731,C00624,2025-01-23,Delivered,4.99
O004732,C00485,2024-05-21,Delivered,7.99
O004733,C00290,2024-01-01,Delivered,0.0
O004734,C00924,2025-10-12,Delivered,4.99
O004735,C00019,2024-03-25,Delivered,7.99
O004736,C00742,2025-05-14,Delivered,4.99
O004737,C00819,2025-12-01,Delivered,7.99
O004738,C00409,2024-07-14,Delivered,4.99
O004739,C00097,2025-06-12,Returned,4.99
O004740,C00230,2024-03-15,Shipped,4.99
O004741,C00524,2025-04-11,Delivered,4.99
O004742,C00101,2024-06-10,Delivered,0.0
O004743,C00042,2025-08-05,Delivered,7.99
O004744,C00691,2024-10-02,Delivered,12.99
O004745,C00257,2024-12-18,Cancelled,4.99
O004746,C00304,2025-04-07,Delivered,0.0
O004747,C00947,2024-06-16,Delivered,19.99
O004748,C00830,2025-08-09,Shipped,0.0
O004749,C00089,2024-10-03,Delivered,0.0
O004750,C00968,2025-06-09,Delivered,4.99
O004751,C00312,2024-06-06,Delivered,7.99
O004752,C00276,2025-06-29,Delivered,0.0
O004753,C00051,2024-05-07,Delivered,7.99
O004754,C00324,2024-12-05,Delivered,4.99
O004755,C00114,2024-08-13,Delivered,0.0
O004756,C00939,2025-08-14,Shipped,4.99
O004757,C00466,2024-08-24,Delivered,7.99
O004758,C00949,2025-11-19,Cancelled,7.99
O004759,C00673,2025-11-23,Delivered,0.0
O004760,C00507,2024-07-05,Delivered,0.0
O004761,C00368,2025-04-22,Delivered,7.99
O004762,C00398,2024-03-25,Delivered,12.99
O004763,C00473,2024-11-23,Delivered,4.99
O004764,C00475,2025-07-18,Delivered,7.99
O004765,C00498,2025-06-07,Shipped,0.0
O004766,C00171,2025-05-04,Delivered,4.99
O004767,C00798,2024-09-12,Delivered,0.0
O004768,C00528,2024-11-18,Returned,7.99
O004769,C00843,2024-04-10,Delivered,4.99
O004770,C00705,2025-07-23,Delivered,12.99
O004771,C00759,2025-01-03,Delivered,7.99
O004772,C00071,2025-07-15,Delivered,12.99
O004773,C00952,2024-08-14,Delivered,0.0
O004774,C00842,2024-10-27,Delivered,0.0
O004775,C00462,2024-11-02,Delivered,19.99
O004776,C00623,2024-01-22,Delivered,7.99
O004777,C00640,2024-11-05,Delivered,12.99
O004778,C00627,2025-10-05,Returned,0.0
O004779,C00412,2025-11-25,Shipped,4.99
O004780,C00059,2025-01-15,Delivered,7.99
O004781,C00530,2024-12-16,Delivered,0.0
O004782,C00452,2024-01-26,Cancelled,7.99
O004783,C00583,2025-11-19,Delivered,4.99
O004784,C00309,2024-01-11,Delivered,0.0
O004785,C00046,2025-12-12,Delivered,0.0
O004786,C00735,2024-12-27,Shipped,0.0
O004787,C00116,2024-11-05,Delivered,0.0
O004788,C00472,2025-12-05,Processing,7.99
O004789,C00670,2024-01-21,Delivered,0.0
O004790,C00732,2025-03-19,Delivered,0.0
O004791,C00390,2025-02-12,Delivered,12.99
O004792,C00190,2024-07-22,Delivered,4.99
O004793,C00255,2024-12-06,Shipped,4.99
O004794,C00316,2025-06-02,Returned,7.99
O004795,C00358,2025-07-29,Delivered,12.99
O004796,C00517,2024-01-01,Returned,0.0
O004797,C00479,2025-12-09,Shipped,4.99
O004798,C00095,2024-06-11,Delivered,7.99
O004799,C00523,2024-08-02,Delivered,4.99
O004800,C00163,2024-08-25,Delivered,7.99
O004801,C00838,2024-02-01,Delivered,19.99
O004802,C00990,2024-05-02,Delivered,19.99
O004803,C00932,2025-12-27,Delivered,0.0
O004804,C00994,2024-10-17,Delivered,0.0
O004805,C00625,2024-04-23,Shipped,19.99
O004806,C00621,2024-04-14,Shipped,4.99
O004807,C00069,2025-07-23,Delivered,0.0
O004808,C00260,2025-11-10,Delivered,7.99
O004809,C00049,2024-08-20,Delivered,0.0
O004810,C00359,2024-01-18,Delivered,0.0
O004811,C00598,2024-07-25,Delivered,12.99
O004812,C00348,2024-02-21,Delivered,0.0
O004813,C00848,2024-04-11,Delivered,0.0
O004814,C00549,2024-12-07,Delivered,0.0
O004815,C00052,2024-07-31,Delivered,7.99
O004816,C00651,2025-01-13,Delivered,0.0
O004817,C00448,2024-08-18,Shipped,4.99
O004818,C00651,2025-12-10,Returned,7.99
O004819,C00095,2025-11-28,Delivered,12.99
O004820,C00307,2025-03-03,Delivered,0.0
O004821,C00607,2024-11-10,Delivered,12.99
O004822,C00673,2024-11-19,Delivered,0.0
O004823,C00336,2024-11-30,Delivered,7.99
O004824,C00176,2025-07-29,Delivered,4.99
O004825,C00467,2024-12-14,Returned,0.0
O004826,C00197,2025-11-11,Delivered,7.99
O004827,C00245,2025-12-12,Shipped,0.0
O004828,C00794,2024-11-03,Delivered,0.0
O004829,C00262,2025-02-24,Delivered,4.99
O004830,C00841,2024-04-02,Delivered,7.99
O004831,C00039,2024-07-08,Delivered,0.0
O004832,C00668,2024-12-01,Delivered,0.0
O004833,C00035,2024-07-12,Delivered,0.0
O004834,C00860,2025-11-18,Delivered,4.99
O004835,C00404,2024-06-06,Delivered,4.99
O004836,C00059,2024-12-16,Delivered,0.0
O004837,C00456,2025-04-14,Cancelled,0.0
O004838,C00135,2025-07-02,Delivered,4.99
O004839,C00582,2024-11-20,Delivered,7.99
O004840,C00513,2025-11-15,Delivered,7.99
O004841,C00072,2025-03-05,Cancelled,12.99
O004842,C00757,2024-12-10,Delivered,0.0
O004843,C00079,2024-03-03,Delivered,19.99
O004844,C00158,2024-12-19,Delivered,4.99
O004845,C00719,2025-10-23,Delivered,19.99
O004846,C00672,2025-04-23,Delivered,0.0
O004847,C00325,2025-11-02,Returned,4.99
O004848,C00177,2024-12-29,Cancelled,4.99
O004849,C00459,2024-04-27,Delivered,4.99
O004850,C00001,2024-01-12,Delivered,12.99
O004851,C00882,2024-10-04,Delivered,7.99
O004852,C00682,2025-07-07,Delivered,19.99
O004853,C00248,2025-09-21,Cancelled,7.99
O004854,C00673,2024-09-26,Delivered,4.99
O004855,C00860,2024-12-30,Delivered,0.0
O004856,C00227,2024-12-03,Delivered,19.99
O004857,C00263,2024-11-30,Shipped,7.99
O004858,C00839,2024-08-01,Delivered,7.99
O004859,C00082,2024-05-16,Delivered,4.99
O004860,C00957,2024-07-05,Delivered,4.99
O004861,C00623,2024-02-19,Delivered,19.99
O004862,C00508,2024-07-06,Returned,0.0
O004863,C00904,2024-01-08,Delivered,0.0
O004864,C00491,2025-05-07,Delivered,0.0
O004865,C00610,2024-10-18,Delivered,7.99
O004866,C00943,2025-12-22,Shipped,0.0
O004867,C00141,2024-07-03,Delivered,0.0
O004868,C00376,2024-11-06,Delivered,0.0
O004869,C00682,2024-11-11,Delivered,4.99
O004870,C00117,2024-01-07,Delivered,4.99
O004871,C00130,2025-11-04,Delivered,0.0
O004872,C00766,2024-01-27,Cancelled,19.99
O004873,C00516,2025-12-10,Delivered,19.99
O004874,C00669,2025-11-23,Delivered,0.0
O004875,C00566,2025-01-29,Returned,7.99
O004876,C00816,2025-02-06,Delivered,7.99
O004877,C00104,2025-06-03,Delivered,0.0
O004878,C00640,2024-11-21,Delivered,0.0
O004879,C00451,2025-05-28,Delivered,4.99
O004880,C00112,2024-02-08,Delivered,4.99
O004881,C00787,2024-02-18,Shipped,0.0
O004882,C00614,2024-12-16,Shipped,12.99
O004883,C00604,2025-02-13,Delivered,4.99
O004884,C00309,2025-11-22,Delivered,7.99
O004885,C00444,2024-04-12,Delivered,0.0
O004886,C00061,2025-10-25,Delivered,4.99
O004887,C00899,2024-07-15,Delivered,4.99
O004888,C00062,2024-11-24,Delivered,4.99
O004889,C00141,2024-10-18,Returned,7.99
O004890,C00383,2024-11-26,Shipped,7.99
O004891,C00366,2024-05-31,Delivered,4.99
O004892,C00918,2025-01-03,Delivered,7.99
O004893,C00691,2025-10-03,Delivered,19.99
O004894,C00810,2024-12-11,Processing,7.99
O004895,C00342,2024-12-28,Delivered,0.0
O004896,C00079,2025-11-08,Delivered,7.99
O004897,C00668,2025-07-13,Delivered,0.0
O004898,C00650,2024-12-28,Cancelled,12.99
O004899,C00418,2024-08-21,Cancelled,4.99
O004900,C00145,2025-11-21,Delivered,4.99
O004901,C00403,2025-03-14,Cancelled,0.0
O004902,C00766,2024-07-24,Delivered,4.99
O004903,C00794,2024-08-29,Delivered,12.99
O004904,C00176,2025-10-04,Cancelled,0.0
O004905,C00009,2024-02-07,Cancelled,4.99
O004906,C00960,2025-12-29,Delivered,19.99
O004907,C00795,2024-05-09,Delivered,4.99
O004908,C00208,2025-09-27,Shipped,4.99
O004909,C00762,2024-11-24,Shipped,7.99
O004910,C00176,2024-12-29,Cancelled,4.99
O004911,C00863,2025-11-19,Delivered,0.0
O004912,C00458,2024-11-30,Returned,0.0
O004913,C00884,2025-01-31,Processing,7.99
O004914,C00945,2024-02-13,Delivered,19.99
O004915,C00066,2024-01-02,Cancelled,0.0
O004916,C00780,2024-08-11,Delivered,0.0
O004917,C00391,2025-06-23,Delivered,4.99
O004918,C00323,2024-04-30,Delivered,12.99
O004919,C00930,2024-04-22,Delivered,0.0
O004920,C00486,2024-11-30,Delivered,12.99
O004921,C00849,2025-05-28,Cancelled,0.0
O004922,C00703,2025-07-17,Delivered,19.99
O004923,C00536,2024-06-21,Delivered,7.99
O004924,C00166,2024-03-16,Returned,7.99
O004925,C00029,2025-12-10,Delivered,4.99
O004926,C00297,2024-08-23,Delivered,7.99
O004927,C00939,2025-11-09,Delivered,0.0
O004928,C00622,2025-11-13,Delivered,0.0
O004929,C00289,2025-09-02,Delivered,4.99
O004930,C00280,2024-06-14,Shipped,12.99
O004931,C00259,2025-10-24,Delivered,7.99
O004932,C00603,2025-08-30,Shipped,4.99
O004933,C00856,2025-04-04,Delivered,7.99
O004934,C00046,2024-11-03,Delivered,0.0
O004935,C00593,2024-08-24,Delivered,12.99
O004936,C00925,2024-04-30,Delivered,7.99
O004937,C00963,2025-01-08,Delivered,7.99
O004938,C00851,2025-03-23,Delivered,4.99
O004939,C00960,2024-11-11,Delivered,19.99
O004940,C00511,2024-12-23,Delivered,12.99
O004941,C00541,2024-11-13,Delivered,7.99
O004942,C00689,2025-05-21,Delivered,4.99
O004943,C00376,2025-11-26,Delivered,7.99
O004944,C00805,2024-06-10,Shipped,7.99
O004945,C00657,2024-11-19,Delivered,4.99
O004946,C00785,2024-05-21,Delivered,4.99
O004947,C00022,2025-05-04,Delivered,4.99
O004948,C00544,2025-07-30,Delivered,7.99
O004949,C00451,2025-12-07,Cancelled,4.99
O004950,C00868,2024-09-08,Delivered,0.0
O004951,C00256,2025-12-14,Delivered,7.99
O004952,C00229,2024-02-28,Cancelled,4.99
O004953,C00148,2025-04-11,Delivered,0.0
O004954,C00780,2024-02-21,Delivered,4.99
O004955,C00327,2025-11-24,Delivered,12.99
O004956,C00856,2025-01-25,Delivered,7.99
O004957,C00940,2025-06-15,Processing,4.99
O004958,C00781,2025-11-02,Cancelled,19.99
O004959,C00916,2024-05-31,Delivered,0.0
O004960,C00373,2024-02-01,Processing,19.99
O004961,C00964,2025-11-18,Delivered,0.0
O004962,C00451,2024-10-16,Delivered,0.0
O004963,C00348,2024-05-08,Shipped,4.99
O004964,C00717,2024-12-20,Delivered,4.99
O004965,C00430,2025-04-06,Delivered,4.99
O004966,C00655,2024-01-26,Delivered,7.99
O004967,C00459,2024-09-04,Delivered,12.99
O004968,C00511,2024-01-27,Shipped,4.99
O004969,C00600,2024-12-03,Delivered,4.99
O004970,C00223,2025-11-24,Delivered,0.0
O004971,C00175,2025-12-25,Delivered,0.0
O004972,C00667,2025-05-17,Returned,7.99
O004973,C00423,2024-06-08,Shipped,0.0
O004974,C00645,2025-11-28,Delivered,7.99
O004975,C00067,2025-01-13,Processing,4.99
O004976,C00732,2024-06-02,Delivered,0.0
O004977,C00834,2025-12-04,Delivered,4.99
O004978,C00279,2025-08-21,Delivered,0.0
O004979,C00297,2025-08-01,Delivered,4.99
O004980,C00018,2025-07-15,Shipped,7.99
O004981,C00041,2024-07-08,Delivered,4.99
O004982,C00510,2024-07-16,Delivered,0.0
O004983,C00523,2025-06-29,Delivered,7.99
O004984,C00226,2024-07-23,Returned,0.0
O004985,C00002,2024-12-10,Delivered,7.99
O004986,C00034,2025-09-12,Cancelled,4.99
O004987,C00077,2025-09-14,Returned,4.99
O004988,C00422,2024-12-15,Delivered,12.99
O004989,C00199,2025-09-23,Delivered,7.99
O004990,C00004,2025-11-04,Delivered,0.0
O004991,C00601,2025-06-04,Cancelled,0.0
O004992,C00221,2024-07-29,Delivered,12.99
O004993,C00933,2024-09-03,Delivered,0.0
O004994,C00569,2024-10-16,Delivered,4.99
O004995,C00590,2024-04-25,Delivered,7.99
O004996,C00223,2024-09-02,Returned,7.99
O004997,C00929,2024-07-15,Delivered,7.99
O004998,C00029,2024-12-15,Cancelled,7.99
O004999,C00430,2025-11-29,Delivered,7.99
O005000,C00512,2024-04-12,Delivered,12.99
