order_item_id,order_id,product_id,quantity,unit_price,discount
OI0000001,O000001,P00112,1,264.71,0.2
OI0000002,O000001,P00107,1,373.63,0.0
OI0000003,O000002,P00002,3,75.51,0.15
OI0000004,O000002,P00044,1,52.37,0.2
OI0000005,O000003,P00015,3,125.4,0.0
OI0000006,O000004,P00058,1,268.06,0.0
OI0000007,O000004,P00061,2,62.41,0.0
OI0000008,O000005,P00027,2,425.73,0.1
OI0000009,O000005,P00095,2,40.98,0.2
OI0000010,O000005,P00069,1,452.65,0.0
OI0000011,O000005,P00028,3,43.31,0.1
OI0000012,O000005,P00070,1,403.55,0.05
OI0000013,O000006,P00080,1,65.63,0.15
OI0000014,O000006,P00094,1,222.34,0.15
OI0000015,O000006,P00019,1,80.96,0.15
OI0000016,O000007,P00003,2,419.56,0.05
OI0000017,O000008,P00075,2,181.47,0.0
OI0000018,O000008,P00116,3,571.16,0.0
OI0000019,O000008,P00085,1,274.09,0.0
OI0000020,O000008,P00068,2,131.83,0.0
OI0000021,O000009,P00037,2,379.94,0.15
OI0000022,O000009,P00026,1,236.15,0.1
OI0000023,O000009,P00102,2,377.84,0.0
OI0000024,O000010,P00007,1,522.61,0.15
OI0000025,O000010,P00060,2,534.46,0.0
OI0000026,O000011,P00009,1,411.99,0.15
OI0000027,O000011,P00050,2,212.38,0.2
OI0000028,O000011,P00085,2,274.09,0.15
OI0000029,O000011,P00035,2,385.83,0.0
OI0000030,O000012,P00111,3,39.89,0.0
OI0000031,O000012,P00014,1,306.6,0.0
OI0000032,O000013,P00112,2,264.71,0.15
OI0000033,O000014,P00050,2,212.38,0.05
OI0000034,O000014,P00030,1,211.27,0.1
OI0000035,O000015,P00091,3,86.94,0.0
OI0000036,O000016,P00116,2,571.16,0.0
OI0000037,O000017,P00063,2,329.62,0.1
OI0000038,O000017,P00111,1,39.89,0.0
OI0000039,O000017,P00077,2,263.58,0.0
OI0000040,O000018,P00026,1,236.15,0.1
OI0000041,O000018,P00065,1,96.5,0.15
OI0000042,O000018,P00059,1,377.25,0.0
OI0000043,O000019,P00006,3,117.92,0.0
OI0000044,O000020,P00119,4,324.39,0.0
OI0000045,O000020,P00068,1,131.83,0.05
OI0000046,O000020,P00040,2,464.84,0.05
OI0000047,O000021,P00096,2,302.38,0.0
OI0000048,O000022,P00003,3,419.56,0.15
OI0000049,O000022,P00045,2,303.55,0.0
OI0000050,O000023,P00046,3,488.5,0.1
OI0000051,O000023,P00081,3,74.04,0.0
OI0000052,O000023,P00039,1,78.36,0.2
OI0000053,O000023,P00031,2,462.82,0.0
OI0000054,O000024,P00081,1,74.04,0.05
OI0000055,O000024,P00033,1,97.17,0.2
OI0000056,O000025,P00004,1,41.11,0.0
OI0000057,O000025,P00072,1,362.99,0.0
OI0000058,O000026,P00020,3,21.08,0.05
OI0000059,O000026,P00044,2,52.37,0.15
OI0000060,O000027,P00018,1,97.12,0.15
OI0000061,O000027,P00012,1,518.79,0.05
OI0000062,O000028,P00067,1,529.3,0.15
OI0000063,O000029,P00079,1,142.89,0.05
OI0000064,O000029,P00112,1,264.71,0.0
OI0000065,O000029,P00081,1,74.04,0.1
OI0000066,O000029,P00088,1,15.01,0.0
OI0000067,O000029,P00030,1,211.27,0.05
OI0000068,O000030,P00040,4,464.84,0.1
OI0000069,O000031,P00043,1,243.73,0.05
OI0000070,O000032,P00070,1,403.55,0.0
OI0000071,O000033,P00027,1,425.73,0.15
OI0000072,O000034,P00018,2,97.12,0.1
OI0000073,O000035,P00070,1,403.55,0.15
OI0000074,O000036,P00103,1,132.87,0.0
OI0000075,O000037,P00111,1,39.89,0.0
OI0000076,O000037,P00018,1,97.12,0.15
OI0000077,O000038,P00091,1,86.94,0.1
OI0000078,O000038,P00116,1,571.16,0.0
OI0000079,O000039,P00056,3,496.49,0.2
OI0000080,O000040,P00019,2,80.96,0.1
OI0000081,O000040,P00084,3,477.09,0.0
OI0000082,O000041,P00041,2,19.77,0.0
OI0000083,O000041,P00009,2,411.99,0.0
OI0000084,O000041,P00072,1,362.99,0.0
OI0000085,O000041,P00069,1,452.65,0.2
OI0000086,O000041,P00093,2,320.92,0.0
OI0000087,O000042,P00094,1,222.34,0.05
OI0000088,O000042,P00004,2,41.11,0.05
OI0000089,O000042,P00098,1,298.47,0.0
OI0000090,O000042,P00041,1,19.77,0.05
OI0000091,O000042,P00113,1,151.95,0.15
OI0000092,O000043,P00120,1,568.77,0.15
OI0000093,O000043,P00106,2,183.48,0.15
OI0000094,O000044,P00036,3,136.63,0.0
OI0000095,O000044,P00020,1,21.08,0.0
OI0000096,O000044,P00100,3,205.9,0.0
OI0000097,O000045,P00024,1,194.34,0.0
OI0000098,O000046,P00098,1,298.47,0.1
OI0000099,O000046,P00079,1,142.89,0.0
OI0000100,O000047,P00078,2,203.68,0.1
OI0000101,O000048,P00079,2,142.89,0.0
OI0000102,O000049,P00077,2,263.58,0.0
OI0000103,O000049,P00030,3,211.27,0.15
OI0000104,O000050,P00004,1,41.11,0.0
OI0000105,O000051,P00011,1,477.15,0.15
OI0000106,O000052,P00100,1,205.9,0.0
OI0000107,O000052,P00062,1,140.07,0.1
OI0000108,O000053,P00109,2,130.78,0.15
OI0000109,O000053,P00078,2,203.68,0.15
OI0000110,O000053,P00061,2,62.41,0.0
OI0000111,O000054,P00024,2,194.34,0.05
OI0000112,O000054,P00110,1,82.92,0.05
OI0000113,O000054,P00050,4,212.38,0.0
OI0000114,O000055,P00021,1,265.21,0.0
OI0000115,O000055,P00025,1,205.26,0.0
OI0000116,O000056,P00053,3,564.38,0.0
OI0000117,O000056,P00098,1,298.47,0.0
OI0000118,O000057,P00053,3,564.38,0.0
OI0000119,O000058,P00096,1,302.38,0.0
OI0000120,O000058,P00086,1,55.76,0.0
OI0000121,O000058,P00026,2,236.15,0.0
OI0000122,O000058,P00097,1,193.82,0.05
OI0000123,O000059,P00111,1,39.89,0.15
OI0000124,O000059,P00079,1,142.89,0.0
OI0000125,O000059,P00063,1,329.62,0.2
OI0000126,O000060,P00059,1,377.25,0.0
OI0000127,O000061,P00055,2,268.52,0.05
OI0000128,O000062,P00100,3,205.9,0.0
OI0000129,O000063,P00078,2,203.68,0.15
OI0000130,O000064,P00106,1,183.48,0.05
OI0000131,O000065,P00093,1,320.92,0.05
OI0000132,O000065,P00041,2,19.77,0.1
OI0000133,O000066,P00096,2,302.38,0.1
OI0000134,O000066,P00074,1,138.42,0.1
OI0000135,O000066,P00077,3,263.58,0.15
OI0000136,O000067,P00113,4,151.95,0.2
OI0000137,O000067,P00091,2,86.94,0.0
OI0000138,O000068,P00067,1,529.3,0.0
OI0000139,O000069,P00058,2,268.06,0.2
OI0000140,O000069,P00059,1,377.25,0.0
OI0000141,O000070,P00113,1,151.95,0.1
OI0000142,O000070,P00032,1,492.19,0.05
OI0000143,O000070,P00067,1,529.3,0.15
OI0000144,O000071,P00006,2,117.92,0.05
OI0000145,O000071,P00072,1,362.99,0.1
OI0000146,O000072,P00098,1,298.47,0.0
OI0000147,O000072,P00081,1,74.04,0.0
OI0000148,O000073,P00038,1,373.16,0.05
OI0000149,O000073,P00057,2,460.12,0.0
OI0000150,O000074,P00100,3,205.9,0.05
OI0000151,O000074,P00106,1,183.48,0.0
OI0000152,O000074,P00037,1,379.94,0.05
OI0000153,O000075,P00038,2,373.16,0.0
OI0000154,O000075,P00079,2,142.89,0.15
OI0000155,O000076,P00067,1,529.3,0.0
OI0000156,O000077,P00060,2,534.46,0.15
OI0000157,O000077,P00107,1,373.63,0.05
OI0000158,O000078,P00012,2,518.79,0.15
OI0000159,O000079,P00065,1,96.5,0.0
OI0000160,O000080,P00024,1,194.34,0.2
OI0000161,O000081,P00075,1,181.47,0.15
OI0000162,O000081,P00115,1,275.35,0.1
OI0000163,O000082,P00018,1,97.12,0.05
OI0000164,O000083,P00053,1,564.38,0.05
OI0000165,O000083,P00042,1,444.01,0.0
OI0000166,O000084,P00023,1,220.19,0.05
OI0000167,O000085,P00076,1,271.68,0.15
OI0000168,O000086,P00115,1,275.35,0.05
OI0000169,O000086,P00026,2,236.15,0.0
OI0000170,O000087,P00033,1,97.17,0.0
OI0000171,O000088,P00089,2,185.57,0.15
OI0000172,O000089,P00117,1,372.96,0.15
OI0000173,O000090,P00102,1,377.84,0.0
OI0000174,O000091,P00092,1,315.53,0.0
OI0000175,O000091,P00094,2,222.34,0.15
OI0000176,O000091,P00016,2,21.7,0.05
OI0000177,O000091,P00012,1,518.79,0.15
OI0000178,O000092,P00047,2,293.14,0.0
OI0000179,O000093,P00068,1,131.83,0.15
OI0000180,O000094,P00050,2,212.38,0.2
OI0000181,O000094,P00094,2,222.34,0.1
OI0000182,O000095,P00079,1,142.89,0.05
OI0000183,O000095,P00021,1,265.21,0.1
OI0000184,O000096,P00049,2,193.92,0.0
OI0000185,O000097,P00099,1,91.51,0.1
OI0000186,O000097,P00022,1,315.29,0.2
OI0000187,O000097,P00117,1,372.96,0.15
OI0000188,O000097,P00043,3,243.73,0.2
OI0000189,O000098,P00020,1,21.08,0.2
OI0000190,O000098,P00021,4,265.21,0.0
OI0000191,O000099,P00023,1,220.19,0.0
OI0000192,O000099,P00099,3,91.51,0.05
OI0000193,O000099,P00092,1,315.53,0.0
OI0000194,O000100,P00040,1,464.84,0.15
OI0000195,O000101,P00099,2,91.51,0.15
OI0000196,O000101,P00058,1,268.06,0.0
OI0000197,O000101,P00037,4,379.94,0.0
OI0000198,O000102,P00116,2,571.16,0.0
OI0000199,O000103,P00026,1,236.15,0.1
OI0000200,O000103,P00001,1,186.44,0.2
OI0000201,O000104,P00033,1,97.17,0.05
OI0000202,O000104,P00002,2,75.51,0.2
OI0000203,O000104,P00059,1,377.25,0.05
OI0000204,O000105,P00070,1,403.55,0.0
OI0000205,O000105,P00104,1,250.89,0.1
OI0000206,O000106,P00113,3,151.95,0.05
OI0000207,O000107,P00031,1,462.82,0.1
OI0000208,O000107,P00028,3,43.31,0.15
OI0000209,O000108,P00061,1,62.41,0.05
OI0000210,O000108,P00059,4,377.25,0.0
OI0000211,O000108,P00053,2,564.38,0.1
OI0000212,O000109,P00077,1,263.58,0.0
OI0000213,O000110,P00032,2,492.19,0.1
OI0000214,O000110,P00113,1,151.95,0.0
OI0000215,O000111,P00080,1,65.63,0.15
OI0000216,O000112,P00072,1,362.99,0.2
OI0000217,O000112,P00105,1,567.15,0.0
OI0000218,O000113,P00007,2,522.61,0.0
OI0000219,O000113,P00024,1,194.34,0.0
OI0000220,O000114,P00084,1,477.09,0.0
OI0000221,O000115,P00005,4,297.83,0.0
OI0000222,O000116,P00110,1,82.92,0.1
OI0000223,O000116,P00005,1,297.83,0.2
OI0000224,O000116,P00086,1,55.76,0.1
OI0000225,O000117,P00039,1,78.36,0.0
OI0000226,O000117,P00043,2,243.73,0.0
OI0000227,O000118,P00014,1,306.6,0.0
OI0000228,O000118,P00054,3,499.72,0.15
OI0000229,O000118,P00023,2,220.19,0.0
OI0000230,O000119,P00079,4,142.89,0.15
OI0000231,O000119,P00085,1,274.09,0.1
OI0000232,O000119,P00089,1,185.57,0.1
OI0000233,O000120,P00101,2,79.35,0.05
OI0000234,O000120,P00072,3,362.99,0.15
OI0000235,O000120,P00023,1,220.19,0.1
OI0000236,O000121,P00047,1,293.14,0.0
OI0000237,O000121,P00120,1,568.77,0.0
OI0000238,O000122,P00099,1,91.51,0.0
OI0000239,O000123,P00042,2,444.01,0.0
OI0000240,O000124,P00115,1,275.35,0.05
OI0000241,O000125,P00105,1,567.15,0.0
OI0000242,O000126,P00098,1,298.47,0.0
OI0000243,O000126,P00055,1,268.52,0.0
OI0000244,O000126,P00108,2,475.6,0.05
OI0000245,O000126,P00071,2,455.29,0.0
OI0000246,O000127,P00016,2,21.7,0.2
OI0000247,O000127,P00089,3,185.57,0.0
OI0000248,O000128,P00043,4,243.73,0.1
OI0000249,O000129,P00053,1,564.38,0.15
OI0000250,O000129,P00068,2,131.83,0.0
OI0000251,O000129,P00027,2,425.73,0.1
OI0000252,O000130,P00008,1,441.52,0.0
OI0000253,O000131,P00074,1,138.42,0.0
OI0000254,O000131,P00094,1,222.34,0.05
OI0000255,O000131,P00081,2,74.04,0.15
OI0000256,O000131,P00068,1,131.83,0.15
OI0000257,O000132,P00078,2,203.68,0.2
OI0000258,O000133,P00091,1,86.94,0.05
OI0000259,O000133,P00037,4,379.94,0.1
OI0000260,O000134,P00109,1,130.78,0.0
OI0000261,O000135,P00034,2,79.08,0.1
OI0000262,O000136,P00074,1,138.42,0.1
OI0000263,O000137,P00046,1,488.5,0.1
OI0000264,O000137,P00119,2,324.39,0.1
OI0000265,O000137,P00017,1,369.49,0.05
OI0000266,O000138,P00067,1,529.3,0.0
OI0000267,O000138,P00094,1,222.34,0.1
OI0000268,O000138,P00081,1,74.04,0.0
OI0000269,O000138,P00064,3,25.74,0.15
OI0000270,O000138,P00104,2,250.89,0.0
OI0000271,O000139,P00025,2,205.26,0.0
OI0000272,O000140,P00016,4,21.7,0.05
OI0000273,O000140,P00004,3,41.11,0.15
OI0000274,O000141,P00102,3,377.84,0.2
OI0000275,O000141,P00016,3,21.7,0.1
OI0000276,O000141,P00095,1,40.98,0.05
OI0000277,O000141,P00109,2,130.78,0.05
OI0000278,O000141,P00027,2,425.73,0.0
OI0000279,O000142,P00043,1,243.73,0.15
OI0000280,O000142,P00045,1,303.55,0.0
OI0000281,O000142,P00072,1,362.99,0.0
OI0000282,O000142,P00104,2,250.89,0.15
OI0000283,O000143,P00026,1,236.15,0.15
OI0000284,O000144,P00037,1,379.94,0.2
OI0000285,O000144,P00033,1,97.17,0.0
OI0000286,O000145,P00040,3,464.84,0.0
OI0000287,O000146,P00065,1,96.5,0.2
OI0000288,O000146,P00071,2,455.29,0.0
OI0000289,O000146,P00042,2,444.01,0.0
OI0000290,O000147,P00088,1,15.01,0.0
OI0000291,O000148,P00044,1,52.37,0.15
OI0000292,O000148,P00051,2,220.14,0.1
OI0000293,O000149,P00079,1,142.89,0.0
OI0000294,O000150,P00107,1,373.63,0.15
OI0000295,O000150,P00023,2,220.19,0.05
OI0000296,O000150,P00025,1,205.26,0.05
OI0000297,O000150,P00043,1,243.73,0.2
OI0000298,O000150,P00044,1,52.37,0.0
OI0000299,O000151,P00083,1,125.94,0.0
OI0000300,O000152,P00062,1,140.07,0.0
OI0000301,O000153,P00081,1,74.04,0.2
OI0000302,O000153,P00059,3,377.25,0.1
OI0000303,O000154,P00115,1,275.35,0.0
OI0000304,O000155,P00060,1,534.46,0.2
OI0000305,O000155,P00101,1,79.35,0.05
OI0000306,O000156,P00119,2,324.39,0.15
OI0000307,O000157,P00008,1,441.52,0.1
OI0000308,O000157,P00107,1,373.63,0.0
OI0000309,O000158,P00073,1,380.75,0.0
OI0000310,O000158,P00093,1,320.92,0.1
OI0000311,O000158,P00087,1,117.6,0.1
OI0000312,O000159,P00003,1,419.56,0.0
OI0000313,O000160,P00074,1,138.42,0.2
OI0000314,O000160,P00088,1,15.01,0.2
OI0000315,O000160,P00043,3,243.73,0.0
OI0000316,O000161,P00009,1,411.99,0.0
OI0000317,O000161,P00020,1,21.08,0.2
OI0000318,O000162,P00004,1,41.11,0.05
OI0000319,O000162,P00044,1,52.37,0.15
OI0000320,O000163,P00069,3,452.65,0.05
OI0000321,O000163,P00108,2,475.6,0.0
OI0000322,O000163,P00022,1,315.29,0.1
OI0000323,O000163,P00074,1,138.42,0.0
OI0000324,O000163,P00078,1,203.68,0.2
OI0000325,O000164,P00101,2,79.35,0.2
OI0000326,O000165,P00040,3,464.84,0.2
OI0000327,O000165,P00091,1,86.94,0.0
OI0000328,O000166,P00091,2,86.94,0.0
OI0000329,O000166,P00005,1,297.83,0.05
OI0000330,O000167,P00012,4,518.79,0.0
OI0000331,O000167,P00064,1,25.74,0.0
OI0000332,O000167,P00113,1,151.95,0.05
OI0000333,O000168,P00107,2,373.63,0.0
OI0000334,O000169,P00028,2,43.31,0.1
OI0000335,O000170,P00039,2,78.36,0.0
OI0000336,O000171,P00015,1,125.4,0.0
OI0000337,O000171,P00048,1,606.69,0.2
OI0000338,O000171,P00101,1,79.35,0.0
OI0000339,O000172,P00117,1,372.96,0.0
OI0000340,O000173,P00057,3,460.12,0.0
OI0000341,O000173,P00065,3,96.5,0.2
OI0000342,O000174,P00062,1,140.07,0.0
OI0000343,O000174,P00116,2,571.16,0.0
OI0000344,O000174,P00065,1,96.5,0.0
OI0000345,O000175,P00119,1,324.39,0.05
OI0000346,O000176,P00094,1,222.34,0.2
OI0000347,O000177,P00068,4,131.83,0.2
OI0000348,O000177,P00040,1,464.84,0.0
OI0000349,O000178,P00019,1,80.96,0.2
OI0000350,O000178,P00099,1,91.51,0.1
OI0000351,O000178,P00112,1,264.71,0.15
OI0000352,O000178,P00013,2,427.3,0.0
OI0000353,O000179,P00027,1,425.73,0.15
OI0000354,O000180,P00005,1,297.83,0.05
OI0000355,O000180,P00059,2,377.25,0.15
OI0000356,O000181,P00111,1,39.89,0.0
OI0000357,O000181,P00067,3,529.3,0.0
OI0000358,O000182,P00040,2,464.84,0.0
OI0000359,O000183,P00088,4,15.01,0.2
OI0000360,O000183,P00109,1,130.78,0.0
OI0000361,O000183,P00077,2,263.58,0.0
OI0000362,O000184,P00060,2,534.46,0.0
OI0000363,O000185,P00014,1,306.6,0.2
OI0000364,O000185,P00067,3,529.3,0.15
OI0000365,O000186,P00096,3,302.38,0.0
OI0000366,O000187,P00003,1,419.56,0.0
OI0000367,O000187,P00074,1,138.42,0.15
OI0000368,O000187,P00098,1,298.47,0.0
OI0000369,O000188,P00042,1,444.01,0.1
OI0000370,O000188,P00026,1,236.15,0.0
OI0000371,O000188,P00025,2,205.26,0.2
OI0000372,O000188,P00037,3,379.94,0.05
OI0000373,O000188,P00036,2,136.63,0.15
OI0000374,O000189,P00016,1,21.7,0.0
OI0000375,O000189,P00035,1,385.83,0.0
OI0000376,O000190,P00036,3,136.63,0.0
OI0000377,O000191,P00002,2,75.51,0.1
OI0000378,O000191,P00080,2,65.63,0.1
OI0000379,O000192,P00014,1,306.6,0.1
OI0000380,O000192,P00027,1,425.73,0.0
OI0000381,O000193,P00071,2,455.29,0.0
OI0000382,O000194,P00035,2,385.83,0.0
OI0000383,O000195,P00091,1,86.94,0.0
OI0000384,O000195,P00103,1,132.87,0.1
OI0000385,O000196,P00032,1,492.19,0.0
OI0000386,O000197,P00010,1,9.72,0.1
OI0000387,O000197,P00040,2,464.84,0.0
OI0000388,O000198,P00070,1,403.55,0.0
OI0000389,O000198,P00057,2,460.12,0.0
OI0000390,O000198,P00007,2,522.61,0.05
OI0000391,O000199,P00116,1,571.16,0.0
OI0000392,O000199,P00087,1,117.6,0.0
OI0000393,O000200,P00050,1,212.38,0.0
OI0000394,O000201,P00012,2,518.79,0.0
OI0000395,O000201,P00055,3,268.52,0.15
OI0000396,O000201,P00051,1,220.14,0.1
OI0000397,O000202,P00115,2,275.35,0.1
OI0000398,O000203,P00081,1,74.04,0.2
OI0000399,O000204,P00089,1,185.57,0.05
OI0000400,O000204,P00090,2,335.08,0.1
OI0000401,O000205,P00046,2,488.5,0.0
OI0000402,O000206,P00043,1,243.73,0.15
OI0000403,O000206,P00105,3,567.15,0.2
OI0000404,O000206,P00026,1,236.15,0.15
OI0000405,O000207,P00104,1,250.89,0.2
OI0000406,O000207,P00069,2,452.65,0.2
OI0000407,O000207,P00011,1,477.15,0.05
OI0000408,O000207,P00119,2,324.39,0.1
OI0000409,O000208,P00017,1,369.49,0.2
OI0000410,O000208,P00012,3,518.79,0.2
OI0000411,O000209,P00118,1,509.33,0.15
OI0000412,O000210,P00060,2,534.46,0.05
OI0000413,O000210,P00013,1,427.3,0.0
OI0000414,O000211,P00088,4,15.01,0.15
OI0000415,O000211,P00083,2,125.94,0.2
OI0000416,O000212,P00060,1,534.46,0.05
OI0000417,O000213,P00030,2,211.27,0.1
OI0000418,O000213,P00029,3,359.81,0.0
OI0000419,O000213,P00019,1,80.96,0.0
OI0000420,O000213,P00111,2,39.89,0.05
OI0000421,O000213,P00115,2,275.35,0.0
OI0000422,O000214,P00090,1,335.08,0.15
OI0000423,O000215,P00043,1,243.73,0.2
OI0000424,O000215,P00101,2,79.35,0.0
OI0000425,O000216,P00059,3,377.25,0.0
OI0000426,O000216,P00063,2,329.62,0.05
OI0000427,O000216,P00004,1,41.11,0.0
OI0000428,O000217,P00045,2,303.55,0.05
OI0000429,O000218,P00060,1,534.46,0.0
OI0000430,O000218,P00109,1,130.78,0.0
OI0000431,O000219,P00099,2,91.51,0.0
OI0000432,O000220,P00078,1,203.68,0.1
OI0000433,O000221,P00017,2,369.49,0.2
OI0000434,O000221,P00066,2,422.64,0.15
OI0000435,O000221,P00014,2,306.6,0.2
OI0000436,O000221,P00052,2,396.7,0.0
OI0000437,O000222,P00042,1,444.01,0.0
OI0000438,O000222,P00072,4,362.99,0.2
OI0000439,O000222,P00084,1,477.09,0.0
OI0000440,O000223,P00069,1,452.65,0.05
OI0000441,O000223,P00060,1,534.46,0.0
OI0000442,O000223,P00052,1,396.7,0.1
OI0000443,O000223,P00076,1,271.68,0.0
OI0000444,O000224,P00071,4,455.29,0.05
OI0000445,O000224,P00021,4,265.21,0.05
OI0000446,O000225,P00009,1,411.99,0.15
OI0000447,O000225,P00044,4,52.37,0.1
OI0000448,O000225,P00027,1,425.73,0.05
OI0000449,O000225,P00105,3,567.15,0.2
OI0000450,O000226,P00056,1,496.49,0.1
OI0000451,O000227,P00101,3,79.35,0.0
OI0000452,O000227,P00044,2,52.37,0.0
OI0000453,O000227,P00070,2,403.55,0.15
OI0000454,O000227,P00089,1,185.57,0.15
OI0000455,O000228,P00010,2,9.72,0.15
OI0000456,O000228,P00095,1,40.98,0.1
OI0000457,O000229,P00108,1,475.6,0.05
OI0000458,O000230,P00015,1,125.4,0.1
OI0000459,O000230,P00076,1,271.68,0.05
OI0000460,O000231,P00042,1,444.01,0.1
OI0000461,O000232,P00013,2,427.3,0.05
OI0000462,O000232,P00106,1,183.48,0.0
OI0000463,O000233,P00040,1,464.84,0.0
OI0000464,O000233,P00052,3,396.7,0.1
OI0000465,O000234,P00014,1,306.6,0.15
OI0000466,O000235,P00105,1,567.15,0.2
OI0000467,O000235,P00077,2,263.58,0.2
OI0000468,O000236,P00049,2,193.92,0.0
OI0000469,O000237,P00064,1,25.74,0.15
OI0000470,O000238,P00085,2,274.09,0.0
OI0000471,O000239,P00012,1,518.79,0.1
OI0000472,O000239,P00028,2,43.31,0.2
OI0000473,O000239,P00105,2,567.15,0.15
OI0000474,O000239,P00018,4,97.12,0.2
OI0000475,O000240,P00001,1,186.44,0.15
OI0000476,O000240,P00097,2,193.82,0.0
OI0000477,O000240,P00019,1,80.96,0.05
OI0000478,O000241,P00069,1,452.65,0.0
OI0000479,O000242,P00050,3,212.38,0.0
OI0000480,O000242,P00079,2,142.89,0.0
OI0000481,O000242,P00074,4,138.42,0.15
OI0000482,O000242,P00058,2,268.06,0.0
OI0000483,O000243,P00039,1,78.36,0.1
OI0000484,O000244,P00102,1,377.84,0.15
OI0000485,O000245,P00039,1,78.36,0.05
OI0000486,O000246,P00092,3,315.53,0.0
OI0000487,O000246,P00118,2,509.33,0.1
OI0000488,O000246,P00045,3,303.55,0.0
OI0000489,O000247,P00079,3,142.89,0.05
OI0000490,O000247,P00066,1,422.64,0.2
OI0000491,O000248,P00017,3,369.49,0.2
OI0000492,O000249,P00038,1,373.16,0.0
OI0000493,O000250,P00048,2,606.69,0.1
OI0000494,O000251,P00007,1,522.61,0.0
OI0000495,O000251,P00001,3,186.44,0.0
OI0000496,O000251,P00091,1,86.94,0.2
OI0000497,O000251,P00072,1,362.99,0.0
OI0000498,O000251,P00106,1,183.48,0.2
OI0000499,O000252,P00004,1,41.11,0.15
OI0000500,O000252,P00031,1,462.82,0.1
OI0000501,O000252,P00056,1,496.49,0.05
OI0000502,O000253,P00081,2,74.04,0.0
OI0000503,O000254,P00092,1,315.53,0.05
OI0000504,O000255,P00052,1,396.7,0.05
OI0000505,O000256,P00056,1,496.49,0.0
OI0000506,O000256,P00070,1,403.55,0.15
OI0000507,O000257,P00023,1,220.19,0.05
OI0000508,O000258,P00018,2,97.12,0.05
OI0000509,O000258,P00025,2,205.26,0.2
OI0000510,O000258,P00072,1,362.99,0.0
OI0000511,O000259,P00108,2,475.6,0.0
OI0000512,O000259,P00054,1,499.72,0.0
OI0000513,O000260,P00112,2,264.71,0.0
OI0000514,O000260,P00086,1,55.76,0.0
OI0000515,O000260,P00017,1,369.49,0.0
OI0000516,O000261,P00083,1,125.94,0.0
OI0000517,O000261,P00003,2,419.56,0.15
OI0000518,O000262,P00114,2,426.8,0.05
OI0000519,O000262,P00063,1,329.62,0.0
OI0000520,O000262,P00085,1,274.09,0.0
OI0000521,O000263,P00018,2,97.12,0.15
OI0000522,O000264,P00104,2,250.89,0.05
OI0000523,O000264,P00054,1,499.72,0.2
OI0000524,O000264,P00111,3,39.89,0.15
OI0000525,O000265,P00078,1,203.68,0.05
OI0000526,O000265,P00120,1,568.77,0.1
OI0000527,O000265,P00055,2,268.52,0.05
OI0000528,O000265,P00080,2,65.63,0.1
OI0000529,O000265,P00024,4,194.34,0.2
OI0000530,O000266,P00058,1,268.06,0.05
OI0000531,O000267,P00046,3,488.5,0.0
OI0000532,O000267,P00029,3,359.81,0.05
OI0000533,O000268,P00078,1,203.68,0.15
OI0000534,O000268,P00001,2,186.44,0.0
OI0000535,O000268,P00074,1,138.42,0.15
OI0000536,O000268,P00064,1,25.74,0.1
OI0000537,O000268,P00109,1,130.78,0.0
OI0000538,O000269,P00053,4,564.38,0.1
OI0000539,O000269,P00119,1,324.39,0.0
OI0000540,O000269,P00070,1,403.55,0.0
OI0000541,O000270,P00005,2,297.83,0.15
OI0000542,O000270,P00073,4,380.75,0.0
OI0000543,O000270,P00062,1,140.07,0.0
OI0000544,O000271,P00075,1,181.47,0.05
OI0000545,O000272,P00089,1,185.57,0.0
OI0000546,O000273,P00019,1,80.96,0.15
OI0000547,O000274,P00094,4,222.34,0.1
OI0000548,O000275,P00110,1,82.92,0.2
OI0000549,O000276,P00100,2,205.9,0.1
OI0000550,O000276,P00036,2,136.63,0.0
OI0000551,O000276,P00060,2,534.46,0.1
OI0000552,O000277,P00114,3,426.8,0.0
OI0000553,O000277,P00079,2,142.89,0.05
OI0000554,O000277,P00012,3,518.79,0.15
OI0000555,O000278,P00095,1,40.98,0.15
OI0000556,O000278,P00085,3,274.09,0.0
OI0000557,O000279,P00088,3,15.01,0.1
OI0000558,O000279,P00082,1,380.3,0.2
OI0000559,O000280,P00075,3,181.47,0.0
OI0000560,O000281,P00079,3,142.89,0.0
OI0000561,O000282,P00116,3,571.16,0.0
OI0000562,O000282,P00044,1,52.37,0.05
OI0000563,O000282,P00069,2,452.65,0.05
OI0000564,O000282,P00100,3,205.9,0.1
OI0000565,O000283,P00116,2,571.16,0.15
OI0000566,O000283,P00061,4,62.41,0.0
OI0000567,O000283,P00074,2,138.42,0.05
OI0000568,O000284,P00046,1,488.5,0.15
OI0000569,O000284,P00103,1,132.87,0.1
OI0000570,O000284,P00038,1,373.16,0.15
OI0000571,O000284,P00022,1,315.29,0.0
OI0000572,O000284,P00005,2,297.83,0.15
OI0000573,O000285,P00101,4,79.35,0.1
OI0000574,O000286,P00034,1,79.08,0.0
OI0000575,O000287,P00081,1,74.04,0.05
OI0000576,O000288,P00075,1,181.47,0.0
OI0000577,O000289,P00074,1,138.42,0.15
OI0000578,O000289,P00007,1,522.61,0.0
OI0000579,O000290,P00104,1,250.89,0.0
OI0000580,O000290,P00095,1,40.98,0.0
OI0000581,O000290,P00080,1,65.63,0.05
OI0000582,O000291,P00011,2,477.15,0.0
OI0000583,O000292,P00065,3,96.5,0.0
OI0000584,O000293,P00109,1,130.78,0.0
OI0000585,O000293,P00101,4,79.35,0.1
OI0000586,O000293,P00036,1,136.63,0.0
OI0000587,O000293,P00033,1,97.17,0.0
OI0000588,O000294,P00110,1,82.92,0.0
OI0000589,O000295,P00002,1,75.51,0.0
OI0000590,O000295,P00095,2,40.98,0.1
OI0000591,O000296,P00023,1,220.19,0.1
OI0000592,O000296,P00117,2,372.96,0.15
OI0000593,O000297,P00020,1,21.08,0.2
OI0000594,O000297,P00085,1,274.09,0.0
OI0000595,O000297,P00058,1,268.06,0.0
OI0000596,O000297,P00048,1,606.69,0.2
OI0000597,O000298,P00090,1,335.08,0.05
OI0000598,O000298,P00031,2,462.82,0.0
OI0000599,O000299,P00103,1,132.87,0.2
OI0000600,O000299,P00068,1,131.83,0.0
OI0000601,O000300,P00044,1,52.37,0.0
OI0000602,O000300,P00011,1,477.15,0.1
OI0000603,O000301,P00120,1,568.77,0.05
OI0000604,O000301,P00106,1,183.48,0.2
OI0000605,O000301,P00020,1,21.08,0.05
OI0000606,O000301,P00108,2,475.6,0.2
OI0000607,O000302,P00050,1,212.38,0.05
OI0000608,O000302,P00031,1,462.82,0.15
OI0000609,O000302,P00085,1,274.09,0.15
OI0000610,O000303,P00022,4,315.29,0.1
OI0000611,O000303,P00027,2,425.73,0.15
OI0000612,O000304,P00108,1,475.6,0.0
OI0000613,O000304,P00045,1,303.55,0.15
OI0000614,O000305,P00034,1,79.08,0.0
OI0000615,O000305,P00097,4,193.82,0.0
OI0000616,O000305,P00105,1,567.15,0.0
OI0000617,O000306,P00060,2,534.46,0.05
OI0000618,O000307,P00061,1,62.41,0.0
OI0000619,O000308,P00061,2,62.41,0.15
OI0000620,O000309,P00097,1,193.82,0.1
OI0000621,O000309,P00119,2,324.39,0.0
OI0000622,O000310,P00049,3,193.92,0.15
OI0000623,O000311,P00091,2,86.94,0.05
OI0000624,O000311,P00050,1,212.38,0.0
OI0000625,O000312,P00019,2,80.96,0.05
OI0000626,O000312,P00068,3,131.83,0.0
OI0000627,O000312,P00112,1,264.71,0.0
OI0000628,O000313,P00119,2,324.39,0.2
OI0000629,O000314,P00058,1,268.06,0.05
OI0000630,O000315,P00087,1,117.6,0.0
OI0000631,O000315,P00041,4,19.77,0.0
OI0000632,O000315,P00068,1,131.83,0.1
OI0000633,O000315,P00088,2,15.01,0.15
OI0000634,O000316,P00046,1,488.5,0.05
OI0000635,O000316,P00109,4,130.78,0.1
OI0000636,O000317,P00118,3,509.33,0.15
OI0000637,O000318,P00110,1,82.92,0.0
OI0000638,O000318,P00035,3,385.83,0.0
OI0000639,O000319,P00035,2,385.83,0.2
OI0000640,O000320,P00013,3,427.3,0.0
OI0000641,O000321,P00084,1,477.09,0.05
OI0000642,O000321,P00075,2,181.47,0.05
OI0000643,O000322,P00099,1,91.51,0.15
OI0000644,O000323,P00096,1,302.38,0.0
OI0000645,O000324,P00094,1,222.34,0.15
OI0000646,O000325,P00076,1,271.68,0.0
OI0000647,O000325,P00099,1,91.51,0.1
OI0000648,O000326,P00044,2,52.37,0.15
OI0000649,O000326,P00087,1,117.6,0.0
OI0000650,O000327,P00041,2,19.77,0.15
OI0000651,O000327,P00071,2,455.29,0.0
OI0000652,O000327,P00002,1,75.51,0.2
OI0000653,O000328,P00009,3,411.99,0.0
OI0000654,O000329,P00053,1,564.38,0.0
OI0000655,O000329,P00013,1,427.3,0.15
OI0000656,O000329,P00068,2,131.83,0.05
OI0000657,O000330,P00045,3,303.55,0.15
OI0000658,O000330,P00029,1,359.81,0.0
OI0000659,O000331,P00033,1,97.17,0.0
OI0000660,O000332,P00005,1,297.83,0.0
OI0000661,O000333,P00080,1,65.63,0.1
OI0000662,O000333,P00012,2,518.79,0.15
OI0000663,O000333,P00008,1,441.52,0.2
OI0000664,O000334,P00028,1,43.31,0.1
OI0000665,O000335,P00082,2,380.3,0.0
OI0000666,O000336,P00091,1,86.94,0.0
OI0000667,O000337,P00012,1,518.79,0.2
OI0000668,O000338,P00078,1,203.68,0.15
OI0000669,O000338,P00017,2,369.49,0.2
OI0000670,O000338,P00049,2,193.92,0.15
OI0000671,O000339,P00073,1,380.75,0.2
OI0000672,O000340,P00024,2,194.34,0.15
OI0000673,O000340,P00115,1,275.35,0.0
OI0000674,O000340,P00015,1,125.4,0.0
OI0000675,O000341,P00038,1,373.16,0.05
OI0000676,O000342,P00085,1,274.09,0.0
OI0000677,O000343,P00082,1,380.3,0.05
OI0000678,O000344,P00119,3,324.39,0.0
OI0000679,O000345,P00099,3,91.51,0.15
OI0000680,O000345,P00055,1,268.52,0.15
OI0000681,O000346,P00099,1,91.51,0.0
OI0000682,O000346,P00042,2,444.01,0.0
OI0000683,O000347,P00100,1,205.9,0.0
OI0000684,O000348,P00036,1,136.63,0.05
OI0000685,O000348,P00100,3,205.9,0.0
OI0000686,O000348,P00008,1,441.52,0.0
OI0000687,O000348,P00049,1,193.92,0.0
OI0000688,O000349,P00105,2,567.15,0.0
OI0000689,O000350,P00023,3,220.19,0.0
OI0000690,O000350,P00057,1,460.12,0.05
OI0000691,O000351,P00119,1,324.39,0.1
OI0000692,O000351,P00026,1,236.15,0.05
OI0000693,O000352,P00023,1,220.19,0.05
OI0000694,O000352,P00083,1,125.94,0.0
OI0000695,O000353,P00019,1,80.96,0.1
OI0000696,O000354,P00099,1,91.51,0.05
OI0000697,O000355,P00028,1,43.31,0.1
OI0000698,O000356,P00083,3,125.94,0.0
OI0000699,O000356,P00014,1,306.6,0.0
OI0000700,O000356,P00117,4,372.96,0.0
OI0000701,O000356,P00057,2,460.12,0.0
OI0000702,O000356,P00092,1,315.53,0.0
OI0000703,O000357,P00074,3,138.42,0.15
OI0000704,O000358,P00033,2,97.17,0.05
OI0000705,O000358,P00100,3,205.9,0.0
OI0000706,O000359,P00115,1,275.35,0.05
OI0000707,O000360,P00020,1,21.08,0.15
OI0000708,O000361,P00082,1,380.3,0.0
OI0000709,O000362,P00120,1,568.77,0.0
OI0000710,O000363,P00086,1,55.76,0.05
OI0000711,O000364,P00035,1,385.83,0.15
OI0000712,O000364,P00020,2,21.08,0.0
OI0000713,O000365,P00116,1,571.16,0.1
OI0000714,O000365,P00051,1,220.14,0.15
OI0000715,O000365,P00074,3,138.42,0.2
OI0000716,O000365,P00001,1,186.44,0.05
OI0000717,O000366,P00062,1,140.07,0.2
OI0000718,O000366,P00056,2,496.49,0.15
OI0000719,O000366,P00052,3,396.7,0.2
OI0000720,O000367,P00104,1,250.89,0.0
OI0000721,O000367,P00101,3,79.35,0.1
OI0000722,O000368,P00029,2,359.81,0.15
OI0000723,O000368,P00001,1,186.44,0.2
OI0000724,O000368,P00050,2,212.38,0.2
OI0000725,O000369,P00062,1,140.07,0.0
OI0000726,O000370,P00073,1,380.75,0.0
OI0000727,O000370,P00069,2,452.65,0.0
OI0000728,O000371,P00088,1,15.01,0.05
OI0000729,O000371,P00039,2,78.36,0.0
OI0000730,O000372,P00081,1,74.04,0.1
OI0000731,O000372,P00083,1,125.94,0.2
OI0000732,O000372,P00012,1,518.79,0.0
OI0000733,O000372,P00047,1,293.14,0.0
OI0000734,O000373,P00108,1,475.6,0.05
OI0000735,O000374,P00098,4,298.47,0.2
OI0000736,O000375,P00038,1,373.16,0.0
OI0000737,O000375,P00083,1,125.94,0.0
OI0000738,O000376,P00071,1,455.29,0.05
OI0000739,O000376,P00006,1,117.92,0.15
OI0000740,O000377,P00025,1,205.26,0.15
OI0000741,O000377,P00039,1,78.36,0.05
OI0000742,O000378,P00115,2,275.35,0.15
OI0000743,O000378,P00014,1,306.6,0.15
OI0000744,O000379,P00046,1,488.5,0.05
OI0000745,O000380,P00011,2,477.15,0.0
OI0000746,O000380,P00114,1,426.8,0.0
OI0000747,O000380,P00081,3,74.04,0.0
OI0000748,O000380,P00057,1,460.12,0.0
OI0000749,O000380,P00095,4,40.98,0.0
OI0000750,O000381,P00093,1,320.92,0.1
OI0000751,O000382,P00031,1,462.82,0.05
OI0000752,O000382,P00063,2,329.62,0.0
OI0000753,O000383,P00102,2,377.84,0.1
OI0000754,O000384,P00083,1,125.94,0.0
OI0000755,O000385,P00064,3,25.74,0.05
OI0000756,O000385,P00069,4,452.65,0.0
OI0000757,O000385,P00107,2,373.63,0.0
OI0000758,O000385,P00104,2,250.89,0.0
OI0000759,O000386,P00008,1,441.52,0.2
OI0000760,O000386,P00044,1,52.37,0.15
OI0000761,O000387,P00006,3,117.92,0.05
OI0000762,O000388,P00016,3,21.7,0.0
OI0000763,O000389,P00104,2,250.89,0.15
OI0000764,O000389,P00084,1,477.09,0.1
OI0000765,O000390,P00059,4,377.25,0.15
OI0000766,O000391,P00112,1,264.71,0.2
OI0000767,O000392,P00069,1,452.65,0.0
OI0000768,O000393,P00095,2,40.98,0.1
OI0000769,O000394,P00030,1,211.27,0.0
OI0000770,O000394,P00119,1,324.39,0.0
OI0000771,O000395,P00095,2,40.98,0.15
OI0000772,O000395,P00019,1,80.96,0.0
OI0000773,O000395,P00063,1,329.62,0.05
OI0000774,O000396,P00117,2,372.96,0.1
OI0000775,O000397,P00006,3,117.92,0.15
OI0000776,O000397,P00032,1,492.19,0.15
OI0000777,O000398,P00017,1,369.49,0.0
OI0000778,O000398,P00002,1,75.51,0.15
OI0000779,O000399,P00007,1,522.61,0.0
OI0000780,O000399,P00116,2,571.16,0.2
OI0000781,O000400,P00102,2,377.84,0.05
OI0000782,O000400,P00013,1,427.3,0.1
OI0000783,O000401,P00022,4,315.29,0.2
OI0000784,O000401,P00107,3,373.63,0.2
OI0000785,O000401,P00076,2,271.68,0.0
OI0000786,O000401,P00009,2,411.99,0.0
OI0000787,O000402,P00064,1,25.74,0.2
OI0000788,O000402,P00077,2,263.58,0.1
OI0000789,O000403,P00029,4,359.81,0.2
OI0000790,O000403,P00009,1,411.99,0.0
OI0000791,O000404,P00055,2,268.52,0.0
OI0000792,O000405,P00104,1,250.89,0.0
OI0000793,O000405,P00107,1,373.63,0.0
OI0000794,O000405,P00095,1,40.98,0.15
OI0000795,O000405,P00087,1,117.6,0.1
OI0000796,O000405,P00052,1,396.7,0.1
OI0000797,O000406,P00018,3,97.12,0.0
OI0000798,O000407,P00108,1,475.6,0.2
OI0000799,O000408,P00028,4,43.31,0.1
OI0000800,O000408,P00098,4,298.47,0.0
OI0000801,O000408,P00006,1,117.92,0.0
OI0000802,O000409,P00009,1,411.99,0.2
OI0000803,O000409,P00016,2,21.7,0.05
OI0000804,O000409,P00036,2,136.63,0.0
OI0000805,O000409,P00019,1,80.96,0.15
OI0000806,O000410,P00048,1,606.69,0.0
OI0000807,O000410,P00071,3,455.29,0.05
OI0000808,O000411,P00032,2,492.19,0.1
OI0000809,O000412,P00006,1,117.92,0.0
OI0000810,O000413,P00013,2,427.3,0.05
OI0000811,O000413,P00102,4,377.84,0.2
OI0000812,O000413,P00109,1,130.78,0.0
OI0000813,O000413,P00081,1,74.04,0.0
OI0000814,O000413,P00079,1,142.89,0.05
OI0000815,O000414,P00011,1,477.15,0.0
OI0000816,O000414,P00001,2,186.44,0.0
OI0000817,O000415,P00119,1,324.39,0.0
OI0000818,O000416,P00091,1,86.94,0.15
OI0000819,O000417,P00076,1,271.68,0.0
OI0000820,O000417,P00114,1,426.8,0.05
OI0000821,O000418,P00089,3,185.57,0.2
OI0000822,O000419,P00102,2,377.84,0.0
OI0000823,O000419,P00099,1,91.51,0.0
OI0000824,O000419,P00061,1,62.41,0.0
OI0000825,O000419,P00089,2,185.57,0.15
OI0000826,O000420,P00035,4,385.83,0.0
OI0000827,O000420,P00067,3,529.3,0.1
OI0000828,O000420,P00058,1,268.06,0.15
OI0000829,O000420,P00053,4,564.38,0.0
OI0000830,O000420,P00031,2,462.82,0.1
OI0000831,O000421,P00024,1,194.34,0.1
OI0000832,O000421,P00092,1,315.53,0.0
OI0000833,O000421,P00064,1,25.74,0.15
OI0000834,O000422,P00106,1,183.48,0.2
OI0000835,O000423,P00039,1,78.36,0.0
OI0000836,O000423,P00045,1,303.55,0.1
OI0000837,O000423,P00054,1,499.72,0.0
OI0000838,O000424,P00025,4,205.26,0.0
OI0000839,O000425,P00068,1,131.83,0.0
OI0000840,O000426,P00080,3,65.63,0.1
OI0000841,O000426,P00047,1,293.14,0.1
OI0000842,O000426,P00111,2,39.89,0.0
OI0000843,O000426,P00098,2,298.47,0.05
OI0000844,O000427,P00099,1,91.51,0.0
OI0000845,O000427,P00081,4,74.04,0.0
OI0000846,O000427,P00085,1,274.09,0.0
OI0000847,O000428,P00025,1,205.26,0.0
OI0000848,O000429,P00102,3,377.84,0.0
OI0000849,O000430,P00088,1,15.01,0.05
OI0000850,O000430,P00109,1,130.78,0.05
OI0000851,O000431,P00023,4,220.19,0.0
OI0000852,O000432,P00086,2,55.76,0.0
OI0000853,O000432,P00119,2,324.39,0.0
OI0000854,O000433,P00083,2,125.94,0.0
OI0000855,O000433,P00047,1,293.14,0.05
OI0000856,O000433,P00037,3,379.94,0.0
OI0000857,O000434,P00043,2,243.73,0.2
OI0000858,O000434,P00079,4,142.89,0.2
OI0000859,O000435,P00059,2,377.25,0.15
OI0000860,O000435,P00006,4,117.92,0.0
OI0000861,O000435,P00014,1,306.6,0.1
OI0000862,O000436,P00023,1,220.19,0.2
OI0000863,O000436,P00021,1,265.21,0.0
OI0000864,O000437,P00063,2,329.62,0.0
OI0000865,O000437,P00066,2,422.64,0.0
OI0000866,O000437,P00015,4,125.4,0.15
OI0000867,O000438,P00057,2,460.12,0.1
OI0000868,O000439,P00075,1,181.47,0.05
OI0000869,O000439,P00042,1,444.01,0.0
OI0000870,O000440,P00096,1,302.38,0.0
OI0000871,O000440,P00087,2,117.6,0.0
OI0000872,O000440,P00115,1,275.35,0.2
OI0000873,O000441,P00015,1,125.4,0.0
OI0000874,O000442,P00030,4,211.27,0.0
OI0000875,O000443,P00031,4,462.82,0.15
OI0000876,O000444,P00053,4,564.38,0.0
OI0000877,O000444,P00112,1,264.71,0.0
OI0000878,O000444,P00026,4,236.15,0.05
OI0000879,O000444,P00049,1,193.92,0.1
OI0000880,O000444,P00115,1,275.35,0.05
OI0000881,O000445,P00007,3,522.61,0.05
OI0000882,O000446,P00019,1,80.96,0.0
OI0000883,O000447,P00119,1,324.39,0.1
OI0000884,O000448,P00059,3,377.25,0.0
OI0000885,O000449,P00050,3,212.38,0.0
OI0000886,O000449,P00048,2,606.69,0.05
OI0000887,O000450,P00093,1,320.92,0.0
OI0000888,O000450,P00025,2,205.26,0.0
OI0000889,O000450,P00081,1,74.04,0.0
OI0000890,O000450,P00046,1,488.5,0.0
OI0000891,O000450,P00035,2,385.83,0.15
OI0000892,O000451,P00073,2,380.75,0.0
OI0000893,O000451,P00008,2,441.52,0.0
OI0000894,O000452,P00015,2,125.4,0.2
OI0000895,O000453,P00060,1,534.46,0.05
OI0000896,O000454,P00054,4,499.72,0.2
OI0000897,O000454,P00022,1,315.29,0.0
OI0000898,O000455,P00029,1,359.81,0.0
OI0000899,O000456,P00078,2,203.68,0.0
OI0000900,O000457,P00102,2,377.84,0.0
OI0000901,O000457,P00082,3,380.3,0.1
OI0000902,O000457,P00079,1,142.89,0.1
OI0000903,O000458,P00110,1,82.92,0.0
OI0000904,O000459,P00012,2,518.79,0.1
OI0000905,O000459,P00053,2,564.38,0.05
OI0000906,O000459,P00110,1,82.92,0.2
OI0000907,O000460,P00028,4,43.31,0.1
OI0000908,O000461,P00061,2,62.41,0.2
OI0000909,O000462,P00060,1,534.46,0.0
OI0000910,O000463,P00002,1,75.51,0.05
OI0000911,O000463,P00094,2,222.34,0.15
OI0000912,O000464,P00112,1,264.71,0.0
OI0000913,O000464,P00032,2,492.19,0.0
OI0000914,O000465,P00056,1,496.49,0.0
OI0000915,O000465,P00075,2,181.47,0.1
OI0000916,O000466,P00020,1,21.08,0.1
OI0000917,O000466,P00117,3,372.96,0.0
OI0000918,O000467,P00054,3,499.72,0.0
OI0000919,O000467,P00006,3,117.92,0.05
OI0000920,O000468,P00094,1,222.34,0.2
OI0000921,O000469,P00065,1,96.5,0.0
OI0000922,O000470,P00055,2,268.52,0.05
OI0000923,O000470,P00068,1,131.83,0.2
OI0000924,O000470,P00051,2,220.14,0.2
OI0000925,O000471,P00090,1,335.08,0.0
OI0000926,O000471,P00106,2,183.48,0.0
OI0000927,O000471,P00013,2,427.3,0.1
OI0000928,O000471,P00058,1,268.06,0.2
OI0000929,O000471,P00064,1,25.74,0.0
OI0000930,O000472,P00089,1,185.57,0.05
OI0000931,O000472,P00094,1,222.34,0.0
OI0000932,O000473,P00017,2,369.49,0.0
OI0000933,O000473,P00046,1,488.5,0.0
OI0000934,O000474,P00083,1,125.94,0.0
OI0000935,O000475,P00003,1,419.56,0.15
OI0000936,O000475,P00062,1,140.07,0.0
OI0000937,O000476,P00021,1,265.21,0.15
OI0000938,O000477,P00059,1,377.25,0.2
OI0000939,O000478,P00074,1,138.42,0.15
OI0000940,O000479,P00075,1,181.47,0.2
OI0000941,O000479,P00004,2,41.11,0.0
OI0000942,O000479,P00059,3,377.25,0.2
OI0000943,O000479,P00060,1,534.46,0.15
OI0000944,O000480,P00052,1,396.7,0.2
OI0000945,O000480,P00024,1,194.34,0.0
OI0000946,O000480,P00102,1,377.84,0.15
OI0000947,O000481,P00060,1,534.46,0.15
OI0000948,O000482,P00082,2,380.3,0.0
OI0000949,O000483,P00111,1,39.89,0.15
OI0000950,O000483,P00081,1,74.04,0.0
OI0000951,O000483,P00010,1,9.72,0.1
OI0000952,O000483,P00050,1,212.38,0.0
OI0000953,O000484,P00038,1,373.16,0.0
OI0000954,O000484,P00055,1,268.52,0.15
OI0000955,O000484,P00097,2,193.82,0.1
OI0000956,O000485,P00070,1,403.55,0.0
OI0000957,O000485,P00074,1,138.42,0.2
OI0000958,O000485,P00102,1,377.84,0.15
OI0000959,O000486,P00011,1,477.15,0.1
OI0000960,O000487,P00113,3,151.95,0.0
OI0000961,O000488,P00095,1,40.98,0.0
OI0000962,O000488,P00120,1,568.77,0.1
OI0000963,O000489,P00117,2,372.96,0.15
OI0000964,O000490,P00047,1,293.14,0.0
OI0000965,O000491,P00015,1,125.4,0.0
OI0000966,O000491,P00050,1,212.38,0.05
OI0000967,O000492,P00080,1,65.63,0.0
OI0000968,O000493,P00047,1,293.14,0.0
OI0000969,O000494,P00023,2,220.19,0.15
OI0000970,O000494,P00083,2,125.94,0.0
OI0000971,O000494,P00072,3,362.99,0.1
OI0000972,O000495,P00091,3,86.94,0.2
OI0000973,O000496,P00027,1,425.73,0.0
OI0000974,O000497,P00043,1,243.73,0.0
OI0000975,O000498,P00070,1,403.55,0.2
OI0000976,O000498,P00015,1,125.4,0.1
OI0000977,O000498,P00084,1,477.09,0.2
OI0000978,O000498,P00062,1,140.07,0.15
OI0000979,O000498,P00095,1,40.98,0.0
OI0000980,O000499,P00097,1,193.82,0.15
OI0000981,O000500,P00098,1,298.47,0.0
OI0000982,O000500,P00029,1,359.81,0.0
OI0000983,O000500,P00042,2,444.01,0.1
OI0000984,O000501,P00088,1,15.01,0.0
OI0000985,O000501,P00055,1,268.52,0.0
OI0000986,O000501,P00036,4,136.63,0.05
OI0000987,O000501,P00007,1,522.61,0.05
OI0000988,O000501,P00009,1,411.99,0.1
OI0000989,O000502,P00068,3,131.83,0.2
OI0000990,O000503,P00016,2,21.7,0.2
OI0000991,O000503,P00061,1,62.41,0.1
OI0000992,O000503,P00091,1,86.94,0.0
OI0000993,O000503,P00069,1,452.65,0.05
OI0000994,O000503,P00087,3,117.6,0.1
OI0000995,O000504,P00048,1,606.69,0.2
OI0000996,O000504,P00103,2,132.87,0.0
OI0000997,O000504,P00087,1,117.6,0.0
OI0000998,O000504,P00089,1,185.57,0.05
OI0000999,O000505,P00012,1,518.79,0.05
OI0001000,O000505,P00011,1,477.15,0.0
OI0001001,O000506,P00037,2,379.94,0.0
OI0001002,O000507,P00014,4,306.6,0.0
OI0001003,O000507,P00022,2,315.29,0.15
OI0001004,O000507,P00036,1,136.63,0.0
OI0001005,O000508,P00064,4,25.74,0.0
OI0001006,O000509,P00112,2,264.71,0.1
OI0001007,O000509,P00027,2,425.73,0.15
OI0001008,O000510,P00003,1,419.56,0.15
OI0001009,O000510,P00038,1,373.16,0.1
OI0001010,O000510,P00054,2,499.72,0.0
OI0001011,O000511,P00061,2,62.41,0.05
OI0001012,O000511,P00045,1,303.55,0.15
OI0001013,O000511,P00054,1,499.72,0.15
OI0001014,O000512,P00003,2,419.56,0.0
OI0001015,O000512,P00038,2,373.16,0.0
OI0001016,O000513,P00003,3,419.56,0.2
OI0001017,O000514,P00103,2,132.87,0.2
OI0001018,O000514,P00030,1,211.27,0.1
OI0001019,O000515,P00083,3,125.94,0.0
OI0001020,O000516,P00053,1,564.38,0.1
OI0001021,O000517,P00044,2,52.37,0.15
OI0001022,O000517,P00084,1,477.09,0.2
OI0001023,O000518,P00042,3,444.01,0.05
OI0001024,O000519,P00076,1,271.68,0.15
OI0001025,O000519,P00086,1,55.76,0.1
OI0001026,O000520,P00108,1,475.6,0.1
OI0001027,O000520,P00071,2,455.29,0.0
OI0001028,O000520,P00057,1,460.12,0.2
OI0001029,O000520,P00059,3,377.25,0.0
OI0001030,O000520,P00039,2,78.36,0.0
OI0001031,O000521,P00102,1,377.84,0.0
OI0001032,O000521,P00034,3,79.08,0.05
OI0001033,O000522,P00048,3,606.69,0.0
OI0001034,O000523,P00099,2,91.51,0.0
OI0001035,O000523,P00109,1,130.78,0.0
OI0001036,O000524,P00046,1,488.5,0.05
OI0001037,O000524,P00037,1,379.94,0.0
OI0001038,O000525,P00080,1,65.63,0.0
OI0001039,O000526,P00092,1,315.53,0.1
OI0001040,O000527,P00037,1,379.94,0.2
OI0001041,O000527,P00024,2,194.34,0.15
OI0001042,O000527,P00023,1,220.19,0.15
OI0001043,O000528,P00116,1,571.16,0.2
OI0001044,O000528,P00086,4,55.76,0.0
OI0001045,O000529,P00021,1,265.21,0.0
OI0001046,O000529,P00031,2,462.82,0.0
OI0001047,O000529,P00015,1,125.4,0.1
OI0001048,O000530,P00017,1,369.49,0.0
OI0001049,O000530,P00057,1,460.12,0.0
OI0001050,O000531,P00024,2,194.34,0.0
OI0001051,O000532,P00072,2,362.99,0.0
OI0001052,O000532,P00091,1,86.94,0.15
OI0001053,O000533,P00041,2,19.77,0.0
OI0001054,O000534,P00019,3,80.96,0.1
OI0001055,O000534,P00048,1,606.69,0.0
OI0001056,O000534,P00058,2,268.06,0.1
OI0001057,O000535,P00039,1,78.36,0.0
OI0001058,O000535,P00016,1,21.7,0.05
OI0001059,O000535,P00118,1,509.33,0.05
OI0001060,O000536,P00099,1,91.51,0.0
OI0001061,O000537,P00059,1,377.25,0.15
OI0001062,O000537,P00119,2,324.39,0.1
OI0001063,O000537,P00041,2,19.77,0.1
OI0001064,O000537,P00020,1,21.08,0.0
OI0001065,O000537,P00001,1,186.44,0.15
OI0001066,O000538,P00091,2,86.94,0.05
OI0001067,O000538,P00038,4,373.16,0.0
OI0001068,O000539,P00097,3,193.82,0.1
OI0001069,O000540,P00086,2,55.76,0.0
OI0001070,O000541,P00103,1,132.87,0.15
OI0001071,O000541,P00073,1,380.75,0.05
OI0001072,O000542,P00044,1,52.37,0.15
OI0001073,O000543,P00015,1,125.4,0.05
OI0001074,O000543,P00094,2,222.34,0.0
OI0001075,O000544,P00018,2,97.12,0.15
OI0001076,O000545,P00071,2,455.29,0.0
OI0001077,O000545,P00015,1,125.4,0.05
OI0001078,O000545,P00040,1,464.84,0.1
OI0001079,O000546,P00108,1,475.6,0.0
OI0001080,O000546,P00029,1,359.81,0.0
OI0001081,O000546,P00058,1,268.06,0.0
OI0001082,O000547,P00008,2,441.52,0.15
OI0001083,O000547,P00078,2,203.68,0.0
OI0001084,O000548,P00075,1,181.47,0.1
OI0001085,O000549,P00029,1,359.81,0.0
OI0001086,O000549,P00101,1,79.35,0.0
OI0001087,O000549,P00120,1,568.77,0.0
OI0001088,O000549,P00099,1,91.51,0.0
OI0001089,O000550,P00069,1,452.65,0.2
OI0001090,O000551,P00058,1,268.06,0.15
OI0001091,O000552,P00086,1,55.76,0.05
OI0001092,O000552,P00012,1,518.79,0.0
OI0001093,O000552,P00066,2,422.64,0.05
OI0001094,O000553,P00041,1,19.77,0.15
OI0001095,O000553,P00078,2,203.68,0.0
OI0001096,O000553,P00066,1,422.64,0.05
OI0001097,O000553,P00008,1,441.52,0.0
OI0001098,O000554,P00092,1,315.53,0.2
OI0001099,O000555,P00055,1,268.52,0.05
OI0001100,O000555,P00048,1,606.69,0.0
OI0001101,O000556,P00002,1,75.51,0.0
OI0001102,O000556,P00037,3,379.94,0.0
OI0001103,O000557,P00040,1,464.84,0.1
OI0001104,O000557,P00058,4,268.06,0.0
OI0001105,O000557,P00112,1,264.71,0.0
OI0001106,O000558,P00094,1,222.34,0.05
OI0001107,O000559,P00095,2,40.98,0.2
OI0001108,O000559,P00054,1,499.72,0.05
OI0001109,O000560,P00037,1,379.94,0.0
OI0001110,O000561,P00104,3,250.89,0.05
OI0001111,O000561,P00094,2,222.34,0.15
OI0001112,O000561,P00115,2,275.35,0.05
OI0001113,O000562,P00018,1,97.12,0.1
OI0001114,O000562,P00107,1,373.63,0.1
OI0001115,O000563,P00012,1,518.79,0.0
OI0001116,O000563,P00019,1,80.96,0.0
OI0001117,O000564,P00061,2,62.41,0.0
OI0001118,O000564,P00112,1,264.71,0.1
OI0001119,O000564,P00068,2,131.83,0.2
OI0001120,O000564,P00043,3,243.73,0.05
OI0001121,O000565,P00012,1,518.79,0.0
OI0001122,O000566,P00053,1,564.38,0.0
OI0001123,O000566,P00082,2,380.3,0.05
OI0001124,O000567,P00023,1,220.19,0.1
OI0001125,O000568,P00060,1,534.46,0.15
OI0001126,O000569,P00073,2,380.75,0.2
OI0001127,O000570,P00118,2,509.33,0.0
OI0001128,O000571,P00026,1,236.15,0.2
OI0001129,O000571,P00024,2,194.34,0.05
OI0001130,O000572,P00038,1,373.16,0.05
OI0001131,O000572,P00071,1,455.29,0.0
OI0001132,O000573,P00106,4,183.48,0.2
OI0001133,O000573,P00039,1,78.36,0.1
OI0001134,O000574,P00039,1,78.36,0.05
OI0001135,O000575,P00072,1,362.99,0.15
OI0001136,O000576,P00060,1,534.46,0.0
OI0001137,O000577,P00004,1,41.11,0.0
OI0001138,O000577,P00102,1,377.84,0.0
OI0001139,O000578,P00034,1,79.08,0.0
OI0001140,O000579,P00082,3,380.3,0.0
OI0001141,O000579,P00107,1,373.63,0.15
OI0001142,O000579,P00061,1,62.41,0.15
OI0001143,O000580,P00115,1,275.35,0.0
OI0001144,O000581,P00054,1,499.72,0.0
OI0001145,O000582,P00063,1,329.62,0.15
OI0001146,O000582,P00117,1,372.96,0.15
OI0001147,O000583,P00032,2,492.19,0.2
OI0001148,O000583,P00004,1,41.11,0.0
OI0001149,O000583,P00016,1,21.7,0.05
OI0001150,O000584,P00009,1,411.99,0.15
OI0001151,O000584,P00077,1,263.58,0.0
OI0001152,O000585,P00075,1,181.47,0.1
OI0001153,O000585,P00062,2,140.07,0.05
OI0001154,O000586,P00112,1,264.71,0.15
OI0001155,O000586,P00034,1,79.08,0.15
OI0001156,O000587,P00061,1,62.41,0.15
OI0001157,O000588,P00105,3,567.15,0.0
OI0001158,O000588,P00016,2,21.7,0.1
OI0001159,O000589,P00094,2,222.34,0.2
OI0001160,O000589,P00074,4,138.42,0.0
OI0001161,O000589,P00003,2,419.56,0.0
OI0001162,O000590,P00075,1,181.47,0.05
OI0001163,O000590,P00008,1,441.52,0.15
OI0001164,O000590,P00019,1,80.96,0.0
OI0001165,O000590,P00041,4,19.77,0.0
OI0001166,O000591,P00021,1,265.21,0.0
OI0001167,O000592,P00035,2,385.83,0.05
OI0001168,O000592,P00047,1,293.14,0.15
OI0001169,O000593,P00117,4,372.96,0.0
OI0001170,O000593,P00046,3,488.5,0.0
OI0001171,O000594,P00038,1,373.16,0.1
OI0001172,O000595,P00082,1,380.3,0.0
OI0001173,O000596,P00066,2,422.64,0.0
OI0001174,O000597,P00099,3,91.51,0.15
OI0001175,O000598,P00024,1,194.34,0.2
OI0001176,O000598,P00098,4,298.47,0.0
OI0001177,O000598,P00013,2,427.3,0.1
OI0001178,O000598,P00077,1,263.58,0.0
OI0001179,O000599,P00112,1,264.71,0.0
OI0001180,O000600,P00106,2,183.48,0.2
OI0001181,O000601,P00088,2,15.01,0.2
OI0001182,O000602,P00039,1,78.36,0.0
OI0001183,O000603,P00088,1,15.01,0.15
OI0001184,O000603,P00090,1,335.08,0.0
OI0001185,O000604,P00013,3,427.3,0.1
OI0001186,O000605,P00075,1,181.47,0.2
OI0001187,O000605,P00046,1,488.5,0.0
OI0001188,O000606,P00002,1,75.51,0.1
OI0001189,O000606,P00018,2,97.12,0.0
OI0001190,O000607,P00048,2,606.69,0.05
OI0001191,O000607,P00100,1,205.9,0.0
OI0001192,O000607,P00063,3,329.62,0.0
OI0001193,O000608,P00014,3,306.6,0.0
OI0001194,O000609,P00020,1,21.08,0.1
OI0001195,O000610,P00029,1,359.81,0.0
OI0001196,O000610,P00107,2,373.63,0.2
OI0001197,O000611,P00115,1,275.35,0.1
OI0001198,O000611,P00072,2,362.99,0.15
OI0001199,O000612,P00107,1,373.63,0.2
OI0001200,O000612,P00068,4,131.83,0.1
OI0001201,O000613,P00092,1,315.53,0.2
OI0001202,O000613,P00071,1,455.29,0.2
OI0001203,O000613,P00090,1,335.08,0.0
OI0001204,O000614,P00054,3,499.72,0.0
OI0001205,O000614,P00059,1,377.25,0.0
OI0001206,O000614,P00118,2,509.33,0.2
OI0001207,O000615,P00017,1,369.49,0.0
OI0001208,O000615,P00119,3,324.39,0.05
OI0001209,O000616,P00045,1,303.55,0.15
OI0001210,O000616,P00040,2,464.84,0.0
OI0001211,O000617,P00018,1,97.12,0.2
OI0001212,O000618,P00057,2,460.12,0.2
OI0001213,O000618,P00114,2,426.8,0.0
OI0001214,O000618,P00077,1,263.58,0.0
OI0001215,O000618,P00067,1,529.3,0.15
OI0001216,O000619,P00039,1,78.36,0.0
OI0001217,O000619,P00004,1,41.11,0.0
OI0001218,O000619,P00096,1,302.38,0.2
OI0001219,O000619,P00105,1,567.15,0.15
OI0001220,O000619,P00016,1,21.7,0.0
OI0001221,O000620,P00089,4,185.57,0.0
OI0001222,O000620,P00030,1,211.27,0.0
OI0001223,O000620,P00040,2,464.84,0.0
OI0001224,O000621,P00011,2,477.15,0.2
OI0001225,O000621,P00055,1,268.52,0.2
OI0001226,O000621,P00089,1,185.57,0.0
OI0001227,O000622,P00010,1,9.72,0.0
OI0001228,O000623,P00100,1,205.9,0.05
OI0001229,O000624,P00097,1,193.82,0.05
OI0001230,O000625,P00006,1,117.92,0.0
OI0001231,O000625,P00026,2,236.15,0.0
OI0001232,O000626,P00102,2,377.84,0.15
OI0001233,O000627,P00066,2,422.64,0.0
OI0001234,O000627,P00076,2,271.68,0.0
OI0001235,O000627,P00008,3,441.52,0.0
OI0001236,O000627,P00061,1,62.41,0.0
OI0001237,O000628,P00039,2,78.36,0.2
OI0001238,O000628,P00086,2,55.76,0.0
OI0001239,O000628,P00002,1,75.51,0.1
OI0001240,O000628,P00097,1,193.82,0.0
OI0001241,O000628,P00013,2,427.3,0.1
OI0001242,O000629,P00116,2,571.16,0.0
OI0001243,O000629,P00026,1,236.15,0.15
OI0001244,O000630,P00045,1,303.55,0.0
OI0001245,O000631,P00012,1,518.79,0.0
OI0001246,O000632,P00109,1,130.78,0.15
OI0001247,O000633,P00036,1,136.63,0.0
OI0001248,O000633,P00075,3,181.47,0.0
OI0001249,O000634,P00021,2,265.21,0.2
OI0001250,O000634,P00110,1,82.92,0.15
OI0001251,O000634,P00065,2,96.5,0.1
OI0001252,O000635,P00031,4,462.82,0.1
OI0001253,O000635,P00065,2,96.5,0.0
OI0001254,O000636,P00013,3,427.3,0.1
OI0001255,O000636,P00105,1,567.15,0.2
OI0001256,O000637,P00002,2,75.51,0.1
OI0001257,O000638,P00028,1,43.31,0.15
OI0001258,O000639,P00025,1,205.26,0.0
OI0001259,O000639,P00037,2,379.94,0.2
OI0001260,O000640,P00069,1,452.65,0.0
OI0001261,O000640,P00001,1,186.44,0.1
OI0001262,O000640,P00093,1,320.92,0.2
OI0001263,O000640,P00013,1,427.3,0.15
OI0001264,O000641,P00061,1,62.41,0.0
OI0001265,O000642,P00090,1,335.08,0.1
OI0001266,O000643,P00024,3,194.34,0.15
OI0001267,O000643,P00057,2,460.12,0.0
OI0001268,O000644,P00024,1,194.34,0.0
OI0001269,O000644,P00107,2,373.63,0.05
OI0001270,O000645,P00055,1,268.52,0.0
OI0001271,O000646,P00066,1,422.64,0.0
OI0001272,O000646,P00030,1,211.27,0.2
OI0001273,O000646,P00053,3,564.38,0.0
OI0001274,O000647,P00016,1,21.7,0.0
OI0001275,O000647,P00060,1,534.46,0.05
OI0001276,O000647,P00015,1,125.4,0.2
OI0001277,O000647,P00067,2,529.3,0.0
OI0001278,O000648,P00091,1,86.94,0.0
OI0001279,O000649,P00072,1,362.99,0.0
OI0001280,O000649,P00093,3,320.92,0.05
OI0001281,O000649,P00006,4,117.92,0.0
OI0001282,O000649,P00011,1,477.15,0.05
OI0001283,O000650,P00037,1,379.94,0.15
OI0001284,O000650,P00059,2,377.25,0.0
OI0001285,O000650,P00077,2,263.58,0.15
OI0001286,O000651,P00108,2,475.6,0.05
OI0001287,O000652,P00029,1,359.81,0.0
OI0001288,O000652,P00071,1,455.29,0.2
OI0001289,O000652,P00053,1,564.38,0.05
OI0001290,O000653,P00025,4,205.26,0.0
OI0001291,O000653,P00110,2,82.92,0.2
OI0001292,O000654,P00103,1,132.87,0.05
OI0001293,O000655,P00087,1,117.6,0.0
OI0001294,O000656,P00023,1,220.19,0.15
OI0001295,O000656,P00002,1,75.51,0.05
OI0001296,O000657,P00087,2,117.6,0.1
OI0001297,O000657,P00014,2,306.6,0.15
OI0001298,O000657,P00051,1,220.14,0.15
OI0001299,O000657,P00057,4,460.12,0.0
OI0001300,O000658,P00016,3,21.7,0.05
OI0001301,O000658,P00019,1,80.96,0.15
OI0001302,O000658,P00051,1,220.14,0.1
OI0001303,O000659,P00014,1,306.6,0.0
OI0001304,O000659,P00095,2,40.98,0.0
OI0001305,O000660,P00047,1,293.14,0.2
OI0001306,O000660,P00026,1,236.15,0.05
OI0001307,O000660,P00044,2,52.37,0.0
OI0001308,O000660,P00077,1,263.58,0.0
OI0001309,O000661,P00108,2,475.6,0.15
OI0001310,O000661,P00055,1,268.52,0.05
OI0001311,O000662,P00036,1,136.63,0.2
OI0001312,O000662,P00098,3,298.47,0.1
OI0001313,O000662,P00092,2,315.53,0.1
OI0001314,O000663,P00035,1,385.83,0.2
OI0001315,O000663,P00097,1,193.82,0.15
OI0001316,O000663,P00102,1,377.84,0.05
OI0001317,O000664,P00046,3,488.5,0.05
OI0001318,O000665,P00086,2,55.76,0.05
OI0001319,O000665,P00078,1,203.68,0.05
OI0001320,O000666,P00066,3,422.64,0.0
OI0001321,O000667,P00019,2,80.96,0.2
OI0001322,O000668,P00059,3,377.25,0.0
OI0001323,O000669,P00016,2,21.7,0.05
OI0001324,O000669,P00033,1,97.17,0.05
OI0001325,O000670,P00030,3,211.27,0.0
OI0001326,O000670,P00081,3,74.04,0.0
OI0001327,O000671,P00013,1,427.3,0.15
OI0001328,O000672,P00007,1,522.61,0.2
OI0001329,O000673,P00009,1,411.99,0.15
OI0001330,O000673,P00064,1,25.74,0.0
OI0001331,O000674,P00023,1,220.19,0.1
OI0001332,O000674,P00049,2,193.92,0.15
OI0001333,O000675,P00042,1,444.01,0.1
OI0001334,O000675,P00020,2,21.08,0.0
OI0001335,O000675,P00039,1,78.36,0.2
OI0001336,O000675,P00080,1,65.63,0.0
OI0001337,O000676,P00085,1,274.09,0.2
OI0001338,O000677,P00067,1,529.3,0.2
OI0001339,O000678,P00064,2,25.74,0.0
OI0001340,O000678,P00102,4,377.84,0.0
OI0001341,O000678,P00060,1,534.46,0.15
OI0001342,O000679,P00064,1,25.74,0.05
OI0001343,O000680,P00065,1,96.5,0.0
OI0001344,O000681,P00070,1,403.55,0.2
OI0001345,O000681,P00044,1,52.37,0.2
OI0001346,O000682,P00070,1,403.55,0.1
OI0001347,O000683,P00003,1,419.56,0.2
OI0001348,O000684,P00005,1,297.83,0.0
OI0001349,O000684,P00056,2,496.49,0.05
OI0001350,O000684,P00113,1,151.95,0.05
OI0001351,O000685,P00041,2,19.77,0.2
OI0001352,O000686,P00049,1,193.92,0.05
OI0001353,O000686,P00057,3,460.12,0.0
OI0001354,O000687,P00005,1,297.83,0.0
OI0001355,O000688,P00072,2,362.99,0.2
OI0001356,O000688,P00085,1,274.09,0.0
OI0001357,O000688,P00111,1,39.89,0.15
OI0001358,O000689,P00022,1,315.29,0.0
OI0001359,O000689,P00063,1,329.62,0.0
OI0001360,O000689,P00056,1,496.49,0.15
OI0001361,O000690,P00050,1,212.38,0.1
OI0001362,O000690,P00063,2,329.62,0.15
OI0001363,O000690,P00098,1,298.47,0.05
OI0001364,O000690,P00015,1,125.4,0.15
OI0001365,O000691,P00071,4,455.29,0.1
OI0001366,O000691,P00088,1,15.01,0.1
OI0001367,O000692,P00061,3,62.41,0.05
OI0001368,O000693,P00072,1,362.99,0.0
OI0001369,O000693,P00110,1,82.92,0.1
OI0001370,O000694,P00008,2,441.52,0.0
OI0001371,O000694,P00051,3,220.14,0.05
OI0001372,O000695,P00076,1,271.68,0.05
OI0001373,O000696,P00079,1,142.89,0.0
OI0001374,O000696,P00087,1,117.6,0.2
OI0001375,O000697,P00037,1,379.94,0.0
OI0001376,O000698,P00008,2,441.52,0.1
OI0001377,O000698,P00004,2,41.11,0.0
OI0001378,O000699,P00017,1,369.49,0.0
OI0001379,O000699,P00108,1,475.6,0.0
OI0001380,O000700,P00104,1,250.89,0.0
OI0001381,O000700,P00095,2,40.98,0.2
OI0001382,O000700,P00075,1,181.47,0.15
OI0001383,O000701,P00044,2,52.37,0.05
OI0001384,O000702,P00013,1,427.3,0.05
OI0001385,O000703,P00045,1,303.55,0.0
OI0001386,O000704,P00053,1,564.38,0.0
OI0001387,O000704,P00045,2,303.55,0.15
OI0001388,O000705,P00032,2,492.19,0.15
OI0001389,O000705,P00031,1,462.82,0.0
OI0001390,O000706,P00076,1,271.68,0.15
OI0001391,O000706,P00011,1,477.15,0.0
OI0001392,O000707,P00112,3,264.71,0.0
OI0001393,O000707,P00040,1,464.84,0.0
OI0001394,O000708,P00022,1,315.29,0.0
OI0001395,O000708,P00003,1,419.56,0.05
OI0001396,O000708,P00069,1,452.65,0.15
OI0001397,O000708,P00042,2,444.01,0.2
OI0001398,O000709,P00055,3,268.52,0.1
OI0001399,O000710,P00066,2,422.64,0.0
OI0001400,O000710,P00116,1,571.16,0.0
OI0001401,O000710,P00054,3,499.72,0.15
OI0001402,O000711,P00061,1,62.41,0.0
OI0001403,O000711,P00076,2,271.68,0.05
OI0001404,O000711,P00003,1,419.56,0.1
OI0001405,O000712,P00050,1,212.38,0.1
OI0001406,O000712,P00042,1,444.01,0.0
OI0001407,O000713,P00104,1,250.89,0.05
OI0001408,O000714,P00013,4,427.3,0.15
OI0001409,O000714,P00089,4,185.57,0.0
OI0001410,O000715,P00044,2,52.37,0.1
OI0001411,O000715,P00064,1,25.74,0.2
OI0001412,O000716,P00098,1,298.47,0.0
OI0001413,O000716,P00086,1,55.76,0.0
OI0001414,O000717,P00079,1,142.89,0.0
OI0001415,O000717,P00039,1,78.36,0.05
OI0001416,O000718,P00026,1,236.15,0.2
OI0001417,O000718,P00064,1,25.74,0.2
OI0001418,O000718,P00082,1,380.3,0.0
OI0001419,O000719,P00108,1,475.6,0.2
OI0001420,O000720,P00069,1,452.65,0.0
OI0001421,O000720,P00028,2,43.31,0.0
OI0001422,O000720,P00037,1,379.94,0.0
OI0001423,O000721,P00074,2,138.42,0.2
OI0001424,O000721,P00052,2,396.7,0.0
OI0001425,O000722,P00080,3,65.63,0.0
OI0001426,O000722,P00096,1,302.38,0.15
OI0001427,O000723,P00109,3,130.78,0.0
OI0001428,O000723,P00075,1,181.47,0.1
OI0001429,O000724,P00044,1,52.37,0.0
OI0001430,O000725,P00009,1,411.99,0.2
OI0001431,O000725,P00073,1,380.75,0.1
OI0001432,O000726,P00061,2,62.41,0.0
OI0001433,O000726,P00055,1,268.52,0.0
OI0001434,O000727,P00102,2,377.84,0.0
OI0001435,O000728,P00084,2,477.09,0.2
OI0001436,O000728,P00106,2,183.48,0.0
OI0001437,O000728,P00039,1,78.36,0.05
OI0001438,O000728,P00065,1,96.5,0.15
OI0001439,O000729,P00070,2,403.55,0.0
OI0001440,O000729,P00041,1,19.77,0.05
OI0001441,O000730,P00052,4,396.7,0.1
OI0001442,O000730,P00033,1,97.17,0.05
OI0001443,O000730,P00080,1,65.63,0.15
OI0001444,O000731,P00098,1,298.47,0.1
OI0001445,O000732,P00024,3,194.34,0.0
OI0001446,O000733,P00081,1,74.04,0.15
OI0001447,O000734,P00067,3,529.3,0.2
OI0001448,O000735,P00024,3,194.34,0.05
OI0001449,O000735,P00074,4,138.42,0.0
OI0001450,O000736,P00085,1,274.09,0.15
OI0001451,O000736,P00106,1,183.48,0.05
OI0001452,O000737,P00035,2,385.83,0.15
OI0001453,O000738,P00069,1,452.65,0.2
OI0001454,O000739,P00079,2,142.89,0.2
OI0001455,O000739,P00110,2,82.92,0.05
OI0001456,O000740,P00120,2,568.77,0.1
OI0001457,O000741,P00094,1,222.34,0.0
OI0001458,O000741,P00081,2,74.04,0.1
OI0001459,O000742,P00026,1,236.15,0.0
OI0001460,O000742,P00047,1,293.14,0.0
OI0001461,O000742,P00060,1,534.46,0.15
OI0001462,O000742,P00019,1,80.96,0.15
OI0001463,O000743,P00098,1,298.47,0.05
OI0001464,O000743,P00039,2,78.36,0.05
OI0001465,O000743,P00109,2,130.78,0.0
OI0001466,O000744,P00111,1,39.89,0.0
OI0001467,O000744,P00107,1,373.63,0.15
OI0001468,O000745,P00027,1,425.73,0.2
OI0001469,O000746,P00053,2,564.38,0.0
OI0001470,O000747,P00106,2,183.48,0.0
OI0001471,O000748,P00083,2,125.94,0.0
OI0001472,O000749,P00033,1,97.17,0.0
OI0001473,O000749,P00088,3,15.01,0.0
OI0001474,O000749,P00077,2,263.58,0.0
OI0001475,O000749,P00031,2,462.82,0.0
OI0001476,O000749,P00052,2,396.7,0.0
OI0001477,O000750,P00032,1,492.19,0.2
OI0001478,O000751,P00106,1,183.48,0.0
OI0001479,O000752,P00060,2,534.46,0.15
OI0001480,O000752,P00063,1,329.62,0.0
OI0001481,O000752,P00072,2,362.99,0.0
OI0001482,O000752,P00056,2,496.49,0.0
OI0001483,O000752,P00055,1,268.52,0.0
OI0001484,O000753,P00018,1,97.12,0.0
OI0001485,O000754,P00034,2,79.08,0.0
OI0001486,O000754,P00102,1,377.84,0.15
OI0001487,O000754,P00103,1,132.87,0.1
OI0001488,O000755,P00023,3,220.19,0.0
OI0001489,O000755,P00083,2,125.94,0.15
OI0001490,O000755,P00110,2,82.92,0.05
OI0001491,O000756,P00101,1,79.35,0.0
OI0001492,O000757,P00008,2,441.52,0.2
OI0001493,O000758,P00115,2,275.35,0.0
OI0001494,O000759,P00041,2,19.77,0.1
OI0001495,O000760,P00039,1,78.36,0.2
OI0001496,O000761,P00009,1,411.99,0.05
OI0001497,O000761,P00116,3,571.16,0.0
OI0001498,O000762,P00086,1,55.76,0.0
OI0001499,O000762,P00085,2,274.09,0.05
OI0001500,O000763,P00108,1,475.6,0.0
OI0001501,O000763,P00093,3,320.92,0.0
OI0001502,O000763,P00018,1,97.12,0.1
OI0001503,O000764,P00095,1,40.98,0.1
OI0001504,O000765,P00120,1,568.77,0.0
OI0001505,O000766,P00067,1,529.3,0.15
OI0001506,O000767,P00107,1,373.63,0.1
OI0001507,O000767,P00075,4,181.47,0.0
OI0001508,O000767,P00100,2,205.9,0.05
OI0001509,O000768,P00114,1,426.8,0.0
OI0001510,O000769,P00031,2,462.82,0.1
OI0001511,O000770,P00016,1,21.7,0.2
OI0001512,O000771,P00104,2,250.89,0.1
OI0001513,O000771,P00041,1,19.77,0.15
OI0001514,O000771,P00043,1,243.73,0.05
OI0001515,O000771,P00107,3,373.63,0.2
OI0001516,O000772,P00096,1,302.38,0.05
OI0001517,O000772,P00031,1,462.82,0.0
OI0001518,O000772,P00120,2,568.77,0.0
OI0001519,O000773,P00014,2,306.6,0.0
OI0001520,O000773,P00023,1,220.19,0.05
OI0001521,O000773,P00028,3,43.31,0.05
OI0001522,O000774,P00033,1,97.17,0.2
OI0001523,O000775,P00076,1,271.68,0.05
OI0001524,O000775,P00008,3,441.52,0.1
OI0001525,O000776,P00048,2,606.69,0.15
OI0001526,O000777,P00015,2,125.4,0.0
OI0001527,O000778,P00070,2,403.55,0.05
OI0001528,O000779,P00061,1,62.41,0.0
OI0001529,O000779,P00088,1,15.01,0.0
OI0001530,O000780,P00113,2,151.95,0.0
OI0001531,O000780,P00101,1,79.35,0.0
OI0001532,O000781,P00061,1,62.41,0.15
OI0001533,O000782,P00048,1,606.69,0.15
OI0001534,O000782,P00106,1,183.48,0.1
OI0001535,O000782,P00040,2,464.84,0.0
OI0001536,O000782,P00003,2,419.56,0.2
OI0001537,O000783,P00095,4,40.98,0.15
OI0001538,O000784,P00103,1,132.87,0.15
OI0001539,O000784,P00007,1,522.61,0.2
OI0001540,O000785,P00086,1,55.76,0.1
OI0001541,O000785,P00031,1,462.82,0.05
OI0001542,O000785,P00033,1,97.17,0.0
OI0001543,O000786,P00082,1,380.3,0.2
OI0001544,O000786,P00090,2,335.08,0.15
OI0001545,O000786,P00047,1,293.14,0.0
OI0001546,O000787,P00069,2,452.65,0.0
OI0001547,O000787,P00111,1,39.89,0.2
OI0001548,O000788,P00057,1,460.12,0.05
OI0001549,O000788,P00050,2,212.38,0.0
OI0001550,O000788,P00002,1,75.51,0.0
OI0001551,O000789,P00012,4,518.79,0.2
OI0001552,O000789,P00120,4,568.77,0.2
OI0001553,O000790,P00031,1,462.82,0.0
OI0001554,O000791,P00027,3,425.73,0.2
OI0001555,O000792,P00114,1,426.8,0.05
OI0001556,O000792,P00021,1,265.21,0.15
OI0001557,O000793,P00041,1,19.77,0.15
OI0001558,O000793,P00113,1,151.95,0.05
OI0001559,O000793,P00104,1,250.89,0.2
OI0001560,O000793,P00099,1,91.51,0.0
OI0001561,O000794,P00036,3,136.63,0.0
OI0001562,O000794,P00111,3,39.89,0.2
OI0001563,O000795,P00100,2,205.9,0.05
OI0001564,O000795,P00063,1,329.62,0.15
OI0001565,O000796,P00053,4,564.38,0.2
OI0001566,O000797,P00043,1,243.73,0.15
OI0001567,O000798,P00055,1,268.52,0.2
OI0001568,O000798,P00113,2,151.95,0.0
OI0001569,O000798,P00118,3,509.33,0.15
OI0001570,O000798,P00105,1,567.15,0.0
OI0001571,O000798,P00013,1,427.3,0.1
OI0001572,O000799,P00009,1,411.99,0.0
OI0001573,O000800,P00054,2,499.72,0.1
OI0001574,O000801,P00094,1,222.34,0.2
OI0001575,O000802,P00071,1,455.29,0.0
OI0001576,O000802,P00095,3,40.98,0.05
OI0001577,O000803,P00089,2,185.57,0.0
OI0001578,O000804,P00098,1,298.47,0.15
OI0001579,O000804,P00007,1,522.61,0.15
OI0001580,O000805,P00024,2,194.34,0.15
OI0001581,O000806,P00057,3,460.12,0.2
OI0001582,O000807,P00083,3,125.94,0.0
OI0001583,O000807,P00018,1,97.12,0.05
OI0001584,O000808,P00026,1,236.15,0.15
OI0001585,O000809,P00040,3,464.84,0.0
OI0001586,O000810,P00074,1,138.42,0.0
OI0001587,O000811,P00015,1,125.4,0.0
OI0001588,O000812,P00032,2,492.19,0.2
OI0001589,O000812,P00067,2,529.3,0.2
OI0001590,O000812,P00092,1,315.53,0.15
OI0001591,O000813,P00098,2,298.47,0.15
OI0001592,O000813,P00017,1,369.49,0.05
OI0001593,O000813,P00109,1,130.78,0.2
OI0001594,O000813,P00077,3,263.58,0.0
OI0001595,O000814,P00058,2,268.06,0.2
OI0001596,O000814,P00062,1,140.07,0.15
OI0001597,O000815,P00018,2,97.12,0.0
OI0001598,O000816,P00023,1,220.19,0.1
OI0001599,O000816,P00088,2,15.01,0.2
OI0001600,O000817,P00042,2,444.01,0.2
OI0001601,O000818,P00037,3,379.94,0.0
OI0001602,O000818,P00026,1,236.15,0.0
OI0001603,O000818,P00011,1,477.15,0.05
OI0001604,O000818,P00054,2,499.72,0.05
OI0001605,O000819,P00107,1,373.63,0.1
OI0001606,O000819,P00114,3,426.8,0.0
OI0001607,O000820,P00003,1,419.56,0.1
OI0001608,O000820,P00119,1,324.39,0.15
OI0001609,O000821,P00079,1,142.89,0.15
OI0001610,O000822,P00030,1,211.27,0.0
OI0001611,O000822,P00117,1,372.96,0.0
OI0001612,O000822,P00012,2,518.79,0.15
OI0001613,O000822,P00060,2,534.46,0.2
OI0001614,O000823,P00022,1,315.29,0.05
OI0001615,O000823,P00007,2,522.61,0.1
OI0001616,O000824,P00055,1,268.52,0.1
OI0001617,O000825,P00034,1,79.08,0.0
OI0001618,O000826,P00012,2,518.79,0.0
OI0001619,O000827,P00022,2,315.29,0.1
OI0001620,O000828,P00016,1,21.7,0.0
OI0001621,O000829,P00092,3,315.53,0.05
OI0001622,O000829,P00068,3,131.83,0.2
OI0001623,O000830,P00118,2,509.33,0.15
OI0001624,O000830,P00119,2,324.39,0.05
OI0001625,O000830,P00059,2,377.25,0.0
OI0001626,O000830,P00106,2,183.48,0.0
OI0001627,O000831,P00092,1,315.53,0.0
OI0001628,O000832,P00025,1,205.26,0.2
OI0001629,O000833,P00105,1,567.15,0.0
OI0001630,O000833,P00101,1,79.35,0.0
OI0001631,O000834,P00096,4,302.38,0.05
OI0001632,O000835,P00049,1,193.92,0.0
OI0001633,O000836,P00056,1,496.49,0.1
OI0001634,O000836,P00110,1,82.92,0.0
OI0001635,O000836,P00027,1,425.73,0.2
OI0001636,O000837,P00037,1,379.94,0.15
OI0001637,O000838,P00087,1,117.6,0.0
OI0001638,O000839,P00054,1,499.72,0.2
OI0001639,O000839,P00024,2,194.34,0.0
OI0001640,O000839,P00053,1,564.38,0.0
OI0001641,O000840,P00038,2,373.16,0.0
OI0001642,O000841,P00031,3,462.82,0.1
OI0001643,O000842,P00058,2,268.06,0.0
OI0001644,O000842,P00117,1,372.96,0.0
OI0001645,O000843,P00075,2,181.47,0.15
OI0001646,O000844,P00083,1,125.94,0.0
OI0001647,O000844,P00059,4,377.25,0.05
OI0001648,O000844,P00011,1,477.15,0.0
OI0001649,O000845,P00112,1,264.71,0.0
OI0001650,O000846,P00089,4,185.57,0.15
OI0001651,O000846,P00051,1,220.14,0.0
OI0001652,O000847,P00092,2,315.53,0.05
OI0001653,O000848,P00091,1,86.94,0.05
OI0001654,O000849,P00095,1,40.98,0.0
OI0001655,O000849,P00077,1,263.58,0.0
OI0001656,O000850,P00013,2,427.3,0.1
OI0001657,O000851,P00008,1,441.52,0.0
OI0001658,O000851,P00007,1,522.61,0.0
OI0001659,O000852,P00061,1,62.41,0.0
OI0001660,O000853,P00078,4,203.68,0.2
OI0001661,O000853,P00086,2,55.76,0.1
OI0001662,O000854,P00091,1,86.94,0.2
OI0001663,O000854,P00096,1,302.38,0.0
OI0001664,O000855,P00001,4,186.44,0.05
OI0001665,O000855,P00033,1,97.17,0.0
OI0001666,O000855,P00065,1,96.5,0.05
OI0001667,O000855,P00080,2,65.63,0.15
OI0001668,O000856,P00048,2,606.69,0.0
OI0001669,O000857,P00115,1,275.35,0.1
OI0001670,O000857,P00072,4,362.99,0.0
OI0001671,O000857,P00006,4,117.92,0.0
OI0001672,O000858,P00022,1,315.29,0.0
OI0001673,O000858,P00065,1,96.5,0.05
OI0001674,O000858,P00064,1,25.74,0.0
OI0001675,O000858,P00120,1,568.77,0.0
OI0001676,O000859,P00041,1,19.77,0.15
OI0001677,O000860,P00068,1,131.83,0.0
OI0001678,O000860,P00056,1,496.49,0.0
OI0001679,O000861,P00015,2,125.4,0.0
OI0001680,O000862,P00006,1,117.92,0.05
OI0001681,O000862,P00017,4,369.49,0.2
OI0001682,O000863,P00107,1,373.63,0.0
OI0001683,O000864,P00096,2,302.38,0.05
OI0001684,O000864,P00047,1,293.14,0.0
OI0001685,O000864,P00119,3,324.39,0.0
OI0001686,O000865,P00079,1,142.89,0.0
OI0001687,O000865,P00107,1,373.63,0.1
OI0001688,O000865,P00098,1,298.47,0.0
OI0001689,O000865,P00119,1,324.39,0.05
OI0001690,O000866,P00115,2,275.35,0.0
OI0001691,O000867,P00041,2,19.77,0.15
OI0001692,O000868,P00063,1,329.62,0.2
OI0001693,O000869,P00020,1,21.08,0.1
OI0001694,O000870,P00110,2,82.92,0.15
OI0001695,O000870,P00119,2,324.39,0.15
OI0001696,O000871,P00103,2,132.87,0.0
OI0001697,O000871,P00057,1,460.12,0.0
OI0001698,O000872,P00020,1,21.08,0.0
OI0001699,O000873,P00030,1,211.27,0.0
OI0001700,O000873,P00024,1,194.34,0.05
OI0001701,O000874,P00034,3,79.08,0.15
OI0001702,O000874,P00021,2,265.21,0.05
OI0001703,O000875,P00056,2,496.49,0.05
OI0001704,O000875,P00015,1,125.4,0.0
OI0001705,O000875,P00115,2,275.35,0.05
OI0001706,O000876,P00046,1,488.5,0.05
OI0001707,O000876,P00091,1,86.94,0.05
OI0001708,O000876,P00072,1,362.99,0.05
OI0001709,O000877,P00015,3,125.4,0.15
OI0001710,O000877,P00109,1,130.78,0.2
OI0001711,O000878,P00019,3,80.96,0.0
OI0001712,O000879,P00045,1,303.55,0.0
OI0001713,O000879,P00012,3,518.79,0.2
OI0001714,O000880,P00037,2,379.94,0.2
OI0001715,O000880,P00024,1,194.34,0.0
OI0001716,O000881,P00096,1,302.38,0.1
OI0001717,O000882,P00106,4,183.48,0.1
OI0001718,O000882,P00035,4,385.83,0.15
OI0001719,O000883,P00075,1,181.47,0.1
OI0001720,O000883,P00028,4,43.31,0.2
OI0001721,O000883,P00001,2,186.44,0.1
OI0001722,O000884,P00024,2,194.34,0.05
OI0001723,O000885,P00118,1,509.33,0.0
OI0001724,O000886,P00032,2,492.19,0.15
OI0001725,O000886,P00099,1,91.51,0.0
OI0001726,O000886,P00064,1,25.74,0.0
OI0001727,O000887,P00004,2,41.11,0.05
OI0001728,O000887,P00037,1,379.94,0.0
OI0001729,O000887,P00088,1,15.01,0.1
OI0001730,O000887,P00016,1,21.7,0.0
OI0001731,O000888,P00108,1,475.6,0.05
OI0001732,O000888,P00042,1,444.01,0.2
OI0001733,O000888,P00020,1,21.08,0.15
OI0001734,O000888,P00004,3,41.11,0.15
OI0001735,O000888,P00011,2,477.15,0.05
OI0001736,O000889,P00059,1,377.25,0.0
OI0001737,O000889,P00081,1,74.04,0.1
OI0001738,O000890,P00085,3,274.09,0.15
OI0001739,O000890,P00001,3,186.44,0.1
OI0001740,O000890,P00043,3,243.73,0.05
OI0001741,O000890,P00006,2,117.92,0.0
OI0001742,O000891,P00094,2,222.34,0.2
OI0001743,O000891,P00117,2,372.96,0.1
OI0001744,O000892,P00017,1,369.49,0.0
OI0001745,O000893,P00111,1,39.89,0.0
OI0001746,O000893,P00007,3,522.61,0.2
OI0001747,O000893,P00103,1,132.87,0.0
OI0001748,O000893,P00083,1,125.94,0.15
OI0001749,O000893,P00037,1,379.94,0.0
OI0001750,O000894,P00071,1,455.29,0.1
OI0001751,O000895,P00049,2,193.92,0.0
OI0001752,O000896,P00052,1,396.7,0.0
OI0001753,O000897,P00023,2,220.19,0.0
OI0001754,O000898,P00099,2,91.51,0.05
OI0001755,O000898,P00111,1,39.89,0.0
OI0001756,O000899,P00003,2,419.56,0.2
OI0001757,O000900,P00027,1,425.73,0.2
OI0001758,O000900,P00021,1,265.21,0.05
OI0001759,O000900,P00050,1,212.38,0.0
OI0001760,O000901,P00083,2,125.94,0.2
OI0001761,O000902,P00084,1,477.09,0.0
OI0001762,O000902,P00020,1,21.08,0.0
OI0001763,O000903,P00063,2,329.62,0.2
OI0001764,O000903,P00103,3,132.87,0.0
OI0001765,O000903,P00056,1,496.49,0.15
OI0001766,O000903,P00095,2,40.98,0.1
OI0001767,O000904,P00017,1,369.49,0.0
OI0001768,O000905,P00086,1,55.76,0.0
OI0001769,O000906,P00107,2,373.63,0.0
OI0001770,O000907,P00066,1,422.64,0.0
OI0001771,O000908,P00063,1,329.62,0.05
OI0001772,O000909,P00114,1,426.8,0.05
OI0001773,O000910,P00061,1,62.41,0.0
OI0001774,O000911,P00073,1,380.75,0.05
OI0001775,O000911,P00077,1,263.58,0.0
OI0001776,O000912,P00097,1,193.82,0.2
OI0001777,O000912,P00055,2,268.52,0.0
OI0001778,O000913,P00079,1,142.89,0.05
OI0001779,O000913,P00024,3,194.34,0.15
OI0001780,O000914,P00055,4,268.52,0.1
OI0001781,O000914,P00012,2,518.79,0.0
OI0001782,O000914,P00006,1,117.92,0.05
OI0001783,O000915,P00087,2,117.6,0.0
OI0001784,O000916,P00083,2,125.94,0.05
OI0001785,O000916,P00088,3,15.01,0.1
OI0001786,O000916,P00092,1,315.53,0.15
OI0001787,O000916,P00020,1,21.08,0.15
OI0001788,O000916,P00120,3,568.77,0.1
OI0001789,O000917,P00011,4,477.15,0.05
OI0001790,O000917,P00038,2,373.16,0.0
OI0001791,O000917,P00060,1,534.46,0.2
OI0001792,O000918,P00062,3,140.07,0.0
OI0001793,O000918,P00039,1,78.36,0.0
OI0001794,O000919,P00088,1,15.01,0.0
OI0001795,O000920,P00108,1,475.6,0.1
OI0001796,O000920,P00032,2,492.19,0.05
OI0001797,O000921,P00038,1,373.16,0.1
OI0001798,O000922,P00007,1,522.61,0.0
OI0001799,O000922,P00071,2,455.29,0.1
OI0001800,O000922,P00010,1,9.72,0.0
OI0001801,O000923,P00066,1,422.64,0.05
OI0001802,O000923,P00055,1,268.52,0.15
OI0001803,O000923,P00053,3,564.38,0.15
OI0001804,O000923,P00013,2,427.3,0.1
OI0001805,O000924,P00105,4,567.15,0.0
OI0001806,O000925,P00046,4,488.5,0.1
OI0001807,O000925,P00033,1,97.17,0.0
OI0001808,O000926,P00099,1,91.51,0.0
OI0001809,O000926,P00065,1,96.5,0.0
OI0001810,O000927,P00095,1,40.98,0.05
OI0001811,O000927,P00085,1,274.09,0.0
OI0001812,O000928,P00101,1,79.35,0.0
OI0001813,O000929,P00108,1,475.6,0.0
OI0001814,O000929,P00051,2,220.14,0.05
OI0001815,O000929,P00006,4,117.92,0.15
OI0001816,O000930,P00039,4,78.36,0.1
OI0001817,O000930,P00041,1,19.77,0.15
OI0001818,O000931,P00059,1,377.25,0.2
OI0001819,O000932,P00086,3,55.76,0.1
OI0001820,O000932,P00058,1,268.06,0.2
OI0001821,O000933,P00034,2,79.08,0.0
OI0001822,O000934,P00118,1,509.33,0.2
OI0001823,O000934,P00112,1,264.71,0.0
OI0001824,O000935,P00028,2,43.31,0.1
OI0001825,O000935,P00024,1,194.34,0.0
OI0001826,O000935,P00011,1,477.15,0.2
OI0001827,O000935,P00096,1,302.38,0.15
OI0001828,O000936,P00014,2,306.6,0.1
OI0001829,O000936,P00056,1,496.49,0.0
OI0001830,O000937,P00001,3,186.44,0.05
OI0001831,O000938,P00015,2,125.4,0.15
OI0001832,O000938,P00002,1,75.51,0.05
OI0001833,O000938,P00022,1,315.29,0.05
OI0001834,O000939,P00089,2,185.57,0.05
OI0001835,O000940,P00112,2,264.71,0.15
OI0001836,O000941,P00096,1,302.38,0.1
OI0001837,O000941,P00078,1,203.68,0.2
OI0001838,O000941,P00093,2,320.92,0.1
OI0001839,O000941,P00063,3,329.62,0.0
OI0001840,O000941,P00039,3,78.36,0.15
OI0001841,O000942,P00087,1,117.6,0.15
OI0001842,O000943,P00087,2,117.6,0.0
OI0001843,O000943,P00051,1,220.14,0.0
OI0001844,O000943,P00103,1,132.87,0.0
OI0001845,O000944,P00018,1,97.12,0.0
OI0001846,O000944,P00002,3,75.51,0.2
OI0001847,O000944,P00025,1,205.26,0.0
OI0001848,O000945,P00090,2,335.08,0.0
OI0001849,O000945,P00025,1,205.26,0.0
OI0001850,O000945,P00110,2,82.92,0.05
OI0001851,O000946,P00084,3,477.09,0.05
OI0001852,O000946,P00019,1,80.96,0.2
OI0001853,O000946,P00031,2,462.82,0.15
OI0001854,O000947,P00110,1,82.92,0.1
OI0001855,O000947,P00102,3,377.84,0.0
OI0001856,O000948,P00012,1,518.79,0.0
OI0001857,O000949,P00099,1,91.51,0.0
OI0001858,O000949,P00060,3,534.46,0.05
OI0001859,O000950,P00055,1,268.52,0.0
OI0001860,O000950,P00003,2,419.56,0.0
OI0001861,O000951,P00116,1,571.16,0.15
OI0001862,O000951,P00020,1,21.08,0.15
OI0001863,O000952,P00057,1,460.12,0.05
OI0001864,O000953,P00061,1,62.41,0.2
OI0001865,O000953,P00003,1,419.56,0.05
OI0001866,O000954,P00075,1,181.47,0.0
OI0001867,O000954,P00032,3,492.19,0.0
OI0001868,O000955,P00073,3,380.75,0.2
OI0001869,O000956,P00107,2,373.63,0.0
OI0001870,O000956,P00051,1,220.14,0.0
OI0001871,O000957,P00002,1,75.51,0.15
OI0001872,O000957,P00014,1,306.6,0.05
OI0001873,O000957,P00081,4,74.04,0.05
OI0001874,O000957,P00109,3,130.78,0.2
OI0001875,O000958,P00064,4,25.74,0.1
OI0001876,O000958,P00095,2,40.98,0.1
OI0001877,O000959,P00094,1,222.34,0.1
OI0001878,O000960,P00038,1,373.16,0.0
OI0001879,O000961,P00063,1,329.62,0.1
OI0001880,O000961,P00052,1,396.7,0.15
OI0001881,O000961,P00066,3,422.64,0.1
OI0001882,O000962,P00120,4,568.77,0.15
OI0001883,O000963,P00116,3,571.16,0.0
OI0001884,O000963,P00105,2,567.15,0.15
OI0001885,O000963,P00112,1,264.71,0.0
OI0001886,O000963,P00063,1,329.62,0.1
OI0001887,O000964,P00003,1,419.56,0.05
OI0001888,O000965,P00074,1,138.42,0.1
OI0001889,O000965,P00041,4,19.77,0.0
OI0001890,O000966,P00035,1,385.83,0.05
OI0001891,O000966,P00115,1,275.35,0.0
OI0001892,O000966,P00083,1,125.94,0.05
OI0001893,O000966,P00054,3,499.72,0.1
OI0001894,O000967,P00083,1,125.94,0.05
OI0001895,O000967,P00045,1,303.55,0.15
OI0001896,O000968,P00056,4,496.49,0.0
OI0001897,O000969,P00021,1,265.21,0.0
OI0001898,O000970,P00093,3,320.92,0.0
OI0001899,O000970,P00025,3,205.26,0.05
OI0001900,O000970,P00061,1,62.41,0.0
OI0001901,O000971,P00065,1,96.5,0.1
OI0001902,O000971,P00029,1,359.81,0.15
OI0001903,O000972,P00044,1,52.37,0.1
OI0001904,O000972,P00118,1,509.33,0.2
OI0001905,O000973,P00108,1,475.6,0.0
OI0001906,O000973,P00092,3,315.53,0.0
OI0001907,O000973,P00085,1,274.09,0.15
OI0001908,O000973,P00060,1,534.46,0.15
OI0001909,O000974,P00050,2,212.38,0.2
OI0001910,O000974,P00054,1,499.72,0.15
OI0001911,O000975,P00084,1,477.09,0.2
OI0001912,O000975,P00095,3,40.98,0.05
OI0001913,O000975,P00047,1,293.14,0.2
OI0001914,O000976,P00109,1,130.78,0.0
OI0001915,O000976,P00021,2,265.21,0.0
OI0001916,O000976,P00080,2,65.63,0.15
OI0001917,O000977,P00096,3,302.38,0.0
OI0001918,O000978,P00086,1,55.76,0.05
OI0001919,O000979,P00017,1,369.49,0.0
OI0001920,O000979,P00023,1,220.19,0.1
OI0001921,O000979,P00026,1,236.15,0.05
OI0001922,O000980,P00013,1,427.3,0.05
OI0001923,O000980,P00102,1,377.84,0.0
OI0001924,O000980,P00054,2,499.72,0.0
OI0001925,O000981,P00027,3,425.73,0.0
OI0001926,O000981,P00072,2,362.99,0.0
OI0001927,O000981,P00007,2,522.61,0.0
OI0001928,O000982,P00046,1,488.5,0.15
OI0001929,O000983,P00021,4,265.21,0.2
OI0001930,O000983,P00023,2,220.19,0.2
OI0001931,O000984,P00115,1,275.35,0.1
OI0001932,O000985,P00005,2,297.83,0.0
OI0001933,O000985,P00104,2,250.89,0.0
OI0001934,O000986,P00056,1,496.49,0.1
OI0001935,O000986,P00015,3,125.4,0.0
OI0001936,O000987,P00016,1,21.7,0.0
OI0001937,O000987,P00072,1,362.99,0.05
OI0001938,O000988,P00034,3,79.08,0.2
OI0001939,O000988,P00044,1,52.37,0.0
OI0001940,O000988,P00101,1,79.35,0.2
OI0001941,O000988,P00046,1,488.5,0.1
OI0001942,O000989,P00035,2,385.83,0.0
OI0001943,O000990,P00110,2,82.92,0.2
OI0001944,O000990,P00089,2,185.57,0.1
OI0001945,O000991,P00078,1,203.68,0.15
OI0001946,O000992,P00014,1,306.6,0.15
OI0001947,O000993,P00007,2,522.61,0.05
OI0001948,O000994,P00103,2,132.87,0.2
OI0001949,O000994,P00059,2,377.25,0.0
OI0001950,O000994,P00108,2,475.6,0.0
OI0001951,O000995,P00101,1,79.35,0.1
OI0001952,O000995,P00079,4,142.89,0.2
OI0001953,O000996,P00110,1,82.92,0.0
OI0001954,O000997,P00106,4,183.48,0.1
OI0001955,O000998,P00006,2,117.92,0.0
OI0001956,O000998,P00065,2,96.5,0.2
OI0001957,O000998,P00014,1,306.6,0.0
OI0001958,O000998,P00022,4,315.29,0.0
OI0001959,O000998,P00081,2,74.04,0.0
OI0001960,O000999,P00094,1,222.34,0.2
OI0001961,O000999,P00038,1,373.16,0.1
OI0001962,O000999,P00091,3,86.94,0.05
OI0001963,O000999,P00057,1,460.12,0.15
OI0001964,O001000,P00112,1,264.71,0.0
OI0001965,O001000,P00013,3,427.3,0.0
OI0001966,O001000,P00020,1,21.08,0.2
OI0001967,O001000,P00083,2,125.94,0.0
OI0001968,O001001,P00016,2,21.7,0.0
OI0001969,O001001,P00109,1,130.78,0.05
OI0001970,O001002,P00054,2,499.72,0.2
OI0001971,O001002,P00099,1,91.51,0.2
OI0001972,O001002,P00001,3,186.44,0.05
OI0001973,O001002,P00032,1,492.19,0.0
OI0001974,O001003,P00037,1,379.94,0.1
OI0001975,O001004,P00022,1,315.29,0.0
OI0001976,O001004,P00011,1,477.15,0.15
OI0001977,O001004,P00035,3,385.83,0.2
OI0001978,O001005,P00054,1,499.72,0.15
OI0001979,O001005,P00047,2,293.14,0.0
OI0001980,O001005,P00081,3,74.04,0.0
OI0001981,O001006,P00097,2,193.82,0.2
OI0001982,O001007,P00068,2,131.83,0.2
OI0001983,O001007,P00054,1,499.72,0.0
OI0001984,O001008,P00018,1,97.12,0.05
OI0001985,O001008,P00103,2,132.87,0.05
OI0001986,O001009,P00118,1,509.33,0.05
OI0001987,O001010,P00115,2,275.35,0.05
OI0001988,O001011,P00110,1,82.92,0.1
OI0001989,O001012,P00102,2,377.84,0.15
OI0001990,O001013,P00047,2,293.14,0.05
OI0001991,O001013,P00004,1,41.11,0.0
OI0001992,O001014,P00099,1,91.51,0.0
OI0001993,O001015,P00092,1,315.53,0.0
OI0001994,O001015,P00104,1,250.89,0.0
OI0001995,O001015,P00067,1,529.3,0.0
OI0001996,O001015,P00009,2,411.99,0.05
OI0001997,O001016,P00099,2,91.51,0.0
OI0001998,O001017,P00056,1,496.49,0.0
OI0001999,O001018,P00051,2,220.14,0.2
OI0002000,O001019,P00005,1,297.83,0.15
OI0002001,O001019,P00085,3,274.09,0.0
OI0002002,O001020,P00116,2,571.16,0.1
OI0002003,O001021,P00008,1,441.52,0.15
OI0002004,O001021,P00081,2,74.04,0.2
OI0002005,O001022,P00085,1,274.09,0.0
OI0002006,O001022,P00113,1,151.95,0.05
OI0002007,O001022,P00067,1,529.3,0.05
OI0002008,O001023,P00114,1,426.8,0.15
OI0002009,O001023,P00088,2,15.01,0.1
OI0002010,O001024,P00112,1,264.71,0.0
OI0002011,O001025,P00093,1,320.92,0.15
OI0002012,O001026,P00041,1,19.77,0.0
OI0002013,O001026,P00117,2,372.96,0.0
OI0002014,O001027,P00106,2,183.48,0.0
OI0002015,O001028,P00116,4,571.16,0.1
OI0002016,O001028,P00068,4,131.83,0.0
OI0002017,O001029,P00090,2,335.08,0.15
OI0002018,O001029,P00052,1,396.7,0.0
OI0002019,O001029,P00058,2,268.06,0.1
OI0002020,O001030,P00080,1,65.63,0.15
OI0002021,O001030,P00101,1,79.35,0.0
OI0002022,O001030,P00084,1,477.09,0.2
OI0002023,O001030,P00057,1,460.12,0.2
OI0002024,O001031,P00084,1,477.09,0.2
OI0002025,O001031,P00052,1,396.7,0.0
OI0002026,O001032,P00113,1,151.95,0.1
OI0002027,O001032,P00039,2,78.36,0.0
OI0002028,O001032,P00011,1,477.15,0.05
OI0002029,O001032,P00005,1,297.83,0.15
OI0002030,O001033,P00093,1,320.92,0.0
OI0002031,O001033,P00095,1,40.98,0.1
OI0002032,O001034,P00070,1,403.55,0.0
OI0002033,O001034,P00037,2,379.94,0.0
OI0002034,O001035,P00066,1,422.64,0.1
OI0002035,O001036,P00040,1,464.84,0.0
OI0002036,O001036,P00067,1,529.3,0.2
OI0002037,O001037,P00082,1,380.3,0.0
OI0002038,O001038,P00003,1,419.56,0.0
OI0002039,O001039,P00114,2,426.8,0.2
OI0002040,O001040,P00070,1,403.55,0.1
OI0002041,O001041,P00034,2,79.08,0.0
OI0002042,O001041,P00031,1,462.82,0.15
OI0002043,O001041,P00107,3,373.63,0.05
OI0002044,O001041,P00100,1,205.9,0.1
OI0002045,O001042,P00015,4,125.4,0.15
OI0002046,O001043,P00008,1,441.52,0.0
OI0002047,O001043,P00108,2,475.6,0.15
OI0002048,O001043,P00048,2,606.69,0.1
OI0002049,O001044,P00046,1,488.5,0.0
OI0002050,O001045,P00007,3,522.61,0.15
OI0002051,O001045,P00097,1,193.82,0.0
OI0002052,O001046,P00058,1,268.06,0.15
OI0002053,O001046,P00039,1,78.36,0.0
OI0002054,O001046,P00074,2,138.42,0.05
OI0002055,O001047,P00044,1,52.37,0.2
OI0002056,O001047,P00031,1,462.82,0.15
OI0002057,O001048,P00075,1,181.47,0.15
OI0002058,O001048,P00073,1,380.75,0.15
OI0002059,O001049,P00086,1,55.76,0.2
OI0002060,O001049,P00069,1,452.65,0.1
OI0002061,O001050,P00030,3,211.27,0.0
OI0002062,O001050,P00045,1,303.55,0.0
OI0002063,O001051,P00086,1,55.76,0.2
OI0002064,O001051,P00101,1,79.35,0.15
OI0002065,O001052,P00074,1,138.42,0.15
OI0002066,O001053,P00018,1,97.12,0.1
OI0002067,O001053,P00092,2,315.53,0.15
OI0002068,O001053,P00049,1,193.92,0.0
OI0002069,O001054,P00014,1,306.6,0.0
OI0002070,O001055,P00067,2,529.3,0.2
OI0002071,O001055,P00075,2,181.47,0.2
OI0002072,O001055,P00025,1,205.26,0.0
OI0002073,O001056,P00059,1,377.25,0.15
OI0002074,O001056,P00013,2,427.3,0.05
OI0002075,O001056,P00019,3,80.96,0.2
OI0002076,O001057,P00053,1,564.38,0.0
OI0002077,O001058,P00012,2,518.79,0.05
OI0002078,O001058,P00008,1,441.52,0.0
OI0002079,O001059,P00061,2,62.41,0.15
OI0002080,O001059,P00028,1,43.31,0.1
OI0002081,O001059,P00058,1,268.06,0.05
OI0002082,O001059,P00010,2,9.72,0.1
OI0002083,O001059,P00048,1,606.69,0.1
OI0002084,O001060,P00067,1,529.3,0.2
OI0002085,O001061,P00051,2,220.14,0.0
OI0002086,O001061,P00112,1,264.71,0.1
OI0002087,O001062,P00064,4,25.74,0.05
OI0002088,O001062,P00082,1,380.3,0.15
OI0002089,O001062,P00055,2,268.52,0.05
OI0002090,O001063,P00094,2,222.34,0.0
OI0002091,O001063,P00054,2,499.72,0.1
OI0002092,O001063,P00106,1,183.48,0.0
OI0002093,O001063,P00021,1,265.21,0.05
OI0002094,O001064,P00092,2,315.53,0.0
OI0002095,O001064,P00059,4,377.25,0.15
OI0002096,O001065,P00066,1,422.64,0.2
OI0002097,O001066,P00068,2,131.83,0.0
OI0002098,O001067,P00089,2,185.57,0.0
OI0002099,O001068,P00059,1,377.25,0.05
OI0002100,O001069,P00005,3,297.83,0.15
OI0002101,O001070,P00021,3,265.21,0.0
OI0002102,O001070,P00072,1,362.99,0.0
OI0002103,O001071,P00078,1,203.68,0.2
OI0002104,O001072,P00053,2,564.38,0.0
OI0002105,O001072,P00015,1,125.4,0.0
OI0002106,O001072,P00016,2,21.7,0.1
OI0002107,O001072,P00048,1,606.69,0.0
OI0002108,O001072,P00074,1,138.42,0.0
OI0002109,O001073,P00048,2,606.69,0.0
OI0002110,O001074,P00048,1,606.69,0.0
OI0002111,O001075,P00038,1,373.16,0.05
OI0002112,O001076,P00004,1,41.11,0.0
OI0002113,O001076,P00102,1,377.84,0.0
OI0002114,O001077,P00101,1,79.35,0.0
OI0002115,O001077,P00076,1,271.68,0.0
OI0002116,O001077,P00054,1,499.72,0.0
OI0002117,O001077,P00007,1,522.61,0.0
OI0002118,O001078,P00105,1,567.15,0.0
OI0002119,O001078,P00095,3,40.98,0.0
OI0002120,O001078,P00063,2,329.62,0.1
OI0002121,O001079,P00045,1,303.55,0.2
OI0002122,O001079,P00009,1,411.99,0.0
OI0002123,O001080,P00054,3,499.72,0.1
OI0002124,O001080,P00062,1,140.07,0.0
OI0002125,O001081,P00073,1,380.75,0.05
OI0002126,O001082,P00116,2,571.16,0.2
OI0002127,O001082,P00044,1,52.37,0.05
OI0002128,O001083,P00061,1,62.41,0.2
OI0002129,O001084,P00093,2,320.92,0.1
OI0002130,O001084,P00107,2,373.63,0.0
OI0002131,O001085,P00098,1,298.47,0.1
OI0002132,O001085,P00018,2,97.12,0.15
OI0002133,O001086,P00059,3,377.25,0.2
OI0002134,O001086,P00098,3,298.47,0.15
OI0002135,O001086,P00058,1,268.06,0.0
OI0002136,O001086,P00086,2,55.76,0.0
OI0002137,O001086,P00020,3,21.08,0.2
OI0002138,O001087,P00080,1,65.63,0.1
OI0002139,O001087,P00086,4,55.76,0.05
OI0002140,O001088,P00050,1,212.38,0.05
OI0002141,O001088,P00030,1,211.27,0.0
OI0002142,O001089,P00070,1,403.55,0.15
OI0002143,O001089,P00006,1,117.92,0.05
OI0002144,O001090,P00095,2,40.98,0.15
OI0002145,O001090,P00036,2,136.63,0.0
OI0002146,O001091,P00111,2,39.89,0.0
OI0002147,O001092,P00091,1,86.94,0.0
OI0002148,O001093,P00074,2,138.42,0.15
OI0002149,O001094,P00102,1,377.84,0.2
OI0002150,O001095,P00091,1,86.94,0.0
OI0002151,O001096,P00072,3,362.99,0.0
OI0002152,O001096,P00083,1,125.94,0.1
OI0002153,O001096,P00016,1,21.7,0.1
OI0002154,O001096,P00011,1,477.15,0.1
OI0002155,O001097,P00097,1,193.82,0.1
OI0002156,O001097,P00007,1,522.61,0.0
OI0002157,O001097,P00073,1,380.75,0.2
OI0002158,O001098,P00061,1,62.41,0.1
OI0002159,O001099,P00115,1,275.35,0.0
OI0002160,O001100,P00016,4,21.7,0.1
OI0002161,O001100,P00085,1,274.09,0.0
OI0002162,O001101,P00003,3,419.56,0.0
OI0002163,O001102,P00101,1,79.35,0.2
OI0002164,O001102,P00027,2,425.73,0.15
OI0002165,O001102,P00032,1,492.19,0.2
OI0002166,O001103,P00114,4,426.8,0.05
OI0002167,O001103,P00075,1,181.47,0.0
OI0002168,O001104,P00104,1,250.89,0.1
OI0002169,O001104,P00069,2,452.65,0.0
OI0002170,O001105,P00052,2,396.7,0.0
OI0002171,O001105,P00076,1,271.68,0.05
OI0002172,O001106,P00111,1,39.89,0.0
OI0002173,O001106,P00120,1,568.77,0.0
OI0002174,O001107,P00056,1,496.49,0.0
OI0002175,O001108,P00054,2,499.72,0.2
OI0002176,O001108,P00004,2,41.11,0.1
OI0002177,O001109,P00041,3,19.77,0.05
OI0002178,O001110,P00033,1,97.17,0.0
OI0002179,O001110,P00012,1,518.79,0.0
OI0002180,O001111,P00070,4,403.55,0.0
OI0002181,O001112,P00037,1,379.94,0.0
OI0002182,O001113,P00024,2,194.34,0.0
OI0002183,O001114,P00099,1,91.51,0.0
OI0002184,O001115,P00020,1,21.08,0.0
OI0002185,O001116,P00053,1,564.38,0.15
OI0002186,O001117,P00022,2,315.29,0.0
OI0002187,O001117,P00008,2,441.52,0.0
OI0002188,O001117,P00079,1,142.89,0.0
OI0002189,O001118,P00092,1,315.53,0.05
OI0002190,O001118,P00008,1,441.52,0.0
OI0002191,O001118,P00039,3,78.36,0.0
OI0002192,O001119,P00019,1,80.96,0.0
OI0002193,O001119,P00053,3,564.38,0.0
OI0002194,O001119,P00115,4,275.35,0.05
OI0002195,O001120,P00106,2,183.48,0.0
OI0002196,O001120,P00116,2,571.16,0.0
OI0002197,O001121,P00026,1,236.15,0.0
OI0002198,O001122,P00097,1,193.82,0.0
OI0002199,O001122,P00077,1,263.58,0.05
OI0002200,O001122,P00076,1,271.68,0.1
OI0002201,O001123,P00097,4,193.82,0.1
OI0002202,O001124,P00050,1,212.38,0.0
OI0002203,O001124,P00015,4,125.4,0.0
OI0002204,O001125,P00041,1,19.77,0.0
OI0002205,O001125,P00060,3,534.46,0.05
OI0002206,O001125,P00071,1,455.29,0.0
OI0002207,O001125,P00053,1,564.38,0.05
OI0002208,O001126,P00082,2,380.3,0.0
OI0002209,O001127,P00117,2,372.96,0.0
OI0002210,O001127,P00114,2,426.8,0.0
OI0002211,O001128,P00071,1,455.29,0.1
OI0002212,O001129,P00087,1,117.6,0.0
OI0002213,O001129,P00013,2,427.3,0.2
OI0002214,O001130,P00072,1,362.99,0.2
OI0002215,O001130,P00084,1,477.09,0.0
OI0002216,O001131,P00039,2,78.36,0.05
OI0002217,O001131,P00073,4,380.75,0.05
OI0002218,O001132,P00011,1,477.15,0.1
OI0002219,O001132,P00109,1,130.78,0.0
OI0002220,O001132,P00082,2,380.3,0.2
OI0002221,O001133,P00019,1,80.96,0.2
OI0002222,O001133,P00048,1,606.69,0.0
OI0002223,O001133,P00070,1,403.55,0.1
OI0002224,O001133,P00022,2,315.29,0.05
OI0002225,O001134,P00117,1,372.96,0.1
OI0002226,O001135,P00058,1,268.06,0.2
OI0002227,O001135,P00006,1,117.92,0.05
OI0002228,O001135,P00001,1,186.44,0.2
OI0002229,O001136,P00080,1,65.63,0.0
OI0002230,O001137,P00084,1,477.09,0.0
OI0002231,O001138,P00001,2,186.44,0.05
OI0002232,O001138,P00008,1,441.52,0.0
OI0002233,O001138,P00120,1,568.77,0.1
OI0002234,O001139,P00033,1,97.17,0.05
OI0002235,O001139,P00108,1,475.6,0.0
OI0002236,O001139,P00088,1,15.01,0.2
OI0002237,O001140,P00081,1,74.04,0.1
OI0002238,O001140,P00028,2,43.31,0.2
OI0002239,O001141,P00066,3,422.64,0.0
OI0002240,O001141,P00037,1,379.94,0.0
OI0002241,O001142,P00095,1,40.98,0.0
OI0002242,O001142,P00069,1,452.65,0.0
OI0002243,O001142,P00073,1,380.75,0.0
OI0002244,O001143,P00051,2,220.14,0.15
OI0002245,O001144,P00016,1,21.7,0.2
OI0002246,O001145,P00018,2,97.12,0.15
OI0002247,O001146,P00072,2,362.99,0.0
OI0002248,O001147,P00113,2,151.95,0.1
OI0002249,O001147,P00056,1,496.49,0.1
OI0002250,O001147,P00027,2,425.73,0.2
OI0002251,O001148,P00041,2,19.77,0.15
OI0002252,O001149,P00044,1,52.37,0.0
OI0002253,O001149,P00082,2,380.3,0.2
OI0002254,O001150,P00091,1,86.94,0.05
OI0002255,O001151,P00035,4,385.83,0.0
OI0002256,O001152,P00085,2,274.09,0.0
OI0002257,O001152,P00042,3,444.01,0.05
OI0002258,O001152,P00044,1,52.37,0.1
OI0002259,O001153,P00043,1,243.73,0.0
OI0002260,O001153,P00003,2,419.56,0.15
OI0002261,O001153,P00117,2,372.96,0.0
OI0002262,O001153,P00089,1,185.57,0.1
OI0002263,O001154,P00061,1,62.41,0.0
OI0002264,O001155,P00116,1,571.16,0.1
OI0002265,O001155,P00002,1,75.51,0.15
OI0002266,O001155,P00087,2,117.6,0.15
OI0002267,O001155,P00023,1,220.19,0.05
OI0002268,O001155,P00053,1,564.38,0.2
OI0002269,O001156,P00051,1,220.14,0.0
OI0002270,O001156,P00069,2,452.65,0.2
OI0002271,O001157,P00113,1,151.95,0.15
OI0002272,O001158,P00084,1,477.09,0.1
OI0002273,O001158,P00010,3,9.72,0.0
OI0002274,O001159,P00115,1,275.35,0.15
OI0002275,O001159,P00107,1,373.63,0.05
OI0002276,O001159,P00105,1,567.15,0.15
OI0002277,O001160,P00016,1,21.7,0.0
OI0002278,O001161,P00105,1,567.15,0.1
OI0002279,O001161,P00049,1,193.92,0.0
OI0002280,O001161,P00106,1,183.48,0.05
OI0002281,O001162,P00023,2,220.19,0.2
OI0002282,O001163,P00099,1,91.51,0.15
OI0002283,O001163,P00104,1,250.89,0.0
OI0002284,O001164,P00016,1,21.7,0.0
OI0002285,O001164,P00060,3,534.46,0.05
OI0002286,O001164,P00048,1,606.69,0.0
OI0002287,O001164,P00120,3,568.77,0.0
OI0002288,O001165,P00096,1,302.38,0.2
OI0002289,O001165,P00003,2,419.56,0.0
OI0002290,O001166,P00088,1,15.01,0.15
OI0002291,O001166,P00118,1,509.33,0.0
OI0002292,O001167,P00025,2,205.26,0.2
OI0002293,O001167,P00012,2,518.79,0.1
OI0002294,O001168,P00081,2,74.04,0.2
OI0002295,O001168,P00039,2,78.36,0.15
OI0002296,O001169,P00029,1,359.81,0.05
OI0002297,O001169,P00030,3,211.27,0.0
OI0002298,O001170,P00005,1,297.83,0.0
OI0002299,O001171,P00064,1,25.74,0.15
OI0002300,O001171,P00116,1,571.16,0.15
OI0002301,O001172,P00078,2,203.68,0.0
OI0002302,O001173,P00001,1,186.44,0.05
OI0002303,O001173,P00026,1,236.15,0.0
OI0002304,O001173,P00106,1,183.48,0.2
OI0002305,O001173,P00082,1,380.3,0.0
OI0002306,O001174,P00073,1,380.75,0.1
OI0002307,O001175,P00064,1,25.74,0.0
OI0002308,O001176,P00071,2,455.29,0.0
OI0002309,O001177,P00085,3,274.09,0.15
OI0002310,O001177,P00095,2,40.98,0.15
OI0002311,O001177,P00073,1,380.75,0.1
OI0002312,O001178,P00073,1,380.75,0.0
OI0002313,O001178,P00023,2,220.19,0.1
OI0002314,O001179,P00017,2,369.49,0.0
OI0002315,O001179,P00096,4,302.38,0.0
OI0002316,O001179,P00009,2,411.99,0.1
OI0002317,O001180,P00110,1,82.92,0.1
OI0002318,O001180,P00030,3,211.27,0.15
OI0002319,O001181,P00101,3,79.35,0.0
OI0002320,O001182,P00025,1,205.26,0.2
OI0002321,O001183,P00087,1,117.6,0.15
OI0002322,O001183,P00003,2,419.56,0.1
OI0002323,O001183,P00089,1,185.57,0.1
OI0002324,O001184,P00033,2,97.17,0.05
OI0002325,O001184,P00088,2,15.01,0.0
OI0002326,O001184,P00072,1,362.99,0.05
OI0002327,O001185,P00083,2,125.94,0.15
OI0002328,O001186,P00084,1,477.09,0.0
OI0002329,O001187,P00110,1,82.92,0.05
OI0002330,O001187,P00042,1,444.01,0.2
OI0002331,O001188,P00053,1,564.38,0.0
OI0002332,O001189,P00016,1,21.7,0.05
OI0002333,O001189,P00088,4,15.01,0.05
OI0002334,O001189,P00067,1,529.3,0.0
OI0002335,O001190,P00067,1,529.3,0.2
OI0002336,O001191,P00006,2,117.92,0.15
OI0002337,O001192,P00029,1,359.81,0.05
OI0002338,O001192,P00007,2,522.61,0.1
OI0002339,O001192,P00036,1,136.63,0.05
OI0002340,O001193,P00041,1,19.77,0.0
OI0002341,O001194,P00051,1,220.14,0.1
OI0002342,O001194,P00025,3,205.26,0.2
OI0002343,O001194,P00043,1,243.73,0.0
OI0002344,O001194,P00011,1,477.15,0.15
OI0002345,O001195,P00029,2,359.81,0.05
OI0002346,O001195,P00089,2,185.57,0.0
OI0002347,O001196,P00118,3,509.33,0.0
OI0002348,O001196,P00032,1,492.19,0.0
OI0002349,O001197,P00043,2,243.73,0.15
OI0002350,O001197,P00040,2,464.84,0.0
OI0002351,O001197,P00009,2,411.99,0.0
OI0002352,O001197,P00081,1,74.04,0.05
OI0002353,O001198,P00056,1,496.49,0.0
OI0002354,O001198,P00104,1,250.89,0.1
OI0002355,O001199,P00103,1,132.87,0.0
OI0002356,O001199,P00081,1,74.04,0.2
OI0002357,O001200,P00033,1,97.17,0.0
OI0002358,O001201,P00014,3,306.6,0.05
OI0002359,O001202,P00031,2,462.82,0.0
OI0002360,O001203,P00107,1,373.63,0.0
OI0002361,O001204,P00106,1,183.48,0.0
OI0002362,O001205,P00067,2,529.3,0.0
OI0002363,O001205,P00102,1,377.84,0.0
OI0002364,O001206,P00100,3,205.9,0.1
OI0002365,O001206,P00077,1,263.58,0.05
OI0002366,O001207,P00098,2,298.47,0.0
OI0002367,O001208,P00081,4,74.04,0.05
OI0002368,O001209,P00075,1,181.47,0.0
OI0002369,O001209,P00016,1,21.7,0.0
OI0002370,O001210,P00118,1,509.33,0.05
OI0002371,O001210,P00005,3,297.83,0.0
OI0002372,O001211,P00114,1,426.8,0.15
OI0002373,O001211,P00109,1,130.78,0.0
OI0002374,O001212,P00101,1,79.35,0.0
OI0002375,O001213,P00008,2,441.52,0.2
OI0002376,O001213,P00118,1,509.33,0.05
OI0002377,O001214,P00008,2,441.52,0.0
OI0002378,O001215,P00079,2,142.89,0.15
OI0002379,O001216,P00056,2,496.49,0.0
OI0002380,O001216,P00009,3,411.99,0.15
OI0002381,O001217,P00008,4,441.52,0.0
OI0002382,O001217,P00072,4,362.99,0.2
OI0002383,O001217,P00007,2,522.61,0.05
OI0002384,O001218,P00052,3,396.7,0.05
OI0002385,O001218,P00013,2,427.3,0.0
OI0002386,O001218,P00080,1,65.63,0.2
OI0002387,O001218,P00097,1,193.82,0.1
OI0002388,O001219,P00101,1,79.35,0.0
OI0002389,O001219,P00085,2,274.09,0.05
OI0002390,O001219,P00080,1,65.63,0.05
OI0002391,O001220,P00060,2,534.46,0.2
OI0002392,O001221,P00055,1,268.52,0.0
OI0002393,O001221,P00113,3,151.95,0.15
OI0002394,O001221,P00080,2,65.63,0.15
OI0002395,O001221,P00013,1,427.3,0.2
OI0002396,O001222,P00004,1,41.11,0.05
OI0002397,O001223,P00067,1,529.3,0.0
OI0002398,O001224,P00076,1,271.68,0.0
OI0002399,O001225,P00014,1,306.6,0.15
OI0002400,O001225,P00002,2,75.51,0.0
OI0002401,O001225,P00077,1,263.58,0.1
OI0002402,O001226,P00102,3,377.84,0.1
OI0002403,O001226,P00108,1,475.6,0.0
OI0002404,O001226,P00025,3,205.26,0.15
OI0002405,O001227,P00066,2,422.64,0.05
OI0002406,O001227,P00033,2,97.17,0.05
OI0002407,O001227,P00046,1,488.5,0.15
OI0002408,O001228,P00080,1,65.63,0.05
OI0002409,O001229,P00024,1,194.34,0.0
OI0002410,O001230,P00018,1,97.12,0.0
OI0002411,O001230,P00103,4,132.87,0.0
OI0002412,O001230,P00006,1,117.92,0.0
OI0002413,O001231,P00075,1,181.47,0.05
OI0002414,O001232,P00066,4,422.64,0.15
OI0002415,O001233,P00097,1,193.82,0.1
OI0002416,O001233,P00046,3,488.5,0.1
OI0002417,O001233,P00040,2,464.84,0.2
OI0002418,O001234,P00019,2,80.96,0.0
OI0002419,O001235,P00061,1,62.41,0.1
OI0002420,O001235,P00040,2,464.84,0.0
OI0002421,O001236,P00038,1,373.16,0.0
OI0002422,O001237,P00002,4,75.51,0.1
OI0002423,O001238,P00076,1,271.68,0.0
OI0002424,O001238,P00085,1,274.09,0.0
OI0002425,O001238,P00087,1,117.6,0.0
OI0002426,O001239,P00065,1,96.5,0.1
OI0002427,O001239,P00105,2,567.15,0.2
OI0002428,O001239,P00107,3,373.63,0.0
OI0002429,O001240,P00055,1,268.52,0.0
OI0002430,O001240,P00045,1,303.55,0.0
OI0002431,O001241,P00082,2,380.3,0.0
OI0002432,O001241,P00117,2,372.96,0.2
OI0002433,O001242,P00009,1,411.99,0.0
OI0002434,O001242,P00044,3,52.37,0.15
OI0002435,O001243,P00061,1,62.41,0.15
OI0002436,O001244,P00089,1,185.57,0.15
OI0002437,O001244,P00060,2,534.46,0.0
OI0002438,O001244,P00077,2,263.58,0.2
OI0002439,O001245,P00075,1,181.47,0.0
OI0002440,O001245,P00073,1,380.75,0.1
OI0002441,O001246,P00039,1,78.36,0.05
OI0002442,O001247,P00043,2,243.73,0.2
OI0002443,O001247,P00021,1,265.21,0.0
OI0002444,O001247,P00014,3,306.6,0.05
OI0002445,O001247,P00059,2,377.25,0.0
OI0002446,O001248,P00118,1,509.33,0.0
OI0002447,O001249,P00082,4,380.3,0.0
OI0002448,O001250,P00089,3,185.57,0.05
OI0002449,O001250,P00030,1,211.27,0.1
OI0002450,O001251,P00028,1,43.31,0.15
OI0002451,O001251,P00031,4,462.82,0.2
OI0002452,O001251,P00062,3,140.07,0.2
OI0002453,O001252,P00043,2,243.73,0.2
OI0002454,O001253,P00095,3,40.98,0.05
OI0002455,O001253,P00049,1,193.92,0.0
OI0002456,O001253,P00027,1,425.73,0.2
OI0002457,O001254,P00001,2,186.44,0.0
OI0002458,O001254,P00047,1,293.14,0.0
OI0002459,O001254,P00002,2,75.51,0.0
OI0002460,O001255,P00072,2,362.99,0.0
OI0002461,O001256,P00019,1,80.96,0.0
OI0002462,O001257,P00057,1,460.12,0.15
OI0002463,O001257,P00025,1,205.26,0.1
OI0002464,O001258,P00117,1,372.96,0.0
OI0002465,O001258,P00098,1,298.47,0.0
OI0002466,O001259,P00004,1,41.11,0.0
OI0002467,O001259,P00026,1,236.15,0.0
OI0002468,O001259,P00037,2,379.94,0.0
OI0002469,O001260,P00093,2,320.92,0.1
OI0002470,O001260,P00023,1,220.19,0.0
OI0002471,O001260,P00044,2,52.37,0.0
OI0002472,O001260,P00109,4,130.78,0.0
OI0002473,O001261,P00003,4,419.56,0.2
OI0002474,O001261,P00023,1,220.19,0.0
OI0002475,O001262,P00117,1,372.96,0.0
OI0002476,O001262,P00013,2,427.3,0.2
OI0002477,O001263,P00087,1,117.6,0.0
OI0002478,O001264,P00049,1,193.92,0.15
OI0002479,O001265,P00101,1,79.35,0.0
OI0002480,O001266,P00044,4,52.37,0.0
OI0002481,O001267,P00040,1,464.84,0.05
OI0002482,O001268,P00031,1,462.82,0.0
OI0002483,O001269,P00104,1,250.89,0.0
OI0002484,O001270,P00085,1,274.09,0.2
OI0002485,O001270,P00022,1,315.29,0.1
OI0002486,O001270,P00068,1,131.83,0.05
OI0002487,O001271,P00113,2,151.95,0.0
OI0002488,O001271,P00092,1,315.53,0.0
OI0002489,O001271,P00009,1,411.99,0.0
OI0002490,O001272,P00102,1,377.84,0.15
OI0002491,O001272,P00025,1,205.26,0.0
OI0002492,O001272,P00069,1,452.65,0.0
OI0002493,O001272,P00049,1,193.92,0.1
OI0002494,O001273,P00055,4,268.52,0.2
OI0002495,O001273,P00082,2,380.3,0.1
OI0002496,O001273,P00032,1,492.19,0.1
OI0002497,O001273,P00118,1,509.33,0.0
OI0002498,O001273,P00006,1,117.92,0.2
OI0002499,O001274,P00069,2,452.65,0.0
OI0002500,O001274,P00038,1,373.16,0.0
OI0002501,O001274,P00102,1,377.84,0.15
OI0002502,O001274,P00020,1,21.08,0.2
OI0002503,O001274,P00042,4,444.01,0.0
OI0002504,O001275,P00112,1,264.71,0.2
OI0002505,O001275,P00017,1,369.49,0.1
OI0002506,O001276,P00075,3,181.47,0.05
OI0002507,O001277,P00027,3,425.73,0.2
OI0002508,O001277,P00094,2,222.34,0.15
OI0002509,O001277,P00011,1,477.15,0.1
OI0002510,O001277,P00101,1,79.35,0.0
OI0002511,O001277,P00061,1,62.41,0.0
OI0002512,O001278,P00066,1,422.64,0.2
OI0002513,O001278,P00050,2,212.38,0.15
OI0002514,O001279,P00097,1,193.82,0.1
OI0002515,O001280,P00048,3,606.69,0.05
OI0002516,O001280,P00064,1,25.74,0.0
OI0002517,O001280,P00067,1,529.3,0.0
OI0002518,O001281,P00092,2,315.53,0.05
OI0002519,O001281,P00048,1,606.69,0.15
OI0002520,O001281,P00068,1,131.83,0.05
OI0002521,O001281,P00089,1,185.57,0.05
OI0002522,O001282,P00035,3,385.83,0.05
OI0002523,O001282,P00075,1,181.47,0.15
OI0002524,O001283,P00118,1,509.33,0.2
OI0002525,O001284,P00075,1,181.47,0.15
OI0002526,O001285,P00005,1,297.83,0.0
OI0002527,O001286,P00029,1,359.81,0.0
OI0002528,O001287,P00058,2,268.06,0.2
OI0002529,O001288,P00031,1,462.82,0.0
OI0002530,O001288,P00051,1,220.14,0.0
OI0002531,O001289,P00055,3,268.52,0.2
OI0002532,O001289,P00114,1,426.8,0.0
OI0002533,O001289,P00049,2,193.92,0.0
OI0002534,O001289,P00074,1,138.42,0.1
OI0002535,O001289,P00021,1,265.21,0.0
OI0002536,O001290,P00018,1,97.12,0.2
OI0002537,O001291,P00011,2,477.15,0.05
OI0002538,O001291,P00038,2,373.16,0.1
OI0002539,O001292,P00046,1,488.5,0.0
OI0002540,O001293,P00075,1,181.47,0.0
OI0002541,O001294,P00060,2,534.46,0.05
OI0002542,O001294,P00066,4,422.64,0.05
OI0002543,O001294,P00080,2,65.63,0.05
OI0002544,O001294,P00044,1,52.37,0.05
OI0002545,O001294,P00055,1,268.52,0.0
OI0002546,O001295,P00103,1,132.87,0.0
OI0002547,O001295,P00064,2,25.74,0.0
OI0002548,O001296,P00049,1,193.92,0.0
OI0002549,O001296,P00004,2,41.11,0.05
OI0002550,O001297,P00030,1,211.27,0.0
OI0002551,O001297,P00034,2,79.08,0.0
OI0002552,O001297,P00083,1,125.94,0.0
OI0002553,O001298,P00038,1,373.16,0.1
OI0002554,O001298,P00108,1,475.6,0.1
OI0002555,O001299,P00070,1,403.55,0.0
OI0002556,O001299,P00083,2,125.94,0.2
OI0002557,O001300,P00036,1,136.63,0.0
OI0002558,O001300,P00119,2,324.39,0.0
OI0002559,O001300,P00030,1,211.27,0.0
OI0002560,O001301,P00047,2,293.14,0.0
OI0002561,O001302,P00070,1,403.55,0.0
OI0002562,O001302,P00026,3,236.15,0.0
OI0002563,O001303,P00087,4,117.6,0.0
OI0002564,O001303,P00043,1,243.73,0.0
OI0002565,O001304,P00096,1,302.38,0.2
OI0002566,O001305,P00099,1,91.51,0.15
OI0002567,O001306,P00109,1,130.78,0.0
OI0002568,O001306,P00036,1,136.63,0.15
OI0002569,O001307,P00078,1,203.68,0.2
OI0002570,O001307,P00018,2,97.12,0.2
OI0002571,O001308,P00092,4,315.53,0.0
OI0002572,O001308,P00095,1,40.98,0.0
OI0002573,O001308,P00070,1,403.55,0.2
OI0002574,O001309,P00039,3,78.36,0.2
OI0002575,O001309,P00037,2,379.94,0.0
OI0002576,O001310,P00101,1,79.35,0.05
OI0002577,O001311,P00052,2,396.7,0.1
OI0002578,O001311,P00106,3,183.48,0.2
OI0002579,O001312,P00084,4,477.09,0.0
OI0002580,O001313,P00061,4,62.41,0.15
OI0002581,O001314,P00066,2,422.64,0.2
OI0002582,O001314,P00098,2,298.47,0.05
OI0002583,O001314,P00020,1,21.08,0.0
OI0002584,O001315,P00030,1,211.27,0.15
OI0002585,O001316,P00096,1,302.38,0.0
OI0002586,O001317,P00061,3,62.41,0.0
OI0002587,O001318,P00067,2,529.3,0.1
OI0002588,O001319,P00101,1,79.35,0.2
OI0002589,O001319,P00071,1,455.29,0.05
OI0002590,O001320,P00093,2,320.92,0.2
OI0002591,O001321,P00060,1,534.46,0.2
OI0002592,O001321,P00044,2,52.37,0.0
OI0002593,O001322,P00041,2,19.77,0.2
OI0002594,O001323,P00025,2,205.26,0.05
OI0002595,O001324,P00099,2,91.51,0.05
OI0002596,O001324,P00090,1,335.08,0.05
OI0002597,O001324,P00054,1,499.72,0.2
OI0002598,O001324,P00027,2,425.73,0.1
OI0002599,O001325,P00004,1,41.11,0.0
OI0002600,O001325,P00048,2,606.69,0.1
OI0002601,O001326,P00112,1,264.71,0.0
OI0002602,O001327,P00040,1,464.84,0.2
OI0002603,O001327,P00095,1,40.98,0.15
OI0002604,O001327,P00002,2,75.51,0.2
OI0002605,O001327,P00064,3,25.74,0.0
OI0002606,O001328,P00044,2,52.37,0.0
OI0002607,O001329,P00054,1,499.72,0.2
OI0002608,O001329,P00055,1,268.52,0.05
OI0002609,O001329,P00088,1,15.01,0.2
OI0002610,O001330,P00100,2,205.9,0.1
OI0002611,O001330,P00089,1,185.57,0.0
OI0002612,O001331,P00042,2,444.01,0.1
OI0002613,O001331,P00076,1,271.68,0.2
OI0002614,O001331,P00003,2,419.56,0.0
OI0002615,O001332,P00119,3,324.39,0.0
OI0002616,O001333,P00020,2,21.08,0.1
OI0002617,O001333,P00043,2,243.73,0.15
OI0002618,O001334,P00103,3,132.87,0.1
OI0002619,O001334,P00078,2,203.68,0.1
OI0002620,O001335,P00111,1,39.89,0.05
OI0002621,O001335,P00051,1,220.14,0.0
OI0002622,O001335,P00049,3,193.92,0.1
OI0002623,O001335,P00027,2,425.73,0.05
OI0002624,O001336,P00025,4,205.26,0.0
OI0002625,O001336,P00061,1,62.41,0.0
OI0002626,O001337,P00073,1,380.75,0.05
OI0002627,O001338,P00082,2,380.3,0.0
OI0002628,O001338,P00115,4,275.35,0.0
OI0002629,O001339,P00022,2,315.29,0.15
OI0002630,O001339,P00014,3,306.6,0.1
OI0002631,O001340,P00023,1,220.19,0.2
OI0002632,O001340,P00005,2,297.83,0.15
OI0002633,O001341,P00078,4,203.68,0.0
OI0002634,O001341,P00063,2,329.62,0.0
OI0002635,O001341,P00004,3,41.11,0.05
OI0002636,O001341,P00024,1,194.34,0.0
OI0002637,O001342,P00027,4,425.73,0.0
OI0002638,O001343,P00038,1,373.16,0.15
OI0002639,O001344,P00068,1,131.83,0.0
OI0002640,O001345,P00059,1,377.25,0.0
OI0002641,O001345,P00008,3,441.52,0.1
OI0002642,O001346,P00002,1,75.51,0.05
OI0002643,O001346,P00022,1,315.29,0.05
OI0002644,O001346,P00042,2,444.01,0.0
OI0002645,O001346,P00111,2,39.89,0.0
OI0002646,O001347,P00017,1,369.49,0.1
OI0002647,O001348,P00054,1,499.72,0.05
OI0002648,O001349,P00096,2,302.38,0.05
OI0002649,O001349,P00009,2,411.99,0.2
OI0002650,O001350,P00027,1,425.73,0.0
OI0002651,O001350,P00017,2,369.49,0.0
OI0002652,O001350,P00112,1,264.71,0.05
OI0002653,O001351,P00105,2,567.15,0.15
OI0002654,O001351,P00091,2,86.94,0.05
OI0002655,O001352,P00021,2,265.21,0.1
OI0002656,O001352,P00078,3,203.68,0.0
OI0002657,O001353,P00076,2,271.68,0.1
OI0002658,O001353,P00026,4,236.15,0.15
OI0002659,O001354,P00088,1,15.01,0.0
OI0002660,O001354,P00059,1,377.25,0.0
OI0002661,O001355,P00001,1,186.44,0.0
OI0002662,O001356,P00058,1,268.06,0.05
OI0002663,O001356,P00009,4,411.99,0.1
OI0002664,O001356,P00106,1,183.48,0.2
OI0002665,O001357,P00032,1,492.19,0.0
OI0002666,O001357,P00068,1,131.83,0.1
OI0002667,O001358,P00113,1,151.95,0.05
OI0002668,O001358,P00063,1,329.62,0.1
OI0002669,O001358,P00059,1,377.25,0.0
OI0002670,O001359,P00095,2,40.98,0.0
OI0002671,O001359,P00012,4,518.79,0.15
OI0002672,O001360,P00113,1,151.95,0.05
OI0002673,O001361,P00045,4,303.55,0.2
OI0002674,O001361,P00090,3,335.08,0.15
OI0002675,O001362,P00102,1,377.84,0.05
OI0002676,O001362,P00039,1,78.36,0.1
OI0002677,O001363,P00106,1,183.48,0.2
OI0002678,O001364,P00109,2,130.78,0.05
OI0002679,O001364,P00023,2,220.19,0.0
OI0002680,O001365,P00023,2,220.19,0.1
OI0002681,O001366,P00094,1,222.34,0.05
OI0002682,O001367,P00059,3,377.25,0.05
OI0002683,O001368,P00117,2,372.96,0.15
OI0002684,O001369,P00024,1,194.34,0.15
OI0002685,O001370,P00073,1,380.75,0.0
OI0002686,O001370,P00013,1,427.3,0.0
OI0002687,O001370,P00051,1,220.14,0.2
OI0002688,O001370,P00090,3,335.08,0.0
OI0002689,O001371,P00036,1,136.63,0.15
OI0002690,O001372,P00069,1,452.65,0.15
OI0002691,O001372,P00038,1,373.16,0.0
OI0002692,O001373,P00090,2,335.08,0.15
OI0002693,O001373,P00093,1,320.92,0.0
OI0002694,O001374,P00117,3,372.96,0.2
OI0002695,O001374,P00064,3,25.74,0.1
OI0002696,O001374,P00053,1,564.38,0.0
OI0002697,O001375,P00048,3,606.69,0.0
OI0002698,O001376,P00097,1,193.82,0.0
OI0002699,O001377,P00065,1,96.5,0.0
OI0002700,O001377,P00099,1,91.51,0.05
OI0002701,O001377,P00100,1,205.9,0.05
OI0002702,O001378,P00022,1,315.29,0.1
OI0002703,O001378,P00033,3,97.17,0.0
OI0002704,O001378,P00027,2,425.73,0.05
OI0002705,O001379,P00004,1,41.11,0.15
OI0002706,O001379,P00010,1,9.72,0.15
OI0002707,O001380,P00087,1,117.6,0.05
OI0002708,O001380,P00096,3,302.38,0.05
OI0002709,O001381,P00044,1,52.37,0.05
OI0002710,O001381,P00096,1,302.38,0.2
OI0002711,O001382,P00025,1,205.26,0.0
OI0002712,O001382,P00051,1,220.14,0.0
OI0002713,O001382,P00005,3,297.83,0.0
OI0002714,O001383,P00091,1,86.94,0.0
OI0002715,O001383,P00118,2,509.33,0.0
OI0002716,O001384,P00086,1,55.76,0.05
OI0002717,O001384,P00096,1,302.38,0.05
OI0002718,O001385,P00060,1,534.46,0.1
OI0002719,O001385,P00009,2,411.99,0.15
OI0002720,O001385,P00011,1,477.15,0.0
OI0002721,O001386,P00092,1,315.53,0.05
OI0002722,O001387,P00018,2,97.12,0.2
OI0002723,O001387,P00061,1,62.41,0.0
OI0002724,O001388,P00108,3,475.6,0.0
OI0002725,O001389,P00022,2,315.29,0.2
OI0002726,O001390,P00003,4,419.56,0.0
OI0002727,O001390,P00078,3,203.68,0.0
OI0002728,O001390,P00013,1,427.3,0.1
OI0002729,O001390,P00023,4,220.19,0.15
OI0002730,O001391,P00051,2,220.14,0.15
OI0002731,O001391,P00022,1,315.29,0.2
OI0002732,O001391,P00010,4,9.72,0.0
OI0002733,O001392,P00087,2,117.6,0.05
OI0002734,O001392,P00035,1,385.83,0.0
OI0002735,O001392,P00020,1,21.08,0.0
OI0002736,O001393,P00028,1,43.31,0.15
OI0002737,O001393,P00092,1,315.53,0.1
OI0002738,O001393,P00005,2,297.83,0.0
OI0002739,O001393,P00115,1,275.35,0.05
OI0002740,O001394,P00090,1,335.08,0.0
OI0002741,O001395,P00108,1,475.6,0.15
OI0002742,O001396,P00104,1,250.89,0.1
OI0002743,O001397,P00083,3,125.94,0.15
OI0002744,O001397,P00085,1,274.09,0.15
OI0002745,O001398,P00115,1,275.35,0.0
OI0002746,O001399,P00050,4,212.38,0.05
OI0002747,O001399,P00089,1,185.57,0.0
OI0002748,O001399,P00040,1,464.84,0.1
OI0002749,O001400,P00001,2,186.44,0.2
OI0002750,O001400,P00007,1,522.61,0.05
OI0002751,O001401,P00099,2,91.51,0.0
OI0002752,O001401,P00026,4,236.15,0.0
OI0002753,O001402,P00117,4,372.96,0.0
OI0002754,O001403,P00026,2,236.15,0.0
OI0002755,O001404,P00003,1,419.56,0.0
OI0002756,O001404,P00054,2,499.72,0.0
OI0002757,O001405,P00044,1,52.37,0.2
OI0002758,O001406,P00025,1,205.26,0.15
OI0002759,O001406,P00088,1,15.01,0.0
OI0002760,O001407,P00029,1,359.81,0.2
OI0002761,O001407,P00113,1,151.95,0.2
OI0002762,O001407,P00013,1,427.3,0.15
OI0002763,O001407,P00103,1,132.87,0.0
OI0002764,O001408,P00093,1,320.92,0.0
OI0002765,O001409,P00006,1,117.92,0.05
OI0002766,O001410,P00066,2,422.64,0.0
OI0002767,O001410,P00014,1,306.6,0.0
OI0002768,O001410,P00105,1,567.15,0.1
OI0002769,O001411,P00081,1,74.04,0.0
OI0002770,O001411,P00025,3,205.26,0.1
OI0002771,O001411,P00080,1,65.63,0.05
OI0002772,O001412,P00055,2,268.52,0.0
OI0002773,O001413,P00030,1,211.27,0.0
OI0002774,O001413,P00028,1,43.31,0.0
OI0002775,O001413,P00014,1,306.6,0.0
OI0002776,O001414,P00002,2,75.51,0.0
OI0002777,O001414,P00052,1,396.7,0.05
OI0002778,O001414,P00084,1,477.09,0.0
OI0002779,O001414,P00041,1,19.77,0.05
OI0002780,O001415,P00029,1,359.81,0.0
OI0002781,O001416,P00085,1,274.09,0.0
OI0002782,O001416,P00105,1,567.15,0.15
OI0002783,O001417,P00080,1,65.63,0.0
OI0002784,O001417,P00048,1,606.69,0.0
OI0002785,O001418,P00114,1,426.8,0.0
OI0002786,O001419,P00053,2,564.38,0.1
OI0002787,O001419,P00039,1,78.36,0.05
OI0002788,O001419,P00099,1,91.51,0.0
OI0002789,O001420,P00092,1,315.53,0.1
OI0002790,O001421,P00102,1,377.84,0.2
OI0002791,O001421,P00119,1,324.39,0.1
OI0002792,O001422,P00022,2,315.29,0.0
OI0002793,O001423,P00013,3,427.3,0.15
OI0002794,O001423,P00077,1,263.58,0.15
OI0002795,O001423,P00042,2,444.01,0.05
OI0002796,O001424,P00087,3,117.6,0.2
OI0002797,O001424,P00119,1,324.39,0.15
OI0002798,O001425,P00018,1,97.12,0.0
OI0002799,O001425,P00043,2,243.73,0.15
OI0002800,O001426,P00098,2,298.47,0.15
OI0002801,O001427,P00041,1,19.77,0.05
OI0002802,O001427,P00109,1,130.78,0.0
OI0002803,O001427,P00086,1,55.76,0.0
OI0002804,O001428,P00003,1,419.56,0.1
OI0002805,O001429,P00117,3,372.96,0.1
OI0002806,O001430,P00058,2,268.06,0.05
OI0002807,O001431,P00066,3,422.64,0.0
OI0002808,O001431,P00082,2,380.3,0.1
OI0002809,O001431,P00095,1,40.98,0.1
OI0002810,O001432,P00091,1,86.94,0.0
OI0002811,O001432,P00002,3,75.51,0.1
OI0002812,O001432,P00030,2,211.27,0.2
OI0002813,O001433,P00115,1,275.35,0.0
OI0002814,O001433,P00016,1,21.7,0.15
OI0002815,O001433,P00040,2,464.84,0.05
OI0002816,O001434,P00097,1,193.82,0.0
OI0002817,O001434,P00032,3,492.19,0.0
OI0002818,O001434,P00080,1,65.63,0.0
OI0002819,O001435,P00048,2,606.69,0.0
OI0002820,O001435,P00064,1,25.74,0.0
OI0002821,O001436,P00020,2,21.08,0.05
OI0002822,O001437,P00027,1,425.73,0.15
OI0002823,O001438,P00005,2,297.83,0.15
OI0002824,O001438,P00031,1,462.82,0.1
OI0002825,O001438,P00119,1,324.39,0.05
OI0002826,O001439,P00095,2,40.98,0.0
OI0002827,O001440,P00018,2,97.12,0.0
OI0002828,O001440,P00036,2,136.63,0.15
OI0002829,O001441,P00101,1,79.35,0.2
OI0002830,O001442,P00006,1,117.92,0.15
OI0002831,O001442,P00067,2,529.3,0.2
OI0002832,O001442,P00102,3,377.84,0.0
OI0002833,O001442,P00054,3,499.72,0.2
OI0002834,O001443,P00004,1,41.11,0.2
OI0002835,O001443,P00030,4,211.27,0.15
OI0002836,O001444,P00043,1,243.73,0.0
OI0002837,O001444,P00044,1,52.37,0.0
OI0002838,O001445,P00070,3,403.55,0.0
OI0002839,O001446,P00117,2,372.96,0.15
OI0002840,O001446,P00118,2,509.33,0.0
OI0002841,O001447,P00103,2,132.87,0.15
OI0002842,O001447,P00088,3,15.01,0.0
OI0002843,O001447,P00090,1,335.08,0.1
OI0002844,O001448,P00112,2,264.71,0.05
OI0002845,O001449,P00067,1,529.3,0.0
OI0002846,O001449,P00042,1,444.01,0.05
OI0002847,O001450,P00081,2,74.04,0.0
OI0002848,O001451,P00009,1,411.99,0.05
OI0002849,O001451,P00112,2,264.71,0.0
OI0002850,O001452,P00025,2,205.26,0.0
OI0002851,O001453,P00082,2,380.3,0.0
OI0002852,O001453,P00019,1,80.96,0.0
OI0002853,O001454,P00012,2,518.79,0.0
OI0002854,O001455,P00076,4,271.68,0.1
OI0002855,O001456,P00107,1,373.63,0.0
OI0002856,O001456,P00102,2,377.84,0.0
OI0002857,O001457,P00065,1,96.5,0.0
OI0002858,O001458,P00055,1,268.52,0.15
OI0002859,O001458,P00093,2,320.92,0.0
OI0002860,O001458,P00060,1,534.46,0.0
OI0002861,O001458,P00040,2,464.84,0.05
OI0002862,O001458,P00022,1,315.29,0.0
OI0002863,O001459,P00078,4,203.68,0.0
OI0002864,O001459,P00032,1,492.19,0.0
OI0002865,O001460,P00074,1,138.42,0.15
OI0002866,O001460,P00058,1,268.06,0.0
OI0002867,O001461,P00035,1,385.83,0.2
OI0002868,O001461,P00111,1,39.89,0.05
OI0002869,O001462,P00011,2,477.15,0.0
OI0002870,O001462,P00047,1,293.14,0.05
OI0002871,O001462,P00051,1,220.14,0.05
OI0002872,O001462,P00049,2,193.92,0.05
OI0002873,O001463,P00065,4,96.5,0.0
OI0002874,O001463,P00079,3,142.89,0.2
OI0002875,O001463,P00095,1,40.98,0.2
OI0002876,O001463,P00056,3,496.49,0.05
OI0002877,O001463,P00098,3,298.47,0.0
OI0002878,O001464,P00098,1,298.47,0.05
OI0002879,O001465,P00055,2,268.52,0.0
OI0002880,O001465,P00110,1,82.92,0.2
OI0002881,O001466,P00117,1,372.96,0.0
OI0002882,O001467,P00077,1,263.58,0.1
OI0002883,O001468,P00020,1,21.08,0.0
OI0002884,O001468,P00071,3,455.29,0.0
OI0002885,O001468,P00094,3,222.34,0.05
OI0002886,O001469,P00060,2,534.46,0.05
OI0002887,O001469,P00040,1,464.84,0.1
OI0002888,O001469,P00059,1,377.25,0.1
OI0002889,O001469,P00037,1,379.94,0.05
OI0002890,O001470,P00010,1,9.72,0.0
OI0002891,O001470,P00043,1,243.73,0.0
OI0002892,O001470,P00018,2,97.12,0.0
OI0002893,O001470,P00092,3,315.53,0.0
OI0002894,O001470,P00061,2,62.41,0.0
OI0002895,O001471,P00111,1,39.89,0.15
OI0002896,O001471,P00065,2,96.5,0.15
OI0002897,O001472,P00048,3,606.69,0.05
OI0002898,O001473,P00052,1,396.7,0.05
OI0002899,O001473,P00119,3,324.39,0.05
OI0002900,O001474,P00096,3,302.38,0.05
OI0002901,O001474,P00048,3,606.69,0.05
OI0002902,O001475,P00040,1,464.84,0.0
OI0002903,O001475,P00083,1,125.94,0.05
OI0002904,O001475,P00076,3,271.68,0.0
OI0002905,O001476,P00118,1,509.33,0.1
OI0002906,O001476,P00016,1,21.7,0.0
OI0002907,O001476,P00050,1,212.38,0.0
OI0002908,O001477,P00098,1,298.47,0.2
OI0002909,O001477,P00056,1,496.49,0.15
OI0002910,O001477,P00033,2,97.17,0.0
OI0002911,O001477,P00099,1,91.51,0.1
OI0002912,O001478,P00091,1,86.94,0.0
OI0002913,O001478,P00063,1,329.62,0.15
OI0002914,O001478,P00082,1,380.3,0.0
OI0002915,O001478,P00089,1,185.57,0.15
OI0002916,O001479,P00050,1,212.38,0.05
OI0002917,O001480,P00095,3,40.98,0.0
OI0002918,O001481,P00032,4,492.19,0.05
OI0002919,O001482,P00005,1,297.83,0.2
OI0002920,O001482,P00118,1,509.33,0.0
OI0002921,O001483,P00081,1,74.04,0.15
OI0002922,O001483,P00091,1,86.94,0.0
OI0002923,O001484,P00090,2,335.08,0.15
OI0002924,O001485,P00083,1,125.94,0.0
OI0002925,O001485,P00019,1,80.96,0.1
OI0002926,O001486,P00059,1,377.25,0.0
OI0002927,O001486,P00088,3,15.01,0.0
OI0002928,O001486,P00019,1,80.96,0.1
OI0002929,O001487,P00075,1,181.47,0.0
OI0002930,O001487,P00085,4,274.09,0.0
OI0002931,O001487,P00108,2,475.6,0.2
OI0002932,O001487,P00021,1,265.21,0.0
OI0002933,O001488,P00083,1,125.94,0.05
OI0002934,O001488,P00092,3,315.53,0.05
OI0002935,O001489,P00091,1,86.94,0.0
OI0002936,O001489,P00076,1,271.68,0.1
OI0002937,O001490,P00117,2,372.96,0.0
OI0002938,O001491,P00113,1,151.95,0.0
OI0002939,O001491,P00055,1,268.52,0.2
OI0002940,O001492,P00055,1,268.52,0.15
OI0002941,O001492,P00033,1,97.17,0.0
OI0002942,O001493,P00065,1,96.5,0.1
OI0002943,O001494,P00085,2,274.09,0.0
OI0002944,O001494,P00114,4,426.8,0.15
OI0002945,O001494,P00049,1,193.92,0.05
OI0002946,O001494,P00076,3,271.68,0.2
OI0002947,O001495,P00113,1,151.95,0.15
OI0002948,O001495,P00119,1,324.39,0.2
OI0002949,O001496,P00012,3,518.79,0.15
OI0002950,O001496,P00014,1,306.6,0.1
OI0002951,O001497,P00100,2,205.9,0.2
OI0002952,O001498,P00045,2,303.55,0.0
OI0002953,O001498,P00105,1,567.15,0.15
OI0002954,O001498,P00019,1,80.96,0.05
OI0002955,O001498,P00035,1,385.83,0.15
OI0002956,O001498,P00096,3,302.38,0.0
OI0002957,O001499,P00001,1,186.44,0.05
OI0002958,O001499,P00022,1,315.29,0.0
OI0002959,O001499,P00105,3,567.15,0.0
OI0002960,O001500,P00009,4,411.99,0.15
OI0002961,O001500,P00100,1,205.9,0.05
OI0002962,O001501,P00068,2,131.83,0.0
OI0002963,O001501,P00054,1,499.72,0.15
OI0002964,O001501,P00084,4,477.09,0.05
OI0002965,O001502,P00022,2,315.29,0.0
OI0002966,O001503,P00048,1,606.69,0.0
OI0002967,O001503,P00024,2,194.34,0.05
OI0002968,O001503,P00091,1,86.94,0.0
OI0002969,O001503,P00018,2,97.12,0.1
OI0002970,O001504,P00015,2,125.4,0.2
OI0002971,O001504,P00058,2,268.06,0.0
OI0002972,O001504,P00073,1,380.75,0.0
OI0002973,O001505,P00026,1,236.15,0.0
OI0002974,O001506,P00096,1,302.38,0.2
OI0002975,O001506,P00024,2,194.34,0.2
OI0002976,O001507,P00025,2,205.26,0.0
OI0002977,O001508,P00116,2,571.16,0.2
OI0002978,O001509,P00053,3,564.38,0.15
OI0002979,O001509,P00057,2,460.12,0.1
OI0002980,O001510,P00014,3,306.6,0.0
OI0002981,O001510,P00112,2,264.71,0.0
OI0002982,O001510,P00082,1,380.3,0.0
OI0002983,O001511,P00011,2,477.15,0.0
OI0002984,O001511,P00049,1,193.92,0.0
OI0002985,O001511,P00016,2,21.7,0.0
OI0002986,O001512,P00004,4,41.11,0.05
OI0002987,O001512,P00075,4,181.47,0.05
OI0002988,O001512,P00031,1,462.82,0.15
OI0002989,O001513,P00098,1,298.47,0.0
OI0002990,O001514,P00002,3,75.51,0.0
OI0002991,O001515,P00035,2,385.83,0.2
OI0002992,O001516,P00001,2,186.44,0.1
OI0002993,O001516,P00086,1,55.76,0.2
OI0002994,O001517,P00006,1,117.92,0.0
OI0002995,O001518,P00028,4,43.31,0.1
OI0002996,O001519,P00102,1,377.84,0.1
OI0002997,O001519,P00001,3,186.44,0.1
OI0002998,O001519,P00049,1,193.92,0.2
OI0002999,O001520,P00035,1,385.83,0.05
OI0003000,O001520,P00120,2,568.77,0.2
OI0003001,O001520,P00063,1,329.62,0.0
OI0003002,O001521,P00078,1,203.68,0.05
OI0003003,O001522,P00044,2,52.37,0.0
OI0003004,O001523,P00088,2,15.01,0.0
OI0003005,O001524,P00041,2,19.77,0.0
OI0003006,O001524,P00105,2,567.15,0.0
OI0003007,O001525,P00086,1,55.76,0.05
OI0003008,O001526,P00049,2,193.92,0.2
OI0003009,O001526,P00079,2,142.89,0.0
OI0003010,O001526,P00008,2,441.52,0.2
OI0003011,O001526,P00046,1,488.5,0.0
OI0003012,O001527,P00001,3,186.44,0.2
OI0003013,O001527,P00059,1,377.25,0.15
OI0003014,O001528,P00052,1,396.7,0.0
OI0003015,O001528,P00093,1,320.92,0.0
OI0003016,O001528,P00107,3,373.63,0.1
OI0003017,O001529,P00016,3,21.7,0.0
OI0003018,O001529,P00112,3,264.71,0.15
OI0003019,O001529,P00068,1,131.83,0.2
OI0003020,O001530,P00105,1,567.15,0.0
OI0003021,O001530,P00032,1,492.19,0.05
OI0003022,O001531,P00080,2,65.63,0.15
OI0003023,O001532,P00085,2,274.09,0.05
OI0003024,O001532,P00112,2,264.71,0.1
OI0003025,O001533,P00053,2,564.38,0.15
OI0003026,O001534,P00025,1,205.26,0.0
OI0003027,O001535,P00082,1,380.3,0.0
OI0003028,O001535,P00105,3,567.15,0.15
OI0003029,O001535,P00042,2,444.01,0.0
OI0003030,O001536,P00112,2,264.71,0.2
OI0003031,O001536,P00006,1,117.92,0.15
OI0003032,O001537,P00042,1,444.01,0.15
OI0003033,O001538,P00057,1,460.12,0.0
OI0003034,O001539,P00078,1,203.68,0.2
OI0003035,O001539,P00063,2,329.62,0.0
OI0003036,O001539,P00052,1,396.7,0.0
OI0003037,O001539,P00095,1,40.98,0.05
OI0003038,O001539,P00079,1,142.89,0.05
OI0003039,O001540,P00085,1,274.09,0.15
OI0003040,O001540,P00110,1,82.92,0.0
OI0003041,O001541,P00094,2,222.34,0.0
OI0003042,O001541,P00050,1,212.38,0.1
OI0003043,O001542,P00025,1,205.26,0.2
OI0003044,O001542,P00092,2,315.53,0.1
OI0003045,O001542,P00019,1,80.96,0.1
OI0003046,O001543,P00101,1,79.35,0.2
OI0003047,O001544,P00092,1,315.53,0.2
OI0003048,O001544,P00065,4,96.5,0.0
OI0003049,O001544,P00005,1,297.83,0.0
OI0003050,O001544,P00017,1,369.49,0.2
OI0003051,O001544,P00064,1,25.74,0.15
OI0003052,O001545,P00071,3,455.29,0.2
OI0003053,O001546,P00060,2,534.46,0.05
OI0003054,O001546,P00022,2,315.29,0.0
OI0003055,O001546,P00115,1,275.35,0.05
OI0003056,O001547,P00085,1,274.09,0.0
OI0003057,O001547,P00070,2,403.55,0.2
OI0003058,O001547,P00031,1,462.82,0.15
OI0003059,O001547,P00032,4,492.19,0.15
OI0003060,O001547,P00028,2,43.31,0.0
OI0003061,O001548,P00014,1,306.6,0.0
OI0003062,O001548,P00056,1,496.49,0.05
OI0003063,O001548,P00092,1,315.53,0.2
OI0003064,O001548,P00004,2,41.11,0.0
OI0003065,O001548,P00021,2,265.21,0.0
OI0003066,O001549,P00093,1,320.92,0.0
OI0003067,O001550,P00086,3,55.76,0.05
OI0003068,O001551,P00115,2,275.35,0.15
OI0003069,O001552,P00016,1,21.7,0.15
OI0003070,O001553,P00018,1,97.12,0.15
OI0003071,O001553,P00119,1,324.39,0.05
OI0003072,O001553,P00069,1,452.65,0.0
OI0003073,O001553,P00082,1,380.3,0.2
OI0003074,O001554,P00089,1,185.57,0.2
OI0003075,O001554,P00043,2,243.73,0.0
OI0003076,O001555,P00120,3,568.77,0.1
OI0003077,O001556,P00099,4,91.51,0.0
OI0003078,O001556,P00119,3,324.39,0.15
OI0003079,O001556,P00077,1,263.58,0.0
OI0003080,O001557,P00049,2,193.92,0.15
OI0003081,O001558,P00096,1,302.38,0.15
OI0003082,O001559,P00093,1,320.92,0.05
OI0003083,O001560,P00084,1,477.09,0.2
OI0003084,O001560,P00083,1,125.94,0.1
OI0003085,O001561,P00110,1,82.92,0.2
OI0003086,O001561,P00056,4,496.49,0.0
OI0003087,O001562,P00029,2,359.81,0.0
OI0003088,O001563,P00015,1,125.4,0.0
OI0003089,O001564,P00012,1,518.79,0.0
OI0003090,O001564,P00015,3,125.4,0.0
OI0003091,O001565,P00095,1,40.98,0.0
OI0003092,O001565,P00076,1,271.68,0.15
OI0003093,O001566,P00015,1,125.4,0.1
OI0003094,O001567,P00048,4,606.69,0.2
OI0003095,O001567,P00017,1,369.49,0.0
OI0003096,O001568,P00049,2,193.92,0.15
OI0003097,O001568,P00074,2,138.42,0.0
OI0003098,O001569,P00040,2,464.84,0.0
OI0003099,O001570,P00076,1,271.68,0.2
OI0003100,O001570,P00069,1,452.65,0.05
OI0003101,O001570,P00025,4,205.26,0.05
OI0003102,O001571,P00041,1,19.77,0.2
OI0003103,O001571,P00099,1,91.51,0.15
OI0003104,O001571,P00047,1,293.14,0.2
OI0003105,O001572,P00017,1,369.49,0.15
OI0003106,O001572,P00067,1,529.3,0.1
OI0003107,O001573,P00076,2,271.68,0.0
OI0003108,O001573,P00029,3,359.81,0.05
OI0003109,O001574,P00002,2,75.51,0.1
OI0003110,O001575,P00110,1,82.92,0.05
OI0003111,O001576,P00041,1,19.77,0.2
OI0003112,O001576,P00019,1,80.96,0.0
OI0003113,O001576,P00105,1,567.15,0.05
OI0003114,O001576,P00038,1,373.16,0.15
OI0003115,O001577,P00059,4,377.25,0.0
OI0003116,O001577,P00019,2,80.96,0.0
OI0003117,O001577,P00077,3,263.58,0.15
OI0003118,O001578,P00086,3,55.76,0.2
OI0003119,O001578,P00109,1,130.78,0.2
OI0003120,O001579,P00090,1,335.08,0.0
OI0003121,O001579,P00005,3,297.83,0.1
OI0003122,O001579,P00077,1,263.58,0.15
OI0003123,O001579,P00041,2,19.77,0.0
OI0003124,O001580,P00036,4,136.63,0.15
OI0003125,O001580,P00109,2,130.78,0.1
OI0003126,O001581,P00062,1,140.07,0.15
OI0003127,O001582,P00107,1,373.63,0.0
OI0003128,O001583,P00064,1,25.74,0.0
OI0003129,O001584,P00091,3,86.94,0.0
OI0003130,O001584,P00049,3,193.92,0.2
OI0003131,O001585,P00043,1,243.73,0.0
OI0003132,O001586,P00106,1,183.48,0.15
OI0003133,O001587,P00027,1,425.73,0.2
OI0003134,O001588,P00094,1,222.34,0.2
OI0003135,O001588,P00120,1,568.77,0.0
OI0003136,O001589,P00090,2,335.08,0.15
OI0003137,O001590,P00007,1,522.61,0.2
OI0003138,O001590,P00119,1,324.39,0.0
OI0003139,O001590,P00111,1,39.89,0.2
OI0003140,O001591,P00063,1,329.62,0.15
OI0003141,O001592,P00051,1,220.14,0.0
OI0003142,O001593,P00105,2,567.15,0.15
OI0003143,O001594,P00117,1,372.96,0.2
OI0003144,O001595,P00021,1,265.21,0.0
OI0003145,O001596,P00071,2,455.29,0.05
OI0003146,O001596,P00051,1,220.14,0.15
OI0003147,O001596,P00044,2,52.37,0.05
OI0003148,O001597,P00045,1,303.55,0.05
OI0003149,O001597,P00097,1,193.82,0.05
OI0003150,O001598,P00010,1,9.72,0.0
OI0003151,O001598,P00068,1,131.83,0.0
OI0003152,O001598,P00094,1,222.34,0.15
OI0003153,O001599,P00119,3,324.39,0.2
OI0003154,O001599,P00025,2,205.26,0.1
OI0003155,O001599,P00090,2,335.08,0.05
OI0003156,O001600,P00013,2,427.3,0.1
OI0003157,O001600,P00017,2,369.49,0.2
OI0003158,O001600,P00042,4,444.01,0.2
OI0003159,O001600,P00097,1,193.82,0.0
OI0003160,O001600,P00102,2,377.84,0.2
OI0003161,O001601,P00120,3,568.77,0.0
OI0003162,O001601,P00091,3,86.94,0.05
OI0003163,O001602,P00084,3,477.09,0.0
OI0003164,O001602,P00021,1,265.21,0.05
OI0003165,O001602,P00074,1,138.42,0.15
OI0003166,O001603,P00062,1,140.07,0.0
OI0003167,O001604,P00115,1,275.35,0.0
OI0003168,O001605,P00027,3,425.73,0.0
OI0003169,O001606,P00103,3,132.87,0.15
OI0003170,O001607,P00026,1,236.15,0.0
OI0003171,O001607,P00095,1,40.98,0.15
OI0003172,O001607,P00084,2,477.09,0.2
OI0003173,O001607,P00002,2,75.51,0.1
OI0003174,O001608,P00014,1,306.6,0.15
OI0003175,O001609,P00101,1,79.35,0.2
OI0003176,O001610,P00019,1,80.96,0.05
OI0003177,O001611,P00055,4,268.52,0.2
OI0003178,O001611,P00087,2,117.6,0.0
OI0003179,O001612,P00119,2,324.39,0.05
OI0003180,O001612,P00008,2,441.52,0.0
OI0003181,O001612,P00013,1,427.3,0.0
OI0003182,O001612,P00046,1,488.5,0.0
OI0003183,O001613,P00066,3,422.64,0.1
OI0003184,O001613,P00084,1,477.09,0.05
OI0003185,O001613,P00044,1,52.37,0.0
OI0003186,O001614,P00081,1,74.04,0.0
OI0003187,O001614,P00093,1,320.92,0.0
OI0003188,O001614,P00052,2,396.7,0.0
OI0003189,O001615,P00031,2,462.82,0.05
OI0003190,O001615,P00051,3,220.14,0.0
OI0003191,O001616,P00089,1,185.57,0.0
OI0003192,O001616,P00077,1,263.58,0.15
OI0003193,O001617,P00096,2,302.38,0.05
OI0003194,O001618,P00100,1,205.9,0.15
OI0003195,O001619,P00102,1,377.84,0.15
OI0003196,O001620,P00085,2,274.09,0.2
OI0003197,O001620,P00012,1,518.79,0.05
OI0003198,O001621,P00111,1,39.89,0.2
OI0003199,O001622,P00084,1,477.09,0.15
OI0003200,O001622,P00049,2,193.92,0.05
OI0003201,O001622,P00036,1,136.63,0.0
OI0003202,O001622,P00081,2,74.04,0.0
OI0003203,O001623,P00016,3,21.7,0.0
OI0003204,O001624,P00011,2,477.15,0.05
OI0003205,O001624,P00016,1,21.7,0.15
OI0003206,O001625,P00086,2,55.76,0.1
OI0003207,O001625,P00117,1,372.96,0.0
OI0003208,O001626,P00003,2,419.56,0.1
OI0003209,O001627,P00074,2,138.42,0.1
OI0003210,O001628,P00062,1,140.07,0.0
OI0003211,O001629,P00089,1,185.57,0.0
OI0003212,O001629,P00096,4,302.38,0.2
OI0003213,O001630,P00076,2,271.68,0.05
OI0003214,O001630,P00024,2,194.34,0.15
OI0003215,O001630,P00050,3,212.38,0.15
OI0003216,O001631,P00056,2,496.49,0.0
OI0003217,O001632,P00074,1,138.42,0.0
OI0003218,O001633,P00013,2,427.3,0.0
OI0003219,O001633,P00042,1,444.01,0.15
OI0003220,O001634,P00117,2,372.96,0.2
OI0003221,O001635,P00102,2,377.84,0.1
OI0003222,O001636,P00024,1,194.34,0.2
OI0003223,O001636,P00052,1,396.7,0.15
OI0003224,O001637,P00003,1,419.56,0.1
OI0003225,O001637,P00051,1,220.14,0.2
OI0003226,O001638,P00069,1,452.65,0.2
OI0003227,O001639,P00104,1,250.89,0.1
OI0003228,O001640,P00063,1,329.62,0.2
OI0003229,O001640,P00009,2,411.99,0.1
OI0003230,O001640,P00067,1,529.3,0.1
OI0003231,O001641,P00092,2,315.53,0.2
OI0003232,O001642,P00102,2,377.84,0.0
OI0003233,O001642,P00084,2,477.09,0.2
OI0003234,O001643,P00097,1,193.82,0.15
OI0003235,O001643,P00027,2,425.73,0.0
OI0003236,O001644,P00024,4,194.34,0.1
OI0003237,O001644,P00111,2,39.89,0.15
OI0003238,O001645,P00024,1,194.34,0.1
OI0003239,O001645,P00001,3,186.44,0.05
OI0003240,O001646,P00103,2,132.87,0.1
OI0003241,O001646,P00041,2,19.77,0.0
OI0003242,O001646,P00016,1,21.7,0.15
OI0003243,O001646,P00006,2,117.92,0.0
OI0003244,O001646,P00017,2,369.49,0.0
OI0003245,O001647,P00072,1,362.99,0.2
OI0003246,O001647,P00033,2,97.17,0.0
OI0003247,O001647,P00109,1,130.78,0.0
OI0003248,O001648,P00016,1,21.7,0.0
OI0003249,O001648,P00065,2,96.5,0.1
OI0003250,O001648,P00039,1,78.36,0.0
OI0003251,O001649,P00055,2,268.52,0.15
OI0003252,O001650,P00001,2,186.44,0.0
OI0003253,O001651,P00039,4,78.36,0.2
OI0003254,O001651,P00006,1,117.92,0.0
OI0003255,O001651,P00067,2,529.3,0.15
OI0003256,O001651,P00116,1,571.16,0.1
OI0003257,O001652,P00057,2,460.12,0.15
OI0003258,O001652,P00018,1,97.12,0.0
OI0003259,O001652,P00074,1,138.42,0.1
OI0003260,O001652,P00063,1,329.62,0.0
OI0003261,O001653,P00078,1,203.68,0.0
OI0003262,O001653,P00069,2,452.65,0.15
OI0003263,O001653,P00066,2,422.64,0.0
OI0003264,O001654,P00085,3,274.09,0.0
OI0003265,O001654,P00105,1,567.15,0.0
OI0003266,O001654,P00006,2,117.92,0.0
OI0003267,O001654,P00031,2,462.82,0.2
OI0003268,O001654,P00005,3,297.83,0.2
OI0003269,O001655,P00028,1,43.31,0.0
OI0003270,O001656,P00078,1,203.68,0.1
OI0003271,O001657,P00028,1,43.31,0.1
OI0003272,O001658,P00046,1,488.5,0.0
OI0003273,O001658,P00036,2,136.63,0.15
OI0003274,O001659,P00080,3,65.63,0.05
OI0003275,O001660,P00010,2,9.72,0.05
OI0003276,O001660,P00071,3,455.29,0.15
OI0003277,O001660,P00033,1,97.17,0.0
OI0003278,O001660,P00034,2,79.08,0.05
OI0003279,O001661,P00059,1,377.25,0.0
OI0003280,O001662,P00033,1,97.17,0.15
OI0003281,O001663,P00055,2,268.52,0.15
OI0003282,O001664,P00019,3,80.96,0.1
OI0003283,O001665,P00027,1,425.73,0.15
OI0003284,O001665,P00010,1,9.72,0.15
OI0003285,O001666,P00035,1,385.83,0.15
OI0003286,O001666,P00082,1,380.3,0.0
OI0003287,O001666,P00090,2,335.08,0.15
OI0003288,O001667,P00048,1,606.69,0.1
OI0003289,O001668,P00085,1,274.09,0.2
OI0003290,O001668,P00083,1,125.94,0.1
OI0003291,O001669,P00078,1,203.68,0.0
OI0003292,O001670,P00054,4,499.72,0.2
OI0003293,O001671,P00020,2,21.08,0.2
OI0003294,O001671,P00041,1,19.77,0.05
OI0003295,O001672,P00049,2,193.92,0.0
OI0003296,O001673,P00078,1,203.68,0.0
OI0003297,O001673,P00032,1,492.19,0.0
OI0003298,O001674,P00016,2,21.7,0.0
OI0003299,O001674,P00069,1,452.65,0.15
OI0003300,O001675,P00071,2,455.29,0.0
OI0003301,O001675,P00053,4,564.38,0.0
OI0003302,O001676,P00082,1,380.3,0.0
OI0003303,O001676,P00012,2,518.79,0.2
OI0003304,O001676,P00047,2,293.14,0.0
OI0003305,O001677,P00019,2,80.96,0.2
OI0003306,O001677,P00112,3,264.71,0.0
OI0003307,O001678,P00036,1,136.63,0.0
OI0003308,O001679,P00013,1,427.3,0.05
OI0003309,O001679,P00049,1,193.92,0.0
OI0003310,O001679,P00029,1,359.81,0.2
OI0003311,O001680,P00119,1,324.39,0.1
OI0003312,O001680,P00016,2,21.7,0.15
OI0003313,O001680,P00023,1,220.19,0.0
OI0003314,O001681,P00076,1,271.68,0.2
OI0003315,O001682,P00104,2,250.89,0.05
OI0003316,O001683,P00013,2,427.3,0.15
OI0003317,O001683,P00068,1,131.83,0.1
OI0003318,O001683,P00045,1,303.55,0.2
OI0003319,O001684,P00037,1,379.94,0.1
OI0003320,O001685,P00035,2,385.83,0.0
OI0003321,O001685,P00078,1,203.68,0.0
OI0003322,O001686,P00022,3,315.29,0.0
OI0003323,O001687,P00097,3,193.82,0.05
OI0003324,O001688,P00024,1,194.34,0.2
OI0003325,O001688,P00045,1,303.55,0.1
OI0003326,O001688,P00104,2,250.89,0.1
OI0003327,O001688,P00095,1,40.98,0.1
OI0003328,O001688,P00087,1,117.6,0.2
OI0003329,O001689,P00052,1,396.7,0.0
OI0003330,O001689,P00062,1,140.07,0.0
OI0003331,O001689,P00076,2,271.68,0.0
OI0003332,O001690,P00088,1,15.01,0.15
OI0003333,O001690,P00066,1,422.64,0.0
OI0003334,O001691,P00085,1,274.09,0.0
OI0003335,O001692,P00019,2,80.96,0.15
OI0003336,O001692,P00049,2,193.92,0.0
OI0003337,O001692,P00073,1,380.75,0.0
OI0003338,O001693,P00118,1,509.33,0.15
OI0003339,O001694,P00082,1,380.3,0.0
OI0003340,O001695,P00091,1,86.94,0.2
OI0003341,O001696,P00032,2,492.19,0.05
OI0003342,O001696,P00087,1,117.6,0.15
OI0003343,O001696,P00078,1,203.68,0.05
OI0003344,O001697,P00024,4,194.34,0.2
OI0003345,O001697,P00057,1,460.12,0.05
OI0003346,O001697,P00046,2,488.5,0.1
OI0003347,O001698,P00037,1,379.94,0.1
OI0003348,O001698,P00036,1,136.63,0.15
OI0003349,O001698,P00055,1,268.52,0.2
OI0003350,O001699,P00030,1,211.27,0.15
OI0003351,O001699,P00040,3,464.84,0.2
OI0003352,O001700,P00012,1,518.79,0.05
OI0003353,O001700,P00040,1,464.84,0.2
OI0003354,O001701,P00041,1,19.77,0.0
OI0003355,O001701,P00109,1,130.78,0.15
OI0003356,O001702,P00011,1,477.15,0.0
OI0003357,O001702,P00010,1,9.72,0.0
OI0003358,O001702,P00094,1,222.34,0.1
OI0003359,O001702,P00031,1,462.82,0.0
OI0003360,O001703,P00011,1,477.15,0.0
OI0003361,O001703,P00096,2,302.38,0.1
OI0003362,O001704,P00119,1,324.39,0.05
OI0003363,O001705,P00104,1,250.89,0.0
OI0003364,O001705,P00112,3,264.71,0.05
OI0003365,O001706,P00087,2,117.6,0.1
OI0003366,O001707,P00120,1,568.77,0.15
OI0003367,O001708,P00018,1,97.12,0.1
OI0003368,O001708,P00062,2,140.07,0.15
OI0003369,O001708,P00064,1,25.74,0.15
OI0003370,O001709,P00114,2,426.8,0.15
OI0003371,O001709,P00069,2,452.65,0.0
OI0003372,O001710,P00052,2,396.7,0.1
OI0003373,O001710,P00002,3,75.51,0.0
OI0003374,O001711,P00117,1,372.96,0.2
OI0003375,O001712,P00096,1,302.38,0.0
OI0003376,O001713,P00092,2,315.53,0.05
OI0003377,O001714,P00090,2,335.08,0.15
OI0003378,O001714,P00069,1,452.65,0.0
OI0003379,O001715,P00032,3,492.19,0.15
OI0003380,O001715,P00095,1,40.98,0.2
OI0003381,O001716,P00113,1,151.95,0.1
OI0003382,O001717,P00088,1,15.01,0.0
OI0003383,O001717,P00078,1,203.68,0.1
OI0003384,O001718,P00058,1,268.06,0.15
OI0003385,O001718,P00022,2,315.29,0.2
OI0003386,O001719,P00068,1,131.83,0.0
OI0003387,O001720,P00023,2,220.19,0.0
OI0003388,O001720,P00010,2,9.72,0.2
OI0003389,O001721,P00018,1,97.12,0.0
OI0003390,O001721,P00066,1,422.64,0.0
OI0003391,O001722,P00055,3,268.52,0.05
OI0003392,O001723,P00049,4,193.92,0.0
OI0003393,O001723,P00022,1,315.29,0.0
OI0003394,O001723,P00048,1,606.69,0.15
OI0003395,O001724,P00032,2,492.19,0.1
OI0003396,O001724,P00107,2,373.63,0.2
OI0003397,O001725,P00099,1,91.51,0.0
OI0003398,O001725,P00110,1,82.92,0.0
OI0003399,O001725,P00016,1,21.7,0.05
OI0003400,O001726,P00038,1,373.16,0.0
OI0003401,O001727,P00028,1,43.31,0.0
OI0003402,O001728,P00095,3,40.98,0.1
OI0003403,O001728,P00081,2,74.04,0.05
OI0003404,O001729,P00028,1,43.31,0.0
OI0003405,O001730,P00119,4,324.39,0.15
OI0003406,O001731,P00066,1,422.64,0.0
OI0003407,O001731,P00106,2,183.48,0.05
OI0003408,O001732,P00115,3,275.35,0.1
OI0003409,O001733,P00109,1,130.78,0.05
OI0003410,O001734,P00008,3,441.52,0.0
OI0003411,O001734,P00046,3,488.5,0.1
OI0003412,O001735,P00059,1,377.25,0.0
OI0003413,O001735,P00043,1,243.73,0.0
OI0003414,O001736,P00014,2,306.6,0.0
OI0003415,O001736,P00001,2,186.44,0.05
OI0003416,O001736,P00045,1,303.55,0.0
OI0003417,O001736,P00114,1,426.8,0.0
OI0003418,O001736,P00093,1,320.92,0.0
OI0003419,O001737,P00056,3,496.49,0.0
OI0003420,O001737,P00063,1,329.62,0.0
OI0003421,O001738,P00068,1,131.83,0.0
OI0003422,O001738,P00066,1,422.64,0.05
OI0003423,O001739,P00016,1,21.7,0.0
OI0003424,O001739,P00117,2,372.96,0.2
OI0003425,O001739,P00063,2,329.62,0.15
OI0003426,O001739,P00001,2,186.44,0.0
OI0003427,O001740,P00029,2,359.81,0.0
OI0003428,O001740,P00061,3,62.41,0.0
OI0003429,O001740,P00051,1,220.14,0.05
OI0003430,O001740,P00048,2,606.69,0.0
OI0003431,O001741,P00069,1,452.65,0.0
OI0003432,O001741,P00104,2,250.89,0.05
OI0003433,O001741,P00035,2,385.83,0.15
OI0003434,O001742,P00108,1,475.6,0.0
OI0003435,O001742,P00057,2,460.12,0.0
OI0003436,O001742,P00021,1,265.21,0.15
OI0003437,O001743,P00056,1,496.49,0.0
OI0003438,O001743,P00001,1,186.44,0.2
OI0003439,O001744,P00091,1,86.94,0.0
OI0003440,O001745,P00015,1,125.4,0.0
OI0003441,O001746,P00037,2,379.94,0.0
OI0003442,O001746,P00006,1,117.92,0.05
OI0003443,O001747,P00054,1,499.72,0.15
OI0003444,O001748,P00043,1,243.73,0.0
OI0003445,O001748,P00116,1,571.16,0.0
OI0003446,O001749,P00086,1,55.76,0.0
OI0003447,O001750,P00062,1,140.07,0.15
OI0003448,O001751,P00035,2,385.83,0.05
OI0003449,O001751,P00016,1,21.7,0.05
OI0003450,O001752,P00071,1,455.29,0.2
OI0003451,O001752,P00064,3,25.74,0.15
OI0003452,O001753,P00092,2,315.53,0.0
OI0003453,O001754,P00042,1,444.01,0.2
OI0003454,O001754,P00097,3,193.82,0.2
OI0003455,O001755,P00113,2,151.95,0.1
OI0003456,O001755,P00052,1,396.7,0.15
OI0003457,O001756,P00119,1,324.39,0.15
OI0003458,O001757,P00108,1,475.6,0.2
OI0003459,O001758,P00050,2,212.38,0.0
OI0003460,O001759,P00015,1,125.4,0.2
OI0003461,O001759,P00014,2,306.6,0.0
OI0003462,O001760,P00017,1,369.49,0.0
OI0003463,O001761,P00045,1,303.55,0.1
OI0003464,O001762,P00002,3,75.51,0.2
OI0003465,O001763,P00088,1,15.01,0.0
OI0003466,O001764,P00007,1,522.61,0.15
OI0003467,O001765,P00107,1,373.63,0.05
OI0003468,O001765,P00044,1,52.37,0.1
OI0003469,O001766,P00095,2,40.98,0.0
OI0003470,O001767,P00056,1,496.49,0.05
OI0003471,O001768,P00038,1,373.16,0.05
OI0003472,O001768,P00037,2,379.94,0.0
OI0003473,O001769,P00098,1,298.47,0.0
OI0003474,O001769,P00055,1,268.52,0.1
OI0003475,O001770,P00020,2,21.08,0.0
OI0003476,O001770,P00094,3,222.34,0.0
OI0003477,O001770,P00066,1,422.64,0.2
OI0003478,O001770,P00024,1,194.34,0.0
OI0003479,O001771,P00111,1,39.89,0.15
OI0003480,O001771,P00034,4,79.08,0.2
OI0003481,O001771,P00090,1,335.08,0.05
OI0003482,O001771,P00032,3,492.19,0.0
OI0003483,O001772,P00061,1,62.41,0.15
OI0003484,O001773,P00101,1,79.35,0.15
OI0003485,O001773,P00104,1,250.89,0.15
OI0003486,O001773,P00014,1,306.6,0.1
OI0003487,O001774,P00079,4,142.89,0.0
OI0003488,O001774,P00024,1,194.34,0.2
OI0003489,O001775,P00076,1,271.68,0.15
OI0003490,O001775,P00081,2,74.04,0.0
OI0003491,O001776,P00030,1,211.27,0.0
OI0003492,O001777,P00017,1,369.49,0.05
OI0003493,O001778,P00005,1,297.83,0.0
OI0003494,O001778,P00036,1,136.63,0.05
OI0003495,O001778,P00025,1,205.26,0.0
OI0003496,O001779,P00079,1,142.89,0.2
OI0003497,O001779,P00026,1,236.15,0.0
OI0003498,O001779,P00012,1,518.79,0.05
OI0003499,O001780,P00053,1,564.38,0.0
OI0003500,O001780,P00068,1,131.83,0.15
OI0003501,O001781,P00082,1,380.3,0.0
OI0003502,O001782,P00029,1,359.81,0.0
OI0003503,O001782,P00044,3,52.37,0.1
OI0003504,O001782,P00055,1,268.52,0.05
OI0003505,O001782,P00062,1,140.07,0.15
OI0003506,O001783,P00007,3,522.61,0.0
OI0003507,O001783,P00039,1,78.36,0.0
OI0003508,O001784,P00047,1,293.14,0.15
OI0003509,O001784,P00036,1,136.63,0.05
OI0003510,O001784,P00045,2,303.55,0.0
OI0003511,O001785,P00041,1,19.77,0.0
OI0003512,O001785,P00115,2,275.35,0.0
OI0003513,O001785,P00007,1,522.61,0.0
OI0003514,O001785,P00024,1,194.34,0.15
OI0003515,O001786,P00096,1,302.38,0.0
OI0003516,O001787,P00028,1,43.31,0.0
OI0003517,O001788,P00061,2,62.41,0.0
OI0003518,O001788,P00036,1,136.63,0.05
OI0003519,O001788,P00117,4,372.96,0.0
OI0003520,O001788,P00078,1,203.68,0.0
OI0003521,O001789,P00063,2,329.62,0.0
OI0003522,O001789,P00047,1,293.14,0.0
OI0003523,O001790,P00015,1,125.4,0.15
OI0003524,O001790,P00013,1,427.3,0.0
OI0003525,O001791,P00088,3,15.01,0.1
OI0003526,O001792,P00099,2,91.51,0.0
OI0003527,O001792,P00111,1,39.89,0.0
OI0003528,O001793,P00047,2,293.14,0.15
OI0003529,O001794,P00104,1,250.89,0.0
OI0003530,O001795,P00096,1,302.38,0.1
OI0003531,O001795,P00100,1,205.9,0.1
OI0003532,O001796,P00078,2,203.68,0.15
OI0003533,O001796,P00048,2,606.69,0.0
OI0003534,O001796,P00031,1,462.82,0.0
OI0003535,O001797,P00075,2,181.47,0.05
OI0003536,O001798,P00012,1,518.79,0.0
OI0003537,O001798,P00114,4,426.8,0.0
OI0003538,O001799,P00081,1,74.04,0.0
OI0003539,O001799,P00096,2,302.38,0.1
OI0003540,O001799,P00078,1,203.68,0.15
OI0003541,O001799,P00016,1,21.7,0.2
OI0003542,O001800,P00025,1,205.26,0.0
OI0003543,O001801,P00091,2,86.94,0.0
OI0003544,O001801,P00058,2,268.06,0.1
OI0003545,O001801,P00119,1,324.39,0.1
OI0003546,O001801,P00013,1,427.3,0.0
OI0003547,O001802,P00039,1,78.36,0.15
OI0003548,O001803,P00061,1,62.41,0.0
OI0003549,O001803,P00098,1,298.47,0.1
OI0003550,O001804,P00093,1,320.92,0.0
OI0003551,O001805,P00006,3,117.92,0.0
OI0003552,O001806,P00025,1,205.26,0.05
OI0003553,O001807,P00071,4,455.29,0.2
OI0003554,O001807,P00092,2,315.53,0.2
OI0003555,O001807,P00033,1,97.17,0.2
OI0003556,O001808,P00117,4,372.96,0.1
OI0003557,O001809,P00045,1,303.55,0.05
OI0003558,O001809,P00115,1,275.35,0.15
OI0003559,O001809,P00047,1,293.14,0.15
OI0003560,O001810,P00016,2,21.7,0.05
OI0003561,O001811,P00009,4,411.99,0.05
OI0003562,O001812,P00054,2,499.72,0.1
OI0003563,O001813,P00120,1,568.77,0.1
OI0003564,O001814,P00102,2,377.84,0.0
OI0003565,O001815,P00022,1,315.29,0.0
OI0003566,O001815,P00077,2,263.58,0.15
OI0003567,O001816,P00017,3,369.49,0.0
OI0003568,O001816,P00038,3,373.16,0.1
OI0003569,O001817,P00008,1,441.52,0.15
OI0003570,O001817,P00102,1,377.84,0.2
OI0003571,O001817,P00089,4,185.57,0.05
OI0003572,O001817,P00025,1,205.26,0.05
OI0003573,O001818,P00088,2,15.01,0.1
OI0003574,O001819,P00112,2,264.71,0.1
OI0003575,O001820,P00010,2,9.72,0.2
OI0003576,O001820,P00022,1,315.29,0.1
OI0003577,O001820,P00057,1,460.12,0.05
OI0003578,O001821,P00072,1,362.99,0.2
OI0003579,O001822,P00050,1,212.38,0.05
OI0003580,O001823,P00078,1,203.68,0.0
OI0003581,O001823,P00035,2,385.83,0.0
OI0003582,O001824,P00001,1,186.44,0.1
OI0003583,O001824,P00021,2,265.21,0.0
OI0003584,O001825,P00076,1,271.68,0.2
OI0003585,O001825,P00090,2,335.08,0.1
OI0003586,O001825,P00002,1,75.51,0.05
OI0003587,O001826,P00065,3,96.5,0.15
OI0003588,O001827,P00093,1,320.92,0.2
OI0003589,O001827,P00068,2,131.83,0.0
OI0003590,O001827,P00034,3,79.08,0.0
OI0003591,O001827,P00039,4,78.36,0.15
OI0003592,O001828,P00035,1,385.83,0.0
OI0003593,O001828,P00071,1,455.29,0.0
OI0003594,O001829,P00029,1,359.81,0.0
OI0003595,O001830,P00069,2,452.65,0.0
OI0003596,O001830,P00031,3,462.82,0.15
OI0003597,O001830,P00038,1,373.16,0.0
OI0003598,O001831,P00114,1,426.8,0.0
OI0003599,O001831,P00036,1,136.63,0.0
OI0003600,O001832,P00112,1,264.71,0.0
OI0003601,O001832,P00102,2,377.84,0.2
OI0003602,O001832,P00007,1,522.61,0.0
OI0003603,O001832,P00083,1,125.94,0.1
OI0003604,O001833,P00015,1,125.4,0.15
OI0003605,O001833,P00001,1,186.44,0.0
OI0003606,O001834,P00081,2,74.04,0.1
OI0003607,O001835,P00048,2,606.69,0.1
OI0003608,O001835,P00042,4,444.01,0.0
OI0003609,O001835,P00011,2,477.15,0.15
OI0003610,O001835,P00091,3,86.94,0.0
OI0003611,O001835,P00114,1,426.8,0.05
OI0003612,O001836,P00115,1,275.35,0.0
OI0003613,O001836,P00079,2,142.89,0.0
OI0003614,O001837,P00008,1,441.52,0.15
OI0003615,O001838,P00105,1,567.15,0.0
OI0003616,O001838,P00002,4,75.51,0.15
OI0003617,O001838,P00106,2,183.48,0.0
OI0003618,O001838,P00046,1,488.5,0.0
OI0003619,O001839,P00033,2,97.17,0.1
OI0003620,O001839,P00003,1,419.56,0.15
OI0003621,O001840,P00112,2,264.71,0.0
OI0003622,O001840,P00100,1,205.9,0.15
OI0003623,O001840,P00075,1,181.47,0.15
OI0003624,O001841,P00089,1,185.57,0.05
OI0003625,O001842,P00084,2,477.09,0.0
OI0003626,O001843,P00112,3,264.71,0.15
OI0003627,O001844,P00082,1,380.3,0.1
OI0003628,O001845,P00071,3,455.29,0.2
OI0003629,O001845,P00027,1,425.73,0.05
OI0003630,O001846,P00029,3,359.81,0.0
OI0003631,O001847,P00035,1,385.83,0.0
OI0003632,O001848,P00075,2,181.47,0.15
OI0003633,O001849,P00104,1,250.89,0.2
OI0003634,O001850,P00097,3,193.82,0.0
OI0003635,O001850,P00051,1,220.14,0.05
OI0003636,O001851,P00030,1,211.27,0.15
OI0003637,O001852,P00093,2,320.92,0.05
OI0003638,O001853,P00048,2,606.69,0.05
OI0003639,O001853,P00019,2,80.96,0.0
OI0003640,O001854,P00064,1,25.74,0.2
OI0003641,O001854,P00024,4,194.34,0.0
OI0003642,O001854,P00059,1,377.25,0.0
OI0003643,O001854,P00105,2,567.15,0.1
OI0003644,O001855,P00063,2,329.62,0.0
OI0003645,O001855,P00094,1,222.34,0.15
OI0003646,O001856,P00037,3,379.94,0.0
OI0003647,O001856,P00003,2,419.56,0.0
OI0003648,O001856,P00040,2,464.84,0.2
OI0003649,O001857,P00051,1,220.14,0.15
OI0003650,O001858,P00078,2,203.68,0.05
OI0003651,O001858,P00025,1,205.26,0.0
OI0003652,O001858,P00009,1,411.99,0.05
OI0003653,O001858,P00019,1,80.96,0.15
OI0003654,O001858,P00010,1,9.72,0.05
OI0003655,O001859,P00013,1,427.3,0.1
OI0003656,O001859,P00093,1,320.92,0.0
OI0003657,O001860,P00094,1,222.34,0.2
OI0003658,O001860,P00097,1,193.82,0.0
OI0003659,O001861,P00078,3,203.68,0.05
OI0003660,O001861,P00013,1,427.3,0.05
OI0003661,O001862,P00003,3,419.56,0.0
OI0003662,O001862,P00015,1,125.4,0.2
OI0003663,O001862,P00106,1,183.48,0.2
OI0003664,O001863,P00083,1,125.94,0.0
OI0003665,O001863,P00120,1,568.77,0.0
OI0003666,O001864,P00032,2,492.19,0.2
OI0003667,O001865,P00011,4,477.15,0.0
OI0003668,O001866,P00019,3,80.96,0.15
OI0003669,O001867,P00077,1,263.58,0.0
OI0003670,O001868,P00102,4,377.84,0.0
OI0003671,O001869,P00102,2,377.84,0.0
OI0003672,O001870,P00070,2,403.55,0.0
OI0003673,O001870,P00095,1,40.98,0.2
OI0003674,O001870,P00105,4,567.15,0.15
OI0003675,O001871,P00011,1,477.15,0.05
OI0003676,O001871,P00026,1,236.15,0.2
OI0003677,O001871,P00018,4,97.12,0.1
OI0003678,O001872,P00115,1,275.35,0.0
OI0003679,O001872,P00057,2,460.12,0.05
OI0003680,O001872,P00105,1,567.15,0.0
OI0003681,O001872,P00021,1,265.21,0.0
OI0003682,O001872,P00040,1,464.84,0.0
OI0003683,O001873,P00070,2,403.55,0.15
OI0003684,O001874,P00035,1,385.83,0.1
OI0003685,O001874,P00081,1,74.04,0.0
OI0003686,O001875,P00003,4,419.56,0.2
OI0003687,O001876,P00006,1,117.92,0.0
OI0003688,O001876,P00014,3,306.6,0.0
OI0003689,O001876,P00070,1,403.55,0.1
OI0003690,O001877,P00114,4,426.8,0.05
OI0003691,O001877,P00108,1,475.6,0.0
OI0003692,O001878,P00001,1,186.44,0.0
OI0003693,O001878,P00117,1,372.96,0.0
OI0003694,O001879,P00030,4,211.27,0.05
OI0003695,O001879,P00055,1,268.52,0.0
OI0003696,O001880,P00046,3,488.5,0.15
OI0003697,O001880,P00084,1,477.09,0.05
OI0003698,O001880,P00037,1,379.94,0.15
OI0003699,O001880,P00029,2,359.81,0.15
OI0003700,O001881,P00106,1,183.48,0.0
OI0003701,O001881,P00116,4,571.16,0.05
OI0003702,O001882,P00022,1,315.29,0.0
OI0003703,O001882,P00015,2,125.4,0.0
OI0003704,O001882,P00029,1,359.81,0.0
OI0003705,O001883,P00010,3,9.72,0.0
OI0003706,O001883,P00079,3,142.89,0.0
OI0003707,O001884,P00047,1,293.14,0.0
OI0003708,O001885,P00115,1,275.35,0.1
OI0003709,O001885,P00006,1,117.92,0.0
OI0003710,O001886,P00023,2,220.19,0.1
OI0003711,O001886,P00055,1,268.52,0.0
OI0003712,O001887,P00077,1,263.58,0.0
OI0003713,O001888,P00087,1,117.6,0.05
OI0003714,O001889,P00020,1,21.08,0.15
OI0003715,O001890,P00088,1,15.01,0.2
OI0003716,O001890,P00039,1,78.36,0.0
OI0003717,O001890,P00080,4,65.63,0.0
OI0003718,O001891,P00113,2,151.95,0.0
OI0003719,O001891,P00014,1,306.6,0.05
OI0003720,O001892,P00085,2,274.09,0.0
OI0003721,O001893,P00120,1,568.77,0.2
OI0003722,O001893,P00034,1,79.08,0.15
OI0003723,O001894,P00103,1,132.87,0.2
OI0003724,O001894,P00010,1,9.72,0.0
OI0003725,O001894,P00101,1,79.35,0.2
OI0003726,O001894,P00001,2,186.44,0.15
OI0003727,O001895,P00019,2,80.96,0.05
OI0003728,O001895,P00041,1,19.77,0.15
OI0003729,O001895,P00050,1,212.38,0.2
OI0003730,O001896,P00101,2,79.35,0.05
OI0003731,O001897,P00105,4,567.15,0.0
OI0003732,O001897,P00009,1,411.99,0.1
OI0003733,O001898,P00055,1,268.52,0.0
OI0003734,O001898,P00094,1,222.34,0.0
OI0003735,O001899,P00012,1,518.79,0.0
OI0003736,O001899,P00042,4,444.01,0.0
OI0003737,O001900,P00099,4,91.51,0.05
OI0003738,O001901,P00046,1,488.5,0.05
OI0003739,O001901,P00041,1,19.77,0.05
OI0003740,O001902,P00062,1,140.07,0.15
OI0003741,O001903,P00053,1,564.38,0.1
OI0003742,O001904,P00102,2,377.84,0.15
OI0003743,O001904,P00082,2,380.3,0.0
OI0003744,O001904,P00043,1,243.73,0.05
OI0003745,O001904,P00018,1,97.12,0.05
OI0003746,O001904,P00103,1,132.87,0.1
OI0003747,O001905,P00064,1,25.74,0.0
OI0003748,O001905,P00069,1,452.65,0.05
OI0003749,O001905,P00106,1,183.48,0.0
OI0003750,O001906,P00075,2,181.47,0.05
OI0003751,O001906,P00092,1,315.53,0.1
OI0003752,O001907,P00074,2,138.42,0.2
OI0003753,O001908,P00089,1,185.57,0.15
OI0003754,O001908,P00104,1,250.89,0.0
OI0003755,O001909,P00090,4,335.08,0.0
OI0003756,O001909,P00012,2,518.79,0.0
OI0003757,O001909,P00031,3,462.82,0.0
OI0003758,O001910,P00109,1,130.78,0.0
OI0003759,O001910,P00003,1,419.56,0.1
OI0003760,O001911,P00061,1,62.41,0.0
OI0003761,O001911,P00018,2,97.12,0.0
OI0003762,O001912,P00117,4,372.96,0.0
OI0003763,O001912,P00045,1,303.55,0.2
OI0003764,O001913,P00109,1,130.78,0.2
OI0003765,O001914,P00100,3,205.9,0.0
OI0003766,O001914,P00105,1,567.15,0.0
OI0003767,O001915,P00059,4,377.25,0.05
OI0003768,O001915,P00019,1,80.96,0.0
OI0003769,O001915,P00107,1,373.63,0.0
OI0003770,O001915,P00110,1,82.92,0.2
OI0003771,O001915,P00071,1,455.29,0.0
OI0003772,O001916,P00008,1,441.52,0.15
OI0003773,O001917,P00018,2,97.12,0.0
OI0003774,O001918,P00090,1,335.08,0.15
OI0003775,O001919,P00019,4,80.96,0.15
OI0003776,O001919,P00049,2,193.92,0.0
OI0003777,O001920,P00090,2,335.08,0.0
OI0003778,O001920,P00055,2,268.52,0.0
OI0003779,O001921,P00090,1,335.08,0.1
OI0003780,O001921,P00014,3,306.6,0.0
OI0003781,O001921,P00085,1,274.09,0.05
OI0003782,O001922,P00108,1,475.6,0.0
OI0003783,O001922,P00077,3,263.58,0.0
OI0003784,O001922,P00112,4,264.71,0.0
OI0003785,O001922,P00021,1,265.21,0.0
OI0003786,O001923,P00011,1,477.15,0.2
OI0003787,O001923,P00032,1,492.19,0.2
OI0003788,O001923,P00010,1,9.72,0.05
OI0003789,O001923,P00002,4,75.51,0.0
OI0003790,O001923,P00073,1,380.75,0.2
OI0003791,O001924,P00024,2,194.34,0.15
OI0003792,O001924,P00061,4,62.41,0.0
OI0003793,O001925,P00096,1,302.38,0.0
OI0003794,O001925,P00068,1,131.83,0.05
OI0003795,O001925,P00090,1,335.08,0.05
OI0003796,O001926,P00093,1,320.92,0.05
OI0003797,O001926,P00044,1,52.37,0.2
OI0003798,O001927,P00083,1,125.94,0.0
OI0003799,O001927,P00089,1,185.57,0.0
OI0003800,O001927,P00002,1,75.51,0.0
OI0003801,O001928,P00008,1,441.52,0.15
OI0003802,O001929,P00005,3,297.83,0.1
OI0003803,O001930,P00097,1,193.82,0.0
OI0003804,O001931,P00065,2,96.5,0.05
OI0003805,O001931,P00021,2,265.21,0.2
OI0003806,O001931,P00002,4,75.51,0.05
OI0003807,O001932,P00088,1,15.01,0.1
OI0003808,O001932,P00113,2,151.95,0.15
OI0003809,O001932,P00059,1,377.25,0.2
OI0003810,O001933,P00034,1,79.08,0.1
OI0003811,O001934,P00065,1,96.5,0.0
OI0003812,O001935,P00091,1,86.94,0.0
OI0003813,O001936,P00055,3,268.52,0.0
OI0003814,O001936,P00120,1,568.77,0.0
OI0003815,O001936,P00021,2,265.21,0.1
OI0003816,O001937,P00049,3,193.92,0.0
OI0003817,O001938,P00096,1,302.38,0.05
OI0003818,O001938,P00028,1,43.31,0.1
OI0003819,O001939,P00008,1,441.52,0.0
OI0003820,O001940,P00051,1,220.14,0.0
OI0003821,O001941,P00106,1,183.48,0.15
OI0003822,O001942,P00072,1,362.99,0.15
OI0003823,O001942,P00078,1,203.68,0.05
OI0003824,O001942,P00108,2,475.6,0.05
OI0003825,O001942,P00010,3,9.72,0.0
OI0003826,O001942,P00105,1,567.15,0.15
OI0003827,O001943,P00083,1,125.94,0.05
OI0003828,O001943,P00052,1,396.7,0.0
OI0003829,O001943,P00106,1,183.48,0.0
OI0003830,O001944,P00103,1,132.87,0.15
OI0003831,O001944,P00048,2,606.69,0.05
OI0003832,O001945,P00025,2,205.26,0.0
OI0003833,O001946,P00014,1,306.6,0.0
OI0003834,O001947,P00010,2,9.72,0.1
OI0003835,O001947,P00047,1,293.14,0.2
OI0003836,O001948,P00109,2,130.78,0.0
OI0003837,O001948,P00043,1,243.73,0.0
OI0003838,O001948,P00004,4,41.11,0.0
OI0003839,O001949,P00070,1,403.55,0.0
OI0003840,O001949,P00014,1,306.6,0.0
OI0003841,O001950,P00077,1,263.58,0.2
OI0003842,O001950,P00002,1,75.51,0.0
OI0003843,O001951,P00025,2,205.26,0.1
OI0003844,O001952,P00026,2,236.15,0.15
OI0003845,O001953,P00119,1,324.39,0.0
OI0003846,O001954,P00031,2,462.82,0.1
OI0003847,O001954,P00035,1,385.83,0.1
OI0003848,O001954,P00011,1,477.15,0.0
OI0003849,O001955,P00073,1,380.75,0.2
OI0003850,O001956,P00062,2,140.07,0.0
OI0003851,O001957,P00007,1,522.61,0.0
OI0003852,O001957,P00041,1,19.77,0.0
OI0003853,O001958,P00002,1,75.51,0.0
OI0003854,O001959,P00097,1,193.82,0.05
OI0003855,O001959,P00037,2,379.94,0.1
OI0003856,O001960,P00025,3,205.26,0.0
OI0003857,O001961,P00097,1,193.82,0.05
OI0003858,O001962,P00093,2,320.92,0.0
OI0003859,O001962,P00046,1,488.5,0.15
OI0003860,O001963,P00087,3,117.6,0.0
OI0003861,O001963,P00013,2,427.3,0.05
OI0003862,O001964,P00115,2,275.35,0.15
OI0003863,O001965,P00065,2,96.5,0.2
OI0003864,O001965,P00013,2,427.3,0.0
OI0003865,O001965,P00104,4,250.89,0.0
OI0003866,O001966,P00076,1,271.68,0.2
OI0003867,O001967,P00049,1,193.92,0.1
OI0003868,O001967,P00062,1,140.07,0.2
OI0003869,O001968,P00110,1,82.92,0.0
OI0003870,O001968,P00005,2,297.83,0.0
OI0003871,O001969,P00020,1,21.08,0.0
OI0003872,O001969,P00088,3,15.01,0.15
OI0003873,O001969,P00060,1,534.46,0.0
OI0003874,O001970,P00092,2,315.53,0.0
OI0003875,O001970,P00030,1,211.27,0.2
OI0003876,O001970,P00114,1,426.8,0.15
OI0003877,O001971,P00084,2,477.09,0.0
OI0003878,O001972,P00099,1,91.51,0.1
OI0003879,O001972,P00092,1,315.53,0.1
OI0003880,O001972,P00021,1,265.21,0.15
OI0003881,O001973,P00078,4,203.68,0.1
OI0003882,O001973,P00084,1,477.09,0.2
OI0003883,O001974,P00044,2,52.37,0.0
OI0003884,O001974,P00058,4,268.06,0.0
OI0003885,O001974,P00101,1,79.35,0.0
OI0003886,O001974,P00017,1,369.49,0.1
OI0003887,O001975,P00110,2,82.92,0.05
OI0003888,O001976,P00006,1,117.92,0.15
OI0003889,O001976,P00115,2,275.35,0.2
OI0003890,O001977,P00088,1,15.01,0.05
OI0003891,O001978,P00031,1,462.82,0.0
OI0003892,O001979,P00079,1,142.89,0.1
OI0003893,O001980,P00010,2,9.72,0.15
OI0003894,O001980,P00020,1,21.08,0.05
OI0003895,O001980,P00073,2,380.75,0.0
OI0003896,O001981,P00104,1,250.89,0.0
OI0003897,O001981,P00002,2,75.51,0.2
OI0003898,O001982,P00112,2,264.71,0.1
OI0003899,O001982,P00040,2,464.84,0.2
OI0003900,O001983,P00103,1,132.87,0.0
OI0003901,O001983,P00101,3,79.35,0.05
OI0003902,O001984,P00013,3,427.3,0.05
OI0003903,O001985,P00041,1,19.77,0.0
OI0003904,O001986,P00120,1,568.77,0.0
OI0003905,O001986,P00038,2,373.16,0.0
OI0003906,O001987,P00036,2,136.63,0.1
OI0003907,O001988,P00047,1,293.14,0.0
OI0003908,O001989,P00012,2,518.79,0.0
OI0003909,O001990,P00023,1,220.19,0.2
OI0003910,O001990,P00091,4,86.94,0.05
OI0003911,O001991,P00034,3,79.08,0.0
OI0003912,O001991,P00061,1,62.41,0.2
OI0003913,O001992,P00113,1,151.95,0.05
OI0003914,O001993,P00084,1,477.09,0.0
OI0003915,O001994,P00016,1,21.7,0.05
OI0003916,O001994,P00073,2,380.75,0.0
OI0003917,O001995,P00047,3,293.14,0.2
OI0003918,O001995,P00110,1,82.92,0.1
OI0003919,O001995,P00037,1,379.94,0.15
OI0003920,O001995,P00052,1,396.7,0.0
OI0003921,O001995,P00053,1,564.38,0.05
OI0003922,O001996,P00047,1,293.14,0.2
OI0003923,O001996,P00066,1,422.64,0.1
OI0003924,O001997,P00041,2,19.77,0.0
OI0003925,O001997,P00048,1,606.69,0.15
OI0003926,O001998,P00053,3,564.38,0.1
OI0003927,O001999,P00058,1,268.06,0.15
OI0003928,O001999,P00034,1,79.08,0.0
OI0003929,O002000,P00080,1,65.63,0.15
OI0003930,O002001,P00008,1,441.52,0.0
OI0003931,O002001,P00095,1,40.98,0.15
OI0003932,O002001,P00102,1,377.84,0.2
OI0003933,O002002,P00072,1,362.99,0.2
OI0003934,O002002,P00002,1,75.51,0.0
OI0003935,O002002,P00020,1,21.08,0.0
OI0003936,O002003,P00049,1,193.92,0.0
OI0003937,O002004,P00073,2,380.75,0.05
OI0003938,O002005,P00110,1,82.92,0.05
OI0003939,O002005,P00010,1,9.72,0.15
OI0003940,O002005,P00029,1,359.81,0.0
OI0003941,O002005,P00050,2,212.38,0.0
OI0003942,O002005,P00112,1,264.71,0.05
OI0003943,O002006,P00060,2,534.46,0.2
OI0003944,O002006,P00083,3,125.94,0.05
OI0003945,O002006,P00069,3,452.65,0.0
OI0003946,O002007,P00011,1,477.15,0.0
OI0003947,O002007,P00024,1,194.34,0.05
OI0003948,O002007,P00094,1,222.34,0.2
OI0003949,O002008,P00056,2,496.49,0.05
OI0003950,O002008,P00026,1,236.15,0.0
OI0003951,O002009,P00009,1,411.99,0.0
OI0003952,O002009,P00041,2,19.77,0.1
OI0003953,O002010,P00063,1,329.62,0.0
OI0003954,O002011,P00090,3,335.08,0.15
OI0003955,O002012,P00061,1,62.41,0.0
OI0003956,O002012,P00015,1,125.4,0.05
OI0003957,O002013,P00005,1,297.83,0.0
OI0003958,O002013,P00070,4,403.55,0.05
OI0003959,O002014,P00019,1,80.96,0.0
OI0003960,O002014,P00082,2,380.3,0.0
OI0003961,O002015,P00073,2,380.75,0.0
OI0003962,O002016,P00077,4,263.58,0.2
OI0003963,O002017,P00049,2,193.92,0.2
OI0003964,O002017,P00008,1,441.52,0.0
OI0003965,O002018,P00102,2,377.84,0.05
OI0003966,O002019,P00061,1,62.41,0.0
OI0003967,O002019,P00028,1,43.31,0.0
OI0003968,O002020,P00112,2,264.71,0.0
OI0003969,O002021,P00098,1,298.47,0.15
OI0003970,O002022,P00055,1,268.52,0.0
OI0003971,O002023,P00033,4,97.17,0.15
OI0003972,O002024,P00023,3,220.19,0.0
OI0003973,O002025,P00019,1,80.96,0.0
OI0003974,O002026,P00036,2,136.63,0.05
OI0003975,O002027,P00011,1,477.15,0.2
OI0003976,O002027,P00039,1,78.36,0.15
OI0003977,O002028,P00058,4,268.06,0.0
OI0003978,O002028,P00112,1,264.71,0.15
OI0003979,O002028,P00054,2,499.72,0.0
OI0003980,O002028,P00068,1,131.83,0.0
OI0003981,O002029,P00107,1,373.63,0.0
OI0003982,O002030,P00012,2,518.79,0.05
OI0003983,O002030,P00115,1,275.35,0.0
OI0003984,O002031,P00097,3,193.82,0.0
OI0003985,O002031,P00039,1,78.36,0.0
OI0003986,O002032,P00045,2,303.55,0.05
OI0003987,O002033,P00062,1,140.07,0.05
OI0003988,O002034,P00069,1,452.65,0.15
OI0003989,O002035,P00101,2,79.35,0.05
OI0003990,O002035,P00021,1,265.21,0.0
OI0003991,O002035,P00090,1,335.08,0.15
OI0003992,O002036,P00074,1,138.42,0.1
OI0003993,O002036,P00050,1,212.38,0.2
OI0003994,O002036,P00106,4,183.48,0.1
OI0003995,O002036,P00002,4,75.51,0.0
OI0003996,O002037,P00010,1,9.72,0.15
OI0003997,O002038,P00086,1,55.76,0.1
OI0003998,O002039,P00079,1,142.89,0.0
OI0003999,O002039,P00019,1,80.96,0.15
OI0004000,O002040,P00106,4,183.48,0.15
OI0004001,O002040,P00094,1,222.34,0.2
OI0004002,O002041,P00095,4,40.98,0.15
OI0004003,O002042,P00041,1,19.77,0.0
OI0004004,O002042,P00002,1,75.51,0.05
OI0004005,O002043,P00120,1,568.77,0.0
OI0004006,O002044,P00064,1,25.74,0.2
OI0004007,O002045,P00041,1,19.77,0.0
OI0004008,O002046,P00102,1,377.84,0.05
OI0004009,O002046,P00087,1,117.6,0.0
OI0004010,O002047,P00067,1,529.3,0.2
OI0004011,O002047,P00093,1,320.92,0.2
OI0004012,O002047,P00001,2,186.44,0.0
OI0004013,O002047,P00058,1,268.06,0.15
OI0004014,O002048,P00058,2,268.06,0.1
OI0004015,O002048,P00082,2,380.3,0.0
OI0004016,O002049,P00005,1,297.83,0.15
OI0004017,O002049,P00028,2,43.31,0.0
OI0004018,O002050,P00054,1,499.72,0.15
OI0004019,O002051,P00070,1,403.55,0.05
OI0004020,O002051,P00100,4,205.9,0.0
OI0004021,O002051,P00022,1,315.29,0.0
OI0004022,O002051,P00077,1,263.58,0.0
OI0004023,O002052,P00025,2,205.26,0.15
OI0004024,O002053,P00074,1,138.42,0.0
OI0004025,O002054,P00048,2,606.69,0.2
OI0004026,O002055,P00047,2,293.14,0.0
OI0004027,O002056,P00039,1,78.36,0.0
OI0004028,O002057,P00065,4,96.5,0.2
OI0004029,O002058,P00112,1,264.71,0.0
OI0004030,O002059,P00090,1,335.08,0.05
OI0004031,O002059,P00064,2,25.74,0.05
OI0004032,O002059,P00084,1,477.09,0.05
OI0004033,O002060,P00046,1,488.5,0.1
OI0004034,O002060,P00107,1,373.63,0.05
OI0004035,O002061,P00067,2,529.3,0.0
OI0004036,O002061,P00098,1,298.47,0.0
OI0004037,O002061,P00043,3,243.73,0.05
OI0004038,O002062,P00055,1,268.52,0.0
OI0004039,O002063,P00023,2,220.19,0.1
OI0004040,O002063,P00071,1,455.29,0.0
OI0004041,O002064,P00070,1,403.55,0.05
OI0004042,O002064,P00056,2,496.49,0.0
OI0004043,O002065,P00109,1,130.78,0.15
OI0004044,O002065,P00085,1,274.09,0.05
OI0004045,O002065,P00089,2,185.57,0.15
OI0004046,O002066,P00037,1,379.94,0.1
OI0004047,O002066,P00090,1,335.08,0.2
OI0004048,O002067,P00013,1,427.3,0.0
OI0004049,O002067,P00012,1,518.79,0.0
OI0004050,O002067,P00104,1,250.89,0.15
OI0004051,O002067,P00108,1,475.6,0.0
OI0004052,O002068,P00079,2,142.89,0.05
OI0004053,O002068,P00120,1,568.77,0.15
OI0004054,O002068,P00053,2,564.38,0.2
OI0004055,O002068,P00014,2,306.6,0.1
OI0004056,O002069,P00119,1,324.39,0.0
OI0004057,O002069,P00070,2,403.55,0.15
OI0004058,O002070,P00057,1,460.12,0.1
OI0004059,O002071,P00075,4,181.47,0.0
OI0004060,O002071,P00104,1,250.89,0.15
OI0004061,O002072,P00038,1,373.16,0.0
OI0004062,O002072,P00110,2,82.92,0.2
OI0004063,O002072,P00054,1,499.72,0.05
OI0004064,O002072,P00028,1,43.31,0.1
OI0004065,O002073,P00049,1,193.92,0.0
OI0004066,O002073,P00015,2,125.4,0.2
OI0004067,O002074,P00061,1,62.41,0.0
OI0004068,O002074,P00016,3,21.7,0.2
OI0004069,O002075,P00117,1,372.96,0.05
OI0004070,O002075,P00060,1,534.46,0.2
OI0004071,O002076,P00083,2,125.94,0.15
OI0004072,O002077,P00101,1,79.35,0.15
OI0004073,O002078,P00051,1,220.14,0.0
OI0004074,O002079,P00048,1,606.69,0.2
OI0004075,O002080,P00029,2,359.81,0.0
OI0004076,O002080,P00065,1,96.5,0.0
OI0004077,O002081,P00113,1,151.95,0.0
OI0004078,O002081,P00085,3,274.09,0.0
OI0004079,O002082,P00108,4,475.6,0.2
OI0004080,O002083,P00117,2,372.96,0.05
OI0004081,O002083,P00054,1,499.72,0.0
OI0004082,O002083,P00087,1,117.6,0.0
OI0004083,O002083,P00031,1,462.82,0.0
OI0004084,O002083,P00001,3,186.44,0.0
OI0004085,O002084,P00102,4,377.84,0.2
OI0004086,O002084,P00048,2,606.69,0.1
OI0004087,O002084,P00108,1,475.6,0.2
OI0004088,O002085,P00095,1,40.98,0.0
OI0004089,O002085,P00077,1,263.58,0.0
OI0004090,O002086,P00022,3,315.29,0.05
OI0004091,O002086,P00074,1,138.42,0.0
OI0004092,O002087,P00072,3,362.99,0.1
OI0004093,O002087,P00051,1,220.14,0.15
OI0004094,O002087,P00025,1,205.26,0.05
OI0004095,O002088,P00107,1,373.63,0.2
OI0004096,O002088,P00007,1,522.61,0.1
OI0004097,O002089,P00055,4,268.52,0.0
OI0004098,O002090,P00082,2,380.3,0.05
OI0004099,O002091,P00094,2,222.34,0.0
OI0004100,O002091,P00023,1,220.19,0.1
OI0004101,O002091,P00052,2,396.7,0.0
OI0004102,O002092,P00056,1,496.49,0.0
OI0004103,O002093,P00013,1,427.3,0.1
OI0004104,O002093,P00091,2,86.94,0.0
OI0004105,O002093,P00103,1,132.87,0.15
OI0004106,O002093,P00017,1,369.49,0.1
OI0004107,O002094,P00101,2,79.35,0.15
OI0004108,O002094,P00051,1,220.14,0.0
OI0004109,O002094,P00108,4,475.6,0.2
OI0004110,O002094,P00098,2,298.47,0.1
OI0004111,O002095,P00021,2,265.21,0.0
OI0004112,O002095,P00042,1,444.01,0.0
OI0004113,O002096,P00012,1,518.79,0.05
OI0004114,O002096,P00004,1,41.11,0.0
OI0004115,O002097,P00081,3,74.04,0.1
OI0004116,O002097,P00099,2,91.51,0.0
OI0004117,O002098,P00004,3,41.11,0.1
OI0004118,O002099,P00091,2,86.94,0.0
OI0004119,O002099,P00070,1,403.55,0.1
OI0004120,O002100,P00049,3,193.92,0.15
OI0004121,O002100,P00004,2,41.11,0.0
OI0004122,O002100,P00096,3,302.38,0.05
OI0004123,O002101,P00082,3,380.3,0.15
OI0004124,O002102,P00100,1,205.9,0.0
OI0004125,O002102,P00046,2,488.5,0.0
OI0004126,O002103,P00084,1,477.09,0.0
OI0004127,O002103,P00115,1,275.35,0.0
OI0004128,O002104,P00025,1,205.26,0.1
OI0004129,O002105,P00108,1,475.6,0.0
OI0004130,O002106,P00093,4,320.92,0.2
OI0004131,O002107,P00104,1,250.89,0.2
OI0004132,O002107,P00101,4,79.35,0.0
OI0004133,O002107,P00049,2,193.92,0.15
OI0004134,O002108,P00007,1,522.61,0.0
OI0004135,O002108,P00036,1,136.63,0.0
OI0004136,O002109,P00081,1,74.04,0.0
OI0004137,O002110,P00082,1,380.3,0.2
OI0004138,O002110,P00075,2,181.47,0.0
OI0004139,O002111,P00015,2,125.4,0.05
OI0004140,O002112,P00119,4,324.39,0.0
OI0004141,O002112,P00077,1,263.58,0.0
OI0004142,O002113,P00019,2,80.96,0.0
OI0004143,O002113,P00037,2,379.94,0.0
OI0004144,O002113,P00034,2,79.08,0.0
OI0004145,O002113,P00115,1,275.35,0.05
OI0004146,O002114,P00109,1,130.78,0.0
OI0004147,O002114,P00047,1,293.14,0.05
OI0004148,O002114,P00117,1,372.96,0.0
OI0004149,O002114,P00108,1,475.6,0.05
OI0004150,O002115,P00102,3,377.84,0.05
OI0004151,O002115,P00003,1,419.56,0.0
OI0004152,O002116,P00063,1,329.62,0.05
OI0004153,O002116,P00081,1,74.04,0.05
OI0004154,O002116,P00010,1,9.72,0.0
OI0004155,O002116,P00027,2,425.73,0.15
OI0004156,O002116,P00088,1,15.01,0.05
OI0004157,O002117,P00104,1,250.89,0.0
OI0004158,O002117,P00021,1,265.21,0.0
OI0004159,O002118,P00002,1,75.51,0.0
OI0004160,O002118,P00116,1,571.16,0.15
OI0004161,O002119,P00073,1,380.75,0.15
OI0004162,O002120,P00078,1,203.68,0.2
OI0004163,O002121,P00005,1,297.83,0.0
OI0004164,O002121,P00016,1,21.7,0.0
OI0004165,O002122,P00062,1,140.07,0.1
OI0004166,O002123,P00077,1,263.58,0.0
OI0004167,O002123,P00070,1,403.55,0.0
OI0004168,O002124,P00067,1,529.3,0.0
OI0004169,O002124,P00095,2,40.98,0.0
OI0004170,O002124,P00033,1,97.17,0.1
OI0004171,O002125,P00004,2,41.11,0.1
OI0004172,O002126,P00003,1,419.56,0.1
OI0004173,O002126,P00067,2,529.3,0.2
OI0004174,O002127,P00020,4,21.08,0.0
OI0004175,O002127,P00028,2,43.31,0.0
OI0004176,O002127,P00111,3,39.89,0.0
OI0004177,O002128,P00004,1,41.11,0.0
OI0004178,O002129,P00018,1,97.12,0.0
OI0004179,O002130,P00011,2,477.15,0.15
OI0004180,O002130,P00094,1,222.34,0.0
OI0004181,O002131,P00035,1,385.83,0.05
OI0004182,O002131,P00036,1,136.63,0.0
OI0004183,O002132,P00012,1,518.79,0.0
OI0004184,O002133,P00091,2,86.94,0.1
OI0004185,O002134,P00084,1,477.09,0.0
OI0004186,O002135,P00060,1,534.46,0.2
OI0004187,O002135,P00096,1,302.38,0.05
OI0004188,O002136,P00056,1,496.49,0.1
OI0004189,O002137,P00052,3,396.7,0.0
OI0004190,O002137,P00119,2,324.39,0.0
OI0004191,O002137,P00025,1,205.26,0.0
OI0004192,O002138,P00088,1,15.01,0.15
OI0004193,O002138,P00109,1,130.78,0.0
OI0004194,O002139,P00051,2,220.14,0.0
OI0004195,O002140,P00075,2,181.47,0.2
OI0004196,O002140,P00102,2,377.84,0.1
OI0004197,O002141,P00040,1,464.84,0.0
OI0004198,O002142,P00102,2,377.84,0.15
OI0004199,O002142,P00027,2,425.73,0.05
OI0004200,O002143,P00056,2,496.49,0.05
OI0004201,O002144,P00055,2,268.52,0.1
OI0004202,O002145,P00096,3,302.38,0.2
OI0004203,O002145,P00035,1,385.83,0.0
OI0004204,O002146,P00080,1,65.63,0.1
OI0004205,O002146,P00014,1,306.6,0.05
OI0004206,O002147,P00055,2,268.52,0.0
OI0004207,O002148,P00073,1,380.75,0.0
OI0004208,O002149,P00048,2,606.69,0.05
OI0004209,O002149,P00115,1,275.35,0.0
OI0004210,O002149,P00081,1,74.04,0.0
OI0004211,O002149,P00105,1,567.15,0.1
OI0004212,O002149,P00009,2,411.99,0.0
OI0004213,O002150,P00076,2,271.68,0.0
OI0004214,O002150,P00053,1,564.38,0.1
OI0004215,O002151,P00106,1,183.48,0.15
OI0004216,O002151,P00113,1,151.95,0.1
OI0004217,O002152,P00046,1,488.5,0.0
OI0004218,O002152,P00051,1,220.14,0.0
OI0004219,O002153,P00024,1,194.34,0.05
OI0004220,O002153,P00104,1,250.89,0.2
OI0004221,O002153,P00042,2,444.01,0.0
OI0004222,O002154,P00046,2,488.5,0.15
OI0004223,O002154,P00032,1,492.19,0.0
OI0004224,O002154,P00010,1,9.72,0.0
OI0004225,O002154,P00028,1,43.31,0.0
OI0004226,O002155,P00100,1,205.9,0.0
OI0004227,O002155,P00041,3,19.77,0.0
OI0004228,O002156,P00041,1,19.77,0.0
OI0004229,O002156,P00089,2,185.57,0.15
OI0004230,O002157,P00043,2,243.73,0.1
OI0004231,O002157,P00028,3,43.31,0.2
OI0004232,O002157,P00060,4,534.46,0.0
OI0004233,O002158,P00116,2,571.16,0.05
OI0004234,O002158,P00030,2,211.27,0.0
OI0004235,O002158,P00072,2,362.99,0.1
OI0004236,O002158,P00009,1,411.99,0.0
OI0004237,O002159,P00068,1,131.83,0.0
OI0004238,O002160,P00014,1,306.6,0.1
OI0004239,O002161,P00036,3,136.63,0.15
OI0004240,O002162,P00078,1,203.68,0.2
OI0004241,O002162,P00114,1,426.8,0.15
OI0004242,O002162,P00104,2,250.89,0.0
OI0004243,O002163,P00074,3,138.42,0.05
OI0004244,O002163,P00115,4,275.35,0.15
OI0004245,O002163,P00083,4,125.94,0.2
OI0004246,O002164,P00056,1,496.49,0.0
OI0004247,O002165,P00105,1,567.15,0.0
OI0004248,O002165,P00041,2,19.77,0.0
OI0004249,O002165,P00026,1,236.15,0.2
OI0004250,O002166,P00064,1,25.74,0.05
OI0004251,O002166,P00006,1,117.92,0.0
OI0004252,O002166,P00036,1,136.63,0.0
OI0004253,O002167,P00058,1,268.06,0.1
OI0004254,O002167,P00022,3,315.29,0.05
OI0004255,O002167,P00077,2,263.58,0.0
OI0004256,O002167,P00042,2,444.01,0.1
OI0004257,O002168,P00003,2,419.56,0.2
OI0004258,O002168,P00037,1,379.94,0.2
OI0004259,O002168,P00083,1,125.94,0.1
OI0004260,O002169,P00001,2,186.44,0.0
OI0004261,O002169,P00117,1,372.96,0.0
OI0004262,O002169,P00060,2,534.46,0.2
OI0004263,O002170,P00052,1,396.7,0.0
OI0004264,O002171,P00115,1,275.35,0.1
OI0004265,O002171,P00069,1,452.65,0.0
OI0004266,O002172,P00044,1,52.37,0.0
OI0004267,O002172,P00083,1,125.94,0.0
OI0004268,O002173,P00061,1,62.41,0.0
OI0004269,O002174,P00107,1,373.63,0.2
OI0004270,O002175,P00054,1,499.72,0.15
OI0004271,O002176,P00039,1,78.36,0.2
OI0004272,O002176,P00036,1,136.63,0.0
OI0004273,O002176,P00041,1,19.77,0.05
OI0004274,O002177,P00011,2,477.15,0.1
OI0004275,O002178,P00100,1,205.9,0.0
OI0004276,O002179,P00064,1,25.74,0.1
OI0004277,O002180,P00007,2,522.61,0.05
OI0004278,O002181,P00039,1,78.36,0.15
OI0004279,O002182,P00059,2,377.25,0.2
OI0004280,O002182,P00064,2,25.74,0.15
OI0004281,O002183,P00117,1,372.96,0.0
OI0004282,O002184,P00108,2,475.6,0.0
OI0004283,O002185,P00080,1,65.63,0.0
OI0004284,O002185,P00014,2,306.6,0.0
OI0004285,O002186,P00007,1,522.61,0.0
OI0004286,O002186,P00106,3,183.48,0.0
OI0004287,O002187,P00014,1,306.6,0.15
OI0004288,O002187,P00042,3,444.01,0.15
OI0004289,O002187,P00111,1,39.89,0.05
OI0004290,O002188,P00029,2,359.81,0.0
OI0004291,O002188,P00022,1,315.29,0.0
OI0004292,O002189,P00093,3,320.92,0.2
OI0004293,O002190,P00048,1,606.69,0.2
OI0004294,O002191,P00116,3,571.16,0.1
OI0004295,O002192,P00001,1,186.44,0.0
OI0004296,O002192,P00120,3,568.77,0.0
OI0004297,O002192,P00089,1,185.57,0.2
OI0004298,O002192,P00112,4,264.71,0.0
OI0004299,O002193,P00015,1,125.4,0.0
OI0004300,O002193,P00007,1,522.61,0.0
OI0004301,O002194,P00034,1,79.08,0.0
OI0004302,O002195,P00089,1,185.57,0.2
OI0004303,O002195,P00079,4,142.89,0.05
OI0004304,O002195,P00102,2,377.84,0.0
OI0004305,O002196,P00090,1,335.08,0.0
OI0004306,O002196,P00022,3,315.29,0.1
OI0004307,O002197,P00059,3,377.25,0.0
OI0004308,O002197,P00016,4,21.7,0.0
OI0004309,O002198,P00111,1,39.89,0.0
OI0004310,O002199,P00097,3,193.82,0.2
OI0004311,O002199,P00075,1,181.47,0.05
OI0004312,O002199,P00114,1,426.8,0.15
OI0004313,O002200,P00058,1,268.06,0.0
OI0004314,O002200,P00086,1,55.76,0.1
OI0004315,O002201,P00068,1,131.83,0.1
OI0004316,O002201,P00031,1,462.82,0.05
OI0004317,O002202,P00085,2,274.09,0.2
OI0004318,O002202,P00063,3,329.62,0.15
OI0004319,O002202,P00036,2,136.63,0.05
OI0004320,O002202,P00042,1,444.01,0.0
OI0004321,O002203,P00012,3,518.79,0.0
OI0004322,O002203,P00034,3,79.08,0.15
OI0004323,O002203,P00099,2,91.51,0.0
OI0004324,O002204,P00046,1,488.5,0.1
OI0004325,O002205,P00107,4,373.63,0.2
OI0004326,O002206,P00032,3,492.19,0.15
OI0004327,O002206,P00085,1,274.09,0.15
OI0004328,O002207,P00110,1,82.92,0.15
OI0004329,O002207,P00027,1,425.73,0.0
OI0004330,O002208,P00010,2,9.72,0.05
OI0004331,O002209,P00008,2,441.52,0.0
OI0004332,O002210,P00002,2,75.51,0.15
OI0004333,O002211,P00028,2,43.31,0.05
OI0004334,O002212,P00105,2,567.15,0.05
OI0004335,O002213,P00025,2,205.26,0.05
OI0004336,O002214,P00014,1,306.6,0.1
OI0004337,O002214,P00044,1,52.37,0.2
OI0004338,O002214,P00027,2,425.73,0.1
OI0004339,O002214,P00105,2,567.15,0.1
OI0004340,O002215,P00110,1,82.92,0.0
OI0004341,O002216,P00098,1,298.47,0.0
OI0004342,O002217,P00091,2,86.94,0.05
OI0004343,O002218,P00084,1,477.09,0.2
OI0004344,O002218,P00020,3,21.08,0.1
OI0004345,O002219,P00014,2,306.6,0.0
OI0004346,O002220,P00029,1,359.81,0.05
OI0004347,O002220,P00118,1,509.33,0.05
OI0004348,O002220,P00047,4,293.14,0.2
OI0004349,O002221,P00080,1,65.63,0.0
OI0004350,O002221,P00066,1,422.64,0.0
OI0004351,O002221,P00026,1,236.15,0.0
OI0004352,O002221,P00100,1,205.9,0.05
OI0004353,O002221,P00052,1,396.7,0.0
OI0004354,O002222,P00088,3,15.01,0.2
OI0004355,O002222,P00040,1,464.84,0.1
OI0004356,O002223,P00083,1,125.94,0.05
OI0004357,O002223,P00014,1,306.6,0.0
OI0004358,O002223,P00019,1,80.96,0.15
OI0004359,O002224,P00015,1,125.4,0.0
OI0004360,O002225,P00003,1,419.56,0.0
OI0004361,O002225,P00115,2,275.35,0.0
OI0004362,O002225,P00059,1,377.25,0.0
OI0004363,O002226,P00061,1,62.41,0.15
OI0004364,O002227,P00068,1,131.83,0.0
OI0004365,O002227,P00058,2,268.06,0.0
OI0004366,O002227,P00046,3,488.5,0.1
OI0004367,O002228,P00011,1,477.15,0.0
OI0004368,O002228,P00046,2,488.5,0.0
OI0004369,O002228,P00056,1,496.49,0.05
OI0004370,O002229,P00065,1,96.5,0.1
OI0004371,O002229,P00056,1,496.49,0.0
OI0004372,O002230,P00007,1,522.61,0.0
OI0004373,O002230,P00057,1,460.12,0.0
OI0004374,O002231,P00013,3,427.3,0.05
OI0004375,O002231,P00007,1,522.61,0.15
OI0004376,O002231,P00084,1,477.09,0.05
OI0004377,O002232,P00025,1,205.26,0.0
OI0004378,O002232,P00038,4,373.16,0.05
OI0004379,O002233,P00023,1,220.19,0.0
OI0004380,O002233,P00077,1,263.58,0.1
OI0004381,O002234,P00078,2,203.68,0.1
OI0004382,O002234,P00064,1,25.74,0.05
OI0004383,O002235,P00014,1,306.6,0.15
OI0004384,O002236,P00007,1,522.61,0.15
OI0004385,O002237,P00032,2,492.19,0.0
OI0004386,O002238,P00029,3,359.81,0.0
OI0004387,O002239,P00007,1,522.61,0.0
OI0004388,O002240,P00074,1,138.42,0.0
OI0004389,O002240,P00035,3,385.83,0.0
OI0004390,O002241,P00069,1,452.65,0.0
OI0004391,O002242,P00036,1,136.63,0.15
OI0004392,O002242,P00029,1,359.81,0.15
OI0004393,O002242,P00113,1,151.95,0.05
OI0004394,O002242,P00080,1,65.63,0.05
OI0004395,O002243,P00051,1,220.14,0.0
OI0004396,O002244,P00029,3,359.81,0.15
OI0004397,O002244,P00094,1,222.34,0.0
OI0004398,O002244,P00106,1,183.48,0.05
OI0004399,O002245,P00027,1,425.73,0.0
OI0004400,O002246,P00101,2,79.35,0.0
OI0004401,O002247,P00045,1,303.55,0.0
OI0004402,O002247,P00082,2,380.3,0.15
OI0004403,O002248,P00077,1,263.58,0.0
OI0004404,O002249,P00094,1,222.34,0.0
OI0004405,O002250,P00013,1,427.3,0.1
OI0004406,O002250,P00024,1,194.34,0.15
OI0004407,O002251,P00080,1,65.63,0.15
OI0004408,O002251,P00062,1,140.07,0.0
OI0004409,O002251,P00095,1,40.98,0.0
OI0004410,O002251,P00040,1,464.84,0.0
OI0004411,O002251,P00110,4,82.92,0.15
OI0004412,O002252,P00009,3,411.99,0.0
OI0004413,O002252,P00022,1,315.29,0.0
OI0004414,O002253,P00116,1,571.16,0.05
OI0004415,O002254,P00019,1,80.96,0.15
OI0004416,O002254,P00002,3,75.51,0.05
OI0004417,O002255,P00055,1,268.52,0.0
OI0004418,O002256,P00003,2,419.56,0.0
OI0004419,O002256,P00023,1,220.19,0.0
OI0004420,O002257,P00022,1,315.29,0.15
OI0004421,O002258,P00098,2,298.47,0.0
OI0004422,O002258,P00110,2,82.92,0.1
OI0004423,O002259,P00046,4,488.5,0.05
OI0004424,O002260,P00075,1,181.47,0.2
OI0004425,O002260,P00001,1,186.44,0.0
OI0004426,O002260,P00063,1,329.62,0.05
OI0004427,O002261,P00015,3,125.4,0.2
OI0004428,O002261,P00006,2,117.92,0.0
OI0004429,O002262,P00073,1,380.75,0.2
OI0004430,O002262,P00088,1,15.01,0.0
OI0004431,O002262,P00038,1,373.16,0.1
OI0004432,O002263,P00065,2,96.5,0.0
OI0004433,O002264,P00097,2,193.82,0.0
OI0004434,O002265,P00100,2,205.9,0.0
OI0004435,O002265,P00013,1,427.3,0.0
OI0004436,O002266,P00103,4,132.87,0.05
OI0004437,O002266,P00095,3,40.98,0.05
OI0004438,O002266,P00043,2,243.73,0.15
OI0004439,O002267,P00045,1,303.55,0.0
OI0004440,O002267,P00070,2,403.55,0.15
OI0004441,O002268,P00063,2,329.62,0.0
OI0004442,O002268,P00033,2,97.17,0.05
OI0004443,O002269,P00002,1,75.51,0.2
OI0004444,O002270,P00046,1,488.5,0.15
OI0004445,O002270,P00039,1,78.36,0.0
OI0004446,O002271,P00115,1,275.35,0.1
OI0004447,O002272,P00100,1,205.9,0.2
OI0004448,O002272,P00085,1,274.09,0.2
OI0004449,O002272,P00110,1,82.92,0.1
OI0004450,O002273,P00062,1,140.07,0.0
OI0004451,O002274,P00035,3,385.83,0.15
OI0004452,O002275,P00067,2,529.3,0.15
OI0004453,O002276,P00082,4,380.3,0.05
OI0004454,O002276,P00003,1,419.56,0.2
OI0004455,O002276,P00019,1,80.96,0.0
OI0004456,O002277,P00085,1,274.09,0.0
OI0004457,O002278,P00046,2,488.5,0.05
OI0004458,O002279,P00004,1,41.11,0.0
OI0004459,O002280,P00074,4,138.42,0.15
OI0004460,O002280,P00095,2,40.98,0.05
OI0004461,O002281,P00047,1,293.14,0.0
OI0004462,O002282,P00096,2,302.38,0.0
OI0004463,O002283,P00025,2,205.26,0.05
OI0004464,O002283,P00118,1,509.33,0.15
OI0004465,O002284,P00014,2,306.6,0.15
OI0004466,O002284,P00036,4,136.63,0.15
OI0004467,O002284,P00113,1,151.95,0.1
OI0004468,O002285,P00116,1,571.16,0.05
OI0004469,O002286,P00113,2,151.95,0.1
OI0004470,O002287,P00023,1,220.19,0.15
OI0004471,O002287,P00034,1,79.08,0.0
OI0004472,O002288,P00114,3,426.8,0.0
OI0004473,O002289,P00051,1,220.14,0.1
OI0004474,O002290,P00054,1,499.72,0.0
OI0004475,O002291,P00040,3,464.84,0.0
OI0004476,O002291,P00025,1,205.26,0.1
OI0004477,O002292,P00067,1,529.3,0.0
OI0004478,O002292,P00090,4,335.08,0.2
OI0004479,O002293,P00079,1,142.89,0.0
OI0004480,O002294,P00056,1,496.49,0.05
OI0004481,O002294,P00102,1,377.84,0.1
OI0004482,O002295,P00102,2,377.84,0.0
OI0004483,O002295,P00045,1,303.55,0.0
OI0004484,O002296,P00002,1,75.51,0.15
OI0004485,O002296,P00064,2,25.74,0.0
OI0004486,O002297,P00060,2,534.46,0.0
OI0004487,O002297,P00088,1,15.01,0.1
OI0004488,O002298,P00038,1,373.16,0.1
OI0004489,O002299,P00072,2,362.99,0.15
OI0004490,O002300,P00021,1,265.21,0.0
OI0004491,O002301,P00063,1,329.62,0.0
OI0004492,O002302,P00009,1,411.99,0.0
OI0004493,O002302,P00103,2,132.87,0.0
OI0004494,O002303,P00059,3,377.25,0.0
OI0004495,O002304,P00028,2,43.31,0.0
OI0004496,O002304,P00037,3,379.94,0.05
OI0004497,O002304,P00106,1,183.48,0.0
OI0004498,O002304,P00076,3,271.68,0.0
OI0004499,O002304,P00016,2,21.7,0.05
OI0004500,O002305,P00046,2,488.5,0.0
OI0004501,O002305,P00085,2,274.09,0.0
OI0004502,O002305,P00107,1,373.63,0.0
OI0004503,O002305,P00001,1,186.44,0.0
OI0004504,O002305,P00007,1,522.61,0.2
OI0004505,O002306,P00110,1,82.92,0.2
OI0004506,O002306,P00065,1,96.5,0.1
OI0004507,O002306,P00086,1,55.76,0.0
OI0004508,O002307,P00012,3,518.79,0.15
OI0004509,O002308,P00035,1,385.83,0.0
OI0004510,O002308,P00019,1,80.96,0.05
OI0004511,O002308,P00094,1,222.34,0.1
OI0004512,O002309,P00118,1,509.33,0.0
OI0004513,O002310,P00038,1,373.16,0.0
OI0004514,O002311,P00005,2,297.83,0.05
OI0004515,O002312,P00120,1,568.77,0.0
OI0004516,O002313,P00032,4,492.19,0.2
OI0004517,O002314,P00087,1,117.6,0.05
OI0004518,O002314,P00082,1,380.3,0.05
OI0004519,O002315,P00052,2,396.7,0.0
OI0004520,O002315,P00116,2,571.16,0.0
OI0004521,O002315,P00013,1,427.3,0.1
OI0004522,O002316,P00040,2,464.84,0.1
OI0004523,O002316,P00023,1,220.19,0.05
OI0004524,O002317,P00087,1,117.6,0.2
OI0004525,O002317,P00113,1,151.95,0.1
OI0004526,O002317,P00042,3,444.01,0.0
OI0004527,O002318,P00088,1,15.01,0.0
OI0004528,O002318,P00099,1,91.51,0.0
OI0004529,O002319,P00018,1,97.12,0.0
OI0004530,O002319,P00054,1,499.72,0.0
OI0004531,O002319,P00071,1,455.29,0.0
OI0004532,O002320,P00011,3,477.15,0.15
OI0004533,O002320,P00039,1,78.36,0.05
OI0004534,O002320,P00073,1,380.75,0.1
OI0004535,O002320,P00119,1,324.39,0.0
OI0004536,O002321,P00049,2,193.92,0.2
OI0004537,O002322,P00113,1,151.95,0.2
OI0004538,O002323,P00056,1,496.49,0.0
OI0004539,O002323,P00013,1,427.3,0.1
OI0004540,O002324,P00057,2,460.12,0.0
OI0004541,O002324,P00089,1,185.57,0.1
OI0004542,O002325,P00120,1,568.77,0.15
OI0004543,O002326,P00092,1,315.53,0.05
OI0004544,O002326,P00046,4,488.5,0.05
OI0004545,O002326,P00060,2,534.46,0.0
OI0004546,O002326,P00055,2,268.52,0.1
OI0004547,O002326,P00054,1,499.72,0.0
OI0004548,O002327,P00099,1,91.51,0.05
OI0004549,O002328,P00012,4,518.79,0.2
OI0004550,O002329,P00018,1,97.12,0.1
OI0004551,O002330,P00117,2,372.96,0.0
OI0004552,O002331,P00101,1,79.35,0.0
OI0004553,O002332,P00075,2,181.47,0.1
OI0004554,O002333,P00048,1,606.69,0.0
OI0004555,O002334,P00080,4,65.63,0.1
OI0004556,O002335,P00116,2,571.16,0.0
OI0004557,O002335,P00073,2,380.75,0.0
OI0004558,O002336,P00097,1,193.82,0.2
OI0004559,O002337,P00051,1,220.14,0.0
OI0004560,O002338,P00052,1,396.7,0.0
OI0004561,O002338,P00086,1,55.76,0.05
OI0004562,O002339,P00104,2,250.89,0.2
OI0004563,O002340,P00112,1,264.71,0.05
OI0004564,O002340,P00067,1,529.3,0.2
OI0004565,O002341,P00007,2,522.61,0.0
OI0004566,O002341,P00011,4,477.15,0.2
OI0004567,O002341,P00008,1,441.52,0.15
OI0004568,O002342,P00014,1,306.6,0.1
OI0004569,O002342,P00043,2,243.73,0.0
OI0004570,O002343,P00106,1,183.48,0.0
OI0004571,O002344,P00073,2,380.75,0.05
OI0004572,O002345,P00089,2,185.57,0.2
OI0004573,O002345,P00043,3,243.73,0.0
OI0004574,O002346,P00016,1,21.7,0.1
OI0004575,O002346,P00095,4,40.98,0.15
OI0004576,O002347,P00066,1,422.64,0.15
OI0004577,O002347,P00095,4,40.98,0.0
OI0004578,O002348,P00090,1,335.08,0.0
OI0004579,O002349,P00067,1,529.3,0.0
OI0004580,O002350,P00072,1,362.99,0.05
OI0004581,O002350,P00095,1,40.98,0.0
OI0004582,O002351,P00029,1,359.81,0.15
OI0004583,O002351,P00115,1,275.35,0.2
OI0004584,O002351,P00087,1,117.6,0.0
OI0004585,O002352,P00039,2,78.36,0.15
OI0004586,O002352,P00081,3,74.04,0.0
OI0004587,O002352,P00040,1,464.84,0.2
OI0004588,O002353,P00063,1,329.62,0.1
OI0004589,O002354,P00089,1,185.57,0.0
OI0004590,O002355,P00015,1,125.4,0.0
OI0004591,O002355,P00009,4,411.99,0.1
OI0004592,O002355,P00001,1,186.44,0.0
OI0004593,O002355,P00020,3,21.08,0.0
OI0004594,O002355,P00078,1,203.68,0.0
OI0004595,O002356,P00014,1,306.6,0.1
OI0004596,O002356,P00061,3,62.41,0.05
OI0004597,O002356,P00004,1,41.11,0.05
OI0004598,O002356,P00107,1,373.63,0.0
OI0004599,O002357,P00119,1,324.39,0.0
OI0004600,O002357,P00016,2,21.7,0.05
OI0004601,O002358,P00062,2,140.07,0.2
OI0004602,O002358,P00024,2,194.34,0.1
OI0004603,O002358,P00105,1,567.15,0.0
OI0004604,O002358,P00031,2,462.82,0.2
OI0004605,O002358,P00108,1,475.6,0.1
OI0004606,O002359,P00088,1,15.01,0.15
OI0004607,O002359,P00057,2,460.12,0.1
OI0004608,O002359,P00110,1,82.92,0.0
OI0004609,O002360,P00056,1,496.49,0.0
OI0004610,O002361,P00082,1,380.3,0.0
OI0004611,O002362,P00024,2,194.34,0.0
OI0004612,O002363,P00105,3,567.15,0.15
OI0004613,O002364,P00085,1,274.09,0.0
OI0004614,O002365,P00022,1,315.29,0.15
OI0004615,O002365,P00066,1,422.64,0.15
OI0004616,O002366,P00070,1,403.55,0.05
OI0004617,O002366,P00026,2,236.15,0.05
OI0004618,O002367,P00038,1,373.16,0.0
OI0004619,O002367,P00086,2,55.76,0.1
OI0004620,O002368,P00064,1,25.74,0.15
OI0004621,O002368,P00048,2,606.69,0.0
OI0004622,O002369,P00051,1,220.14,0.0
OI0004623,O002369,P00050,1,212.38,0.05
OI0004624,O002369,P00090,3,335.08,0.05
OI0004625,O002369,P00103,1,132.87,0.2
OI0004626,O002370,P00055,1,268.52,0.0
OI0004627,O002371,P00004,3,41.11,0.05
OI0004628,O002371,P00037,2,379.94,0.0
OI0004629,O002372,P00073,1,380.75,0.0
OI0004630,O002372,P00050,1,212.38,0.0
OI0004631,O002372,P00002,2,75.51,0.15
OI0004632,O002372,P00075,4,181.47,0.15
OI0004633,O002373,P00115,1,275.35,0.1
OI0004634,O002373,P00085,1,274.09,0.05
OI0004635,O002374,P00006,1,117.92,0.0
OI0004636,O002375,P00018,3,97.12,0.05
OI0004637,O002376,P00113,2,151.95,0.05
OI0004638,O002376,P00093,1,320.92,0.0
OI0004639,O002377,P00002,1,75.51,0.0
OI0004640,O002378,P00046,1,488.5,0.2
OI0004641,O002378,P00065,3,96.5,0.1
OI0004642,O002378,P00110,2,82.92,0.0
OI0004643,O002379,P00045,1,303.55,0.15
OI0004644,O002380,P00068,1,131.83,0.1
OI0004645,O002380,P00050,1,212.38,0.0
OI0004646,O002381,P00023,1,220.19,0.15
OI0004647,O002382,P00020,1,21.08,0.1
OI0004648,O002382,P00046,1,488.5,0.0
OI0004649,O002382,P00084,1,477.09,0.05
OI0004650,O002382,P00093,2,320.92,0.15
OI0004651,O002383,P00110,3,82.92,0.0
OI0004652,O002383,P00101,2,79.35,0.0
OI0004653,O002384,P00101,1,79.35,0.15
OI0004654,O002384,P00098,1,298.47,0.0
OI0004655,O002385,P00119,2,324.39,0.0
OI0004656,O002385,P00051,4,220.14,0.2
OI0004657,O002386,P00083,1,125.94,0.05
OI0004658,O002386,P00062,1,140.07,0.05
OI0004659,O002387,P00078,1,203.68,0.15
OI0004660,O002388,P00024,1,194.34,0.1
OI0004661,O002389,P00091,2,86.94,0.1
OI0004662,O002390,P00100,1,205.9,0.1
OI0004663,O002390,P00085,1,274.09,0.0
OI0004664,O002391,P00017,4,369.49,0.15
OI0004665,O002392,P00042,3,444.01,0.1
OI0004666,O002393,P00075,1,181.47,0.0
OI0004667,O002394,P00075,1,181.47,0.1
OI0004668,O002395,P00107,2,373.63,0.05
OI0004669,O002396,P00009,1,411.99,0.0
OI0004670,O002397,P00004,1,41.11,0.2
OI0004671,O002398,P00094,3,222.34,0.15
OI0004672,O002398,P00021,1,265.21,0.0
OI0004673,O002398,P00030,1,211.27,0.05
OI0004674,O002398,P00013,1,427.3,0.15
OI0004675,O002399,P00061,1,62.41,0.2
OI0004676,O002399,P00042,2,444.01,0.2
OI0004677,O002399,P00098,1,298.47,0.15
OI0004678,O002399,P00030,4,211.27,0.2
OI0004679,O002400,P00031,1,462.82,0.0
OI0004680,O002401,P00116,4,571.16,0.0
OI0004681,O002401,P00113,4,151.95,0.15
OI0004682,O002402,P00115,2,275.35,0.2
OI0004683,O002402,P00050,1,212.38,0.05
OI0004684,O002403,P00119,3,324.39,0.1
OI0004685,O002403,P00009,1,411.99,0.0
OI0004686,O002403,P00008,2,441.52,0.0
OI0004687,O002404,P00005,1,297.83,0.15
OI0004688,O002404,P00109,3,130.78,0.0
OI0004689,O002405,P00057,1,460.12,0.2
OI0004690,O002406,P00048,1,606.69,0.15
OI0004691,O002406,P00078,1,203.68,0.2
OI0004692,O002407,P00004,2,41.11,0.0
OI0004693,O002407,P00119,3,324.39,0.15
OI0004694,O002407,P00023,1,220.19,0.05
OI0004695,O002407,P00042,3,444.01,0.05
OI0004696,O002408,P00018,1,97.12,0.1
OI0004697,O002408,P00082,2,380.3,0.1
OI0004698,O002409,P00026,1,236.15,0.15
OI0004699,O002409,P00033,1,97.17,0.0
OI0004700,O002409,P00063,3,329.62,0.0
OI0004701,O002409,P00057,1,460.12,0.0
OI0004702,O002410,P00095,1,40.98,0.05
OI0004703,O002410,P00021,1,265.21,0.2
OI0004704,O002411,P00068,1,131.83,0.2
OI0004705,O002411,P00104,2,250.89,0.0
OI0004706,O002412,P00012,1,518.79,0.1
OI0004707,O002413,P00004,1,41.11,0.15
OI0004708,O002413,P00081,1,74.04,0.0
OI0004709,O002414,P00027,3,425.73,0.0
OI0004710,O002414,P00005,3,297.83,0.0
OI0004711,O002414,P00104,1,250.89,0.0
OI0004712,O002415,P00100,3,205.9,0.1
OI0004713,O002415,P00053,1,564.38,0.2
OI0004714,O002415,P00073,1,380.75,0.0
OI0004715,O002416,P00044,1,52.37,0.0
OI0004716,O002417,P00088,1,15.01,0.1
OI0004717,O002417,P00094,2,222.34,0.05
OI0004718,O002417,P00117,1,372.96,0.0
OI0004719,O002417,P00083,1,125.94,0.2
OI0004720,O002418,P00027,4,425.73,0.2
OI0004721,O002418,P00074,1,138.42,0.05
OI0004722,O002419,P00065,1,96.5,0.1
OI0004723,O002419,P00046,2,488.5,0.2
OI0004724,O002419,P00080,2,65.63,0.0
OI0004725,O002420,P00103,1,132.87,0.05
OI0004726,O002420,P00009,1,411.99,0.15
OI0004727,O002420,P00057,1,460.12,0.05
OI0004728,O002421,P00112,1,264.71,0.0
OI0004729,O002421,P00010,1,9.72,0.2
OI0004730,O002421,P00073,1,380.75,0.1
OI0004731,O002421,P00011,1,477.15,0.0
OI0004732,O002422,P00013,3,427.3,0.0
OI0004733,O002422,P00016,1,21.7,0.0
OI0004734,O002422,P00064,3,25.74,0.1
OI0004735,O002423,P00070,1,403.55,0.0
OI0004736,O002423,P00043,3,243.73,0.0
OI0004737,O002424,P00106,1,183.48,0.2
OI0004738,O002424,P00038,2,373.16,0.0
OI0004739,O002425,P00050,1,212.38,0.15
OI0004740,O002426,P00046,2,488.5,0.2
OI0004741,O002426,P00009,2,411.99,0.2
OI0004742,O002427,P00021,4,265.21,0.0
OI0004743,O002428,P00010,1,9.72,0.1
OI0004744,O002429,P00074,1,138.42,0.0
OI0004745,O002430,P00110,2,82.92,0.1
OI0004746,O002431,P00120,4,568.77,0.0
OI0004747,O002431,P00079,2,142.89,0.05
OI0004748,O002431,P00065,1,96.5,0.1
OI0004749,O002432,P00008,2,441.52,0.15
OI0004750,O002432,P00070,1,403.55,0.0
OI0004751,O002433,P00075,1,181.47,0.0
OI0004752,O002433,P00061,1,62.41,0.15
OI0004753,O002433,P00120,1,568.77,0.0
OI0004754,O002434,P00005,2,297.83,0.05
OI0004755,O002434,P00044,1,52.37,0.0
OI0004756,O002435,P00026,3,236.15,0.2
OI0004757,O002435,P00043,4,243.73,0.0
OI0004758,O002436,P00018,1,97.12,0.0
OI0004759,O002437,P00071,1,455.29,0.15
OI0004760,O002437,P00105,1,567.15,0.0
OI0004761,O002438,P00119,2,324.39,0.2
OI0004762,O002439,P00085,1,274.09,0.0
OI0004763,O002439,P00117,1,372.96,0.0
OI0004764,O002439,P00113,1,151.95,0.05
OI0004765,O002440,P00010,1,9.72,0.2
OI0004766,O002441,P00073,1,380.75,0.1
OI0004767,O002442,P00090,2,335.08,0.2
OI0004768,O002443,P00098,1,298.47,0.0
OI0004769,O002443,P00104,1,250.89,0.0
OI0004770,O002444,P00010,2,9.72,0.05
OI0004771,O002445,P00077,1,263.58,0.15
OI0004772,O002446,P00079,2,142.89,0.0
OI0004773,O002446,P00119,1,324.39,0.1
OI0004774,O002447,P00062,3,140.07,0.0
OI0004775,O002447,P00017,3,369.49,0.15
OI0004776,O002448,P00006,2,117.92,0.0
OI0004777,O002449,P00005,4,297.83,0.1
OI0004778,O002449,P00064,1,25.74,0.0
OI0004779,O002450,P00084,2,477.09,0.05
OI0004780,O002450,P00045,1,303.55,0.0
OI0004781,O002450,P00056,2,496.49,0.2
OI0004782,O002451,P00109,1,130.78,0.0
OI0004783,O002452,P00003,3,419.56,0.0
OI0004784,O002453,P00004,2,41.11,0.2
OI0004785,O002453,P00100,2,205.9,0.2
OI0004786,O002454,P00026,1,236.15,0.1
OI0004787,O002455,P00078,4,203.68,0.05
OI0004788,O002455,P00111,1,39.89,0.15
OI0004789,O002456,P00088,1,15.01,0.15
OI0004790,O002457,P00003,1,419.56,0.1
OI0004791,O002458,P00062,1,140.07,0.05
OI0004792,O002458,P00007,1,522.61,0.2
OI0004793,O002459,P00049,4,193.92,0.05
OI0004794,O002459,P00090,1,335.08,0.15
OI0004795,O002459,P00017,2,369.49,0.05
OI0004796,O002460,P00071,3,455.29,0.0
OI0004797,O002461,P00015,2,125.4,0.0
OI0004798,O002461,P00057,1,460.12,0.1
OI0004799,O002462,P00116,1,571.16,0.0
OI0004800,O002462,P00048,1,606.69,0.0
OI0004801,O002463,P00044,1,52.37,0.05
OI0004802,O002464,P00118,1,509.33,0.0
OI0004803,O002464,P00008,1,441.52,0.0
OI0004804,O002465,P00012,1,518.79,0.1
OI0004805,O002466,P00002,1,75.51,0.05
OI0004806,O002466,P00030,1,211.27,0.15
OI0004807,O002467,P00097,2,193.82,0.2
OI0004808,O002468,P00102,4,377.84,0.1
OI0004809,O002468,P00069,1,452.65,0.0
OI0004810,O002469,P00103,1,132.87,0.2
OI0004811,O002469,P00002,1,75.51,0.15
OI0004812,O002470,P00032,1,492.19,0.0
OI0004813,O002470,P00105,1,567.15,0.0
OI0004814,O002471,P00008,1,441.52,0.0
OI0004815,O002472,P00057,2,460.12,0.0
OI0004816,O002473,P00037,1,379.94,0.0
OI0004817,O002473,P00006,1,117.92,0.1
OI0004818,O002473,P00041,1,19.77,0.15
OI0004819,O002474,P00114,2,426.8,0.0
OI0004820,O002475,P00038,1,373.16,0.1
OI0004821,O002475,P00017,1,369.49,0.05
OI0004822,O002476,P00062,1,140.07,0.15
OI0004823,O002476,P00085,1,274.09,0.0
OI0004824,O002476,P00016,2,21.7,0.0
OI0004825,O002477,P00033,1,97.17,0.0
OI0004826,O002477,P00070,3,403.55,0.05
OI0004827,O002478,P00091,2,86.94,0.15
OI0004828,O002479,P00105,2,567.15,0.0
OI0004829,O002480,P00115,1,275.35,0.0
OI0004830,O002480,P00118,2,509.33,0.05
OI0004831,O002480,P00110,2,82.92,0.15
OI0004832,O002481,P00039,2,78.36,0.0
OI0004833,O002482,P00100,1,205.9,0.15
OI0004834,O002482,P00071,1,455.29,0.0
OI0004835,O002482,P00038,1,373.16,0.1
OI0004836,O002482,P00112,1,264.71,0.0
OI0004837,O002483,P00041,1,19.77,0.15
OI0004838,O002484,P00070,1,403.55,0.1
OI0004839,O002485,P00014,1,306.6,0.0
OI0004840,O002486,P00045,2,303.55,0.05
OI0004841,O002486,P00116,1,571.16,0.15
OI0004842,O002487,P00080,1,65.63,0.05
OI0004843,O002488,P00036,1,136.63,0.0
OI0004844,O002489,P00027,1,425.73,0.0
OI0004845,O002489,P00117,3,372.96,0.2
OI0004846,O002490,P00067,1,529.3,0.0
OI0004847,O002490,P00030,2,211.27,0.15
OI0004848,O002491,P00071,2,455.29,0.0
OI0004849,O002491,P00027,3,425.73,0.0
OI0004850,O002492,P00093,2,320.92,0.2
OI0004851,O002493,P00101,2,79.35,0.0
OI0004852,O002494,P00005,1,297.83,0.0
OI0004853,O002495,P00090,1,335.08,0.15
OI0004854,O002495,P00057,1,460.12,0.2
OI0004855,O002496,P00059,2,377.25,0.0
OI0004856,O002497,P00003,2,419.56,0.0
OI0004857,O002497,P00064,2,25.74,0.0
OI0004858,O002497,P00108,1,475.6,0.0
OI0004859,O002498,P00076,1,271.68,0.05
OI0004860,O002499,P00039,1,78.36,0.0
OI0004861,O002499,P00106,1,183.48,0.0
OI0004862,O002500,P00036,2,136.63,0.1
OI0004863,O002500,P00110,1,82.92,0.05
OI0004864,O002501,P00064,2,25.74,0.05
OI0004865,O002501,P00003,2,419.56,0.05
OI0004866,O002501,P00111,4,39.89,0.05
OI0004867,O002502,P00006,2,117.92,0.0
OI0004868,O002503,P00027,1,425.73,0.15
OI0004869,O002503,P00049,2,193.92,0.05
OI0004870,O002503,P00024,1,194.34,0.1
OI0004871,O002504,P00007,1,522.61,0.0
OI0004872,O002504,P00085,4,274.09,0.0
OI0004873,O002505,P00070,3,403.55,0.0
OI0004874,O002505,P00098,2,298.47,0.1
OI0004875,O002505,P00045,1,303.55,0.2
OI0004876,O002506,P00115,3,275.35,0.0
OI0004877,O002507,P00119,1,324.39,0.2
OI0004878,O002508,P00117,1,372.96,0.2
OI0004879,O002508,P00034,2,79.08,0.2
OI0004880,O002509,P00076,2,271.68,0.2
OI0004881,O002509,P00028,3,43.31,0.0
OI0004882,O002510,P00044,1,52.37,0.15
OI0004883,O002511,P00107,4,373.63,0.1
OI0004884,O002512,P00056,1,496.49,0.2
OI0004885,O002513,P00055,1,268.52,0.15
OI0004886,O002513,P00101,4,79.35,0.15
OI0004887,O002514,P00097,1,193.82,0.0
OI0004888,O002514,P00008,2,441.52,0.1
OI0004889,O002514,P00104,1,250.89,0.05
OI0004890,O002515,P00093,2,320.92,0.15
OI0004891,O002515,P00120,1,568.77,0.0
OI0004892,O002516,P00110,3,82.92,0.1
OI0004893,O002517,P00060,2,534.46,0.05
OI0004894,O002518,P00074,1,138.42,0.15
OI0004895,O002519,P00073,1,380.75,0.0
OI0004896,O002519,P00099,2,91.51,0.0
OI0004897,O002519,P00067,1,529.3,0.05
OI0004898,O002520,P00060,3,534.46,0.15
OI0004899,O002521,P00119,3,324.39,0.0
OI0004900,O002521,P00031,3,462.82,0.0
OI0004901,O002522,P00036,3,136.63,0.0
OI0004902,O002522,P00103,1,132.87,0.2
OI0004903,O002522,P00088,3,15.01,0.1
OI0004904,O002522,P00011,1,477.15,0.0
OI0004905,O002523,P00044,1,52.37,0.1
OI0004906,O002524,P00051,2,220.14,0.0
OI0004907,O002525,P00079,1,142.89,0.0
OI0004908,O002526,P00047,1,293.14,0.15
OI0004909,O002526,P00035,2,385.83,0.0
OI0004910,O002527,P00101,1,79.35,0.15
OI0004911,O002528,P00104,1,250.89,0.2
OI0004912,O002529,P00078,1,203.68,0.0
OI0004913,O002529,P00002,1,75.51,0.0
OI0004914,O002530,P00073,1,380.75,0.15
OI0004915,O002531,P00042,1,444.01,0.05
OI0004916,O002531,P00108,2,475.6,0.05
OI0004917,O002531,P00034,2,79.08,0.0
OI0004918,O002531,P00109,1,130.78,0.05
OI0004919,O002531,P00023,4,220.19,0.0
OI0004920,O002532,P00060,2,534.46,0.05
OI0004921,O002532,P00005,1,297.83,0.15
OI0004922,O002532,P00046,1,488.5,0.2
OI0004923,O002533,P00072,1,362.99,0.0
OI0004924,O002534,P00053,3,564.38,0.0
OI0004925,O002534,P00008,1,441.52,0.0
OI0004926,O002534,P00075,2,181.47,0.1
OI0004927,O002535,P00071,1,455.29,0.0
OI0004928,O002535,P00041,1,19.77,0.05
OI0004929,O002536,P00024,2,194.34,0.0
OI0004930,O002537,P00099,1,91.51,0.0
OI0004931,O002537,P00101,1,79.35,0.2
OI0004932,O002537,P00036,2,136.63,0.05
OI0004933,O002538,P00017,1,369.49,0.0
OI0004934,O002538,P00030,1,211.27,0.0
OI0004935,O002538,P00081,3,74.04,0.2
OI0004936,O002539,P00080,1,65.63,0.15
OI0004937,O002540,P00007,1,522.61,0.15
OI0004938,O002540,P00030,3,211.27,0.0
OI0004939,O002540,P00015,1,125.4,0.0
OI0004940,O002541,P00088,1,15.01,0.1
OI0004941,O002542,P00111,1,39.89,0.05
OI0004942,O002543,P00075,1,181.47,0.0
OI0004943,O002543,P00041,3,19.77,0.1
OI0004944,O002544,P00092,1,315.53,0.0
OI0004945,O002544,P00030,1,211.27,0.15
OI0004946,O002545,P00034,1,79.08,0.0
OI0004947,O002545,P00033,1,97.17,0.15
OI0004948,O002546,P00109,1,130.78,0.1
OI0004949,O002546,P00110,1,82.92,0.15
OI0004950,O002546,P00046,1,488.5,0.0
OI0004951,O002547,P00077,1,263.58,0.0
OI0004952,O002547,P00031,2,462.82,0.0
OI0004953,O002548,P00010,2,9.72,0.05
OI0004954,O002548,P00065,1,96.5,0.0
OI0004955,O002549,P00066,1,422.64,0.0
OI0004956,O002549,P00010,1,9.72,0.1
OI0004957,O002549,P00031,1,462.82,0.0
OI0004958,O002549,P00027,2,425.73,0.2
OI0004959,O002550,P00106,1,183.48,0.15
OI0004960,O002551,P00054,1,499.72,0.05
OI0004961,O002551,P00010,1,9.72,0.0
OI0004962,O002551,P00083,2,125.94,0.0
OI0004963,O002552,P00004,1,41.11,0.1
OI0004964,O002552,P00042,1,444.01,0.2
OI0004965,O002553,P00047,1,293.14,0.15
OI0004966,O002553,P00043,1,243.73,0.0
OI0004967,O002553,P00053,2,564.38,0.05
OI0004968,O002553,P00115,1,275.35,0.0
OI0004969,O002554,P00080,1,65.63,0.0
OI0004970,O002555,P00021,3,265.21,0.0
OI0004971,O002556,P00006,1,117.92,0.0
OI0004972,O002557,P00120,1,568.77,0.1
OI0004973,O002557,P00020,2,21.08,0.0
OI0004974,O002557,P00117,1,372.96,0.0
OI0004975,O002558,P00078,1,203.68,0.2
OI0004976,O002558,P00028,1,43.31,0.0
OI0004977,O002559,P00066,2,422.64,0.2
OI0004978,O002559,P00092,2,315.53,0.15
OI0004979,O002560,P00066,1,422.64,0.1
OI0004980,O002560,P00101,1,79.35,0.15
OI0004981,O002561,P00045,2,303.55,0.05
OI0004982,O002561,P00028,2,43.31,0.2
OI0004983,O002562,P00075,1,181.47,0.15
OI0004984,O002562,P00005,1,297.83,0.15
OI0004985,O002563,P00020,3,21.08,0.05
OI0004986,O002564,P00098,1,298.47,0.0
OI0004987,O002564,P00084,1,477.09,0.0
OI0004988,O002564,P00011,1,477.15,0.1
OI0004989,O002565,P00065,3,96.5,0.1
OI0004990,O002565,P00074,1,138.42,0.15
OI0004991,O002565,P00081,2,74.04,0.05
OI0004992,O002566,P00069,1,452.65,0.15
OI0004993,O002567,P00016,2,21.7,0.1
OI0004994,O002567,P00109,2,130.78,0.2
OI0004995,O002568,P00007,1,522.61,0.1
OI0004996,O002569,P00061,1,62.41,0.15
OI0004997,O002570,P00068,1,131.83,0.05
OI0004998,O002570,P00067,1,529.3,0.0
OI0004999,O002571,P00035,2,385.83,0.0
OI0005000,O002572,P00108,2,475.6,0.0
OI0005001,O002572,P00074,1,138.42,0.0
OI0005002,O002573,P00043,1,243.73,0.0
OI0005003,O002574,P00103,1,132.87,0.2
OI0005004,O002575,P00047,2,293.14,0.0
OI0005005,O002576,P00059,1,377.25,0.0
OI0005006,O002576,P00041,2,19.77,0.05
OI0005007,O002576,P00096,1,302.38,0.15
OI0005008,O002576,P00015,2,125.4,0.05
OI0005009,O002576,P00089,2,185.57,0.0
OI0005010,O002577,P00011,1,477.15,0.0
OI0005011,O002577,P00046,1,488.5,0.0
OI0005012,O002577,P00072,1,362.99,0.15
OI0005013,O002577,P00065,1,96.5,0.05
OI0005014,O002578,P00078,2,203.68,0.05
OI0005015,O002578,P00030,2,211.27,0.0
OI0005016,O002578,P00058,1,268.06,0.1
OI0005017,O002578,P00101,3,79.35,0.2
OI0005018,O002579,P00106,1,183.48,0.0
OI0005019,O002580,P00119,1,324.39,0.2
OI0005020,O002580,P00069,1,452.65,0.05
OI0005021,O002580,P00032,1,492.19,0.15
OI0005022,O002581,P00075,2,181.47,0.0
OI0005023,O002581,P00086,1,55.76,0.1
OI0005024,O002582,P00034,2,79.08,0.0
OI0005025,O002582,P00102,3,377.84,0.0
OI0005026,O002583,P00041,2,19.77,0.0
OI0005027,O002583,P00016,2,21.7,0.05
OI0005028,O002584,P00054,1,499.72,0.1
OI0005029,O002585,P00019,1,80.96,0.05
OI0005030,O002585,P00074,1,138.42,0.15
OI0005031,O002586,P00113,1,151.95,0.0
OI0005032,O002586,P00099,1,91.51,0.0
OI0005033,O002587,P00113,2,151.95,0.0
OI0005034,O002587,P00059,2,377.25,0.0
OI0005035,O002588,P00016,1,21.7,0.0
OI0005036,O002588,P00054,1,499.72,0.2
OI0005037,O002589,P00071,1,455.29,0.15
OI0005038,O002590,P00120,1,568.77,0.0
OI0005039,O002590,P00061,2,62.41,0.0
OI0005040,O002590,P00096,2,302.38,0.2
OI0005041,O002591,P00005,1,297.83,0.2
OI0005042,O002592,P00056,1,496.49,0.0
OI0005043,O002593,P00089,4,185.57,0.0
OI0005044,O002593,P00022,2,315.29,0.0
OI0005045,O002594,P00066,1,422.64,0.05
OI0005046,O002594,P00111,1,39.89,0.05
OI0005047,O002594,P00068,1,131.83,0.0
OI0005048,O002594,P00118,1,509.33,0.0
OI0005049,O002595,P00052,2,396.7,0.15
OI0005050,O002596,P00072,3,362.99,0.15
OI0005051,O002596,P00031,3,462.82,0.0
OI0005052,O002597,P00016,3,21.7,0.0
OI0005053,O002598,P00115,1,275.35,0.0
OI0005054,O002598,P00106,2,183.48,0.1
OI0005055,O002599,P00078,3,203.68,0.1
OI0005056,O002600,P00014,3,306.6,0.0
OI0005057,O002600,P00093,4,320.92,0.0
OI0005058,O002601,P00095,1,40.98,0.0
OI0005059,O002601,P00118,1,509.33,0.05
OI0005060,O002602,P00117,1,372.96,0.05
OI0005061,O002603,P00081,1,74.04,0.2
OI0005062,O002603,P00058,4,268.06,0.05
OI0005063,O002603,P00095,2,40.98,0.0
OI0005064,O002604,P00097,1,193.82,0.05
OI0005065,O002605,P00090,1,335.08,0.15
OI0005066,O002605,P00018,1,97.12,0.0
OI0005067,O002606,P00093,2,320.92,0.2
OI0005068,O002607,P00076,2,271.68,0.2
OI0005069,O002607,P00118,2,509.33,0.1
OI0005070,O002608,P00011,1,477.15,0.0
OI0005071,O002609,P00115,4,275.35,0.1
OI0005072,O002609,P00001,1,186.44,0.1
OI0005073,O002610,P00048,1,606.69,0.15
OI0005074,O002611,P00084,1,477.09,0.05
OI0005075,O002612,P00049,2,193.92,0.0
OI0005076,O002613,P00057,1,460.12,0.0
OI0005077,O002614,P00066,3,422.64,0.15
OI0005078,O002615,P00076,4,271.68,0.2
OI0005079,O002615,P00036,1,136.63,0.0
OI0005080,O002616,P00030,1,211.27,0.0
OI0005081,O002617,P00064,1,25.74,0.0
OI0005082,O002617,P00044,2,52.37,0.1
OI0005083,O002618,P00067,2,529.3,0.1
OI0005084,O002618,P00115,1,275.35,0.1
OI0005085,O002618,P00068,2,131.83,0.2
OI0005086,O002619,P00119,1,324.39,0.0
OI0005087,O002619,P00055,1,268.52,0.0
OI0005088,O002620,P00050,1,212.38,0.2
OI0005089,O002620,P00041,1,19.77,0.0
OI0005090,O002621,P00019,1,80.96,0.0
OI0005091,O002622,P00105,1,567.15,0.15
OI0005092,O002623,P00113,1,151.95,0.15
OI0005093,O002624,P00027,1,425.73,0.0
OI0005094,O002624,P00056,1,496.49,0.1
OI0005095,O002624,P00067,1,529.3,0.1
OI0005096,O002625,P00041,1,19.77,0.0
OI0005097,O002625,P00013,1,427.3,0.0
OI0005098,O002625,P00045,1,303.55,0.0
OI0005099,O002626,P00037,1,379.94,0.0
OI0005100,O002626,P00036,1,136.63,0.0
OI0005101,O002626,P00063,1,329.62,0.0
OI0005102,O002626,P00057,1,460.12,0.1
OI0005103,O002626,P00029,1,359.81,0.2
OI0005104,O002627,P00014,1,306.6,0.15
OI0005105,O002627,P00119,2,324.39,0.0
OI0005106,O002627,P00030,1,211.27,0.0
OI0005107,O002628,P00013,1,427.3,0.1
OI0005108,O002628,P00027,1,425.73,0.2
OI0005109,O002629,P00066,1,422.64,0.0
OI0005110,O002629,P00097,2,193.82,0.0
OI0005111,O002630,P00077,1,263.58,0.1
OI0005112,O002630,P00116,3,571.16,0.1
OI0005113,O002630,P00006,1,117.92,0.2
OI0005114,O002631,P00025,2,205.26,0.0
OI0005115,O002632,P00063,1,329.62,0.2
OI0005116,O002632,P00107,2,373.63,0.0
OI0005117,O002633,P00048,1,606.69,0.15
OI0005118,O002633,P00027,3,425.73,0.05
OI0005119,O002633,P00037,1,379.94,0.1
OI0005120,O002633,P00074,3,138.42,0.0
OI0005121,O002633,P00055,1,268.52,0.2
OI0005122,O002634,P00059,1,377.25,0.0
OI0005123,O002634,P00038,3,373.16,0.15
OI0005124,O002634,P00118,2,509.33,0.15
OI0005125,O002635,P00118,1,509.33,0.2
OI0005126,O002636,P00016,2,21.7,0.05
OI0005127,O002636,P00057,1,460.12,0.05
OI0005128,O002636,P00114,1,426.8,0.0
OI0005129,O002637,P00012,1,518.79,0.0
OI0005130,O002637,P00111,1,39.89,0.15
OI0005131,O002637,P00018,3,97.12,0.15
OI0005132,O002638,P00015,1,125.4,0.0
OI0005133,O002639,P00103,3,132.87,0.0
OI0005134,O002640,P00096,2,302.38,0.2
OI0005135,O002641,P00029,1,359.81,0.0
OI0005136,O002641,P00094,2,222.34,0.0
OI0005137,O002641,P00010,1,9.72,0.1
OI0005138,O002642,P00043,1,243.73,0.05
OI0005139,O002642,P00036,2,136.63,0.15
OI0005140,O002643,P00095,1,40.98,0.1
OI0005141,O002644,P00087,1,117.6,0.15
OI0005142,O002644,P00100,2,205.9,0.0
OI0005143,O002644,P00010,1,9.72,0.0
OI0005144,O002644,P00091,1,86.94,0.05
OI0005145,O002645,P00013,1,427.3,0.2
OI0005146,O002645,P00120,3,568.77,0.1
OI0005147,O002645,P00091,1,86.94,0.0
OI0005148,O002646,P00025,2,205.26,0.2
OI0005149,O002647,P00072,1,362.99,0.15
OI0005150,O002648,P00108,1,475.6,0.15
OI0005151,O002648,P00113,1,151.95,0.0
OI0005152,O002649,P00082,2,380.3,0.0
OI0005153,O002649,P00081,1,74.04,0.0
OI0005154,O002649,P00002,1,75.51,0.1
OI0005155,O002650,P00049,1,193.92,0.0
OI0005156,O002650,P00112,1,264.71,0.15
OI0005157,O002651,P00026,1,236.15,0.2
OI0005158,O002651,P00034,1,79.08,0.0
OI0005159,O002651,P00061,3,62.41,0.15
OI0005160,O002651,P00020,2,21.08,0.05
OI0005161,O002651,P00063,3,329.62,0.0
OI0005162,O002652,P00017,1,369.49,0.0
OI0005163,O002653,P00082,1,380.3,0.1
OI0005164,O002653,P00113,2,151.95,0.2
OI0005165,O002653,P00012,1,518.79,0.15
OI0005166,O002654,P00096,1,302.38,0.05
OI0005167,O002654,P00028,1,43.31,0.0
OI0005168,O002654,P00001,1,186.44,0.05
OI0005169,O002655,P00072,1,362.99,0.0
OI0005170,O002655,P00079,2,142.89,0.15
OI0005171,O002656,P00023,1,220.19,0.05
OI0005172,O002656,P00005,2,297.83,0.15
OI0005173,O002657,P00034,1,79.08,0.1
OI0005174,O002658,P00049,2,193.92,0.1
OI0005175,O002658,P00081,3,74.04,0.0
OI0005176,O002659,P00082,1,380.3,0.0
OI0005177,O002660,P00062,2,140.07,0.1
OI0005178,O002661,P00085,2,274.09,0.0
OI0005179,O002662,P00113,2,151.95,0.0
OI0005180,O002663,P00108,3,475.6,0.0
OI0005181,O002663,P00030,1,211.27,0.15
OI0005182,O002664,P00063,2,329.62,0.15
OI0005183,O002664,P00102,2,377.84,0.05
OI0005184,O002665,P00077,4,263.58,0.0
OI0005185,O002666,P00070,1,403.55,0.05
OI0005186,O002667,P00038,1,373.16,0.0
OI0005187,O002667,P00013,2,427.3,0.0
OI0005188,O002668,P00113,1,151.95,0.2
OI0005189,O002669,P00098,1,298.47,0.05
OI0005190,O002669,P00037,3,379.94,0.05
OI0005191,O002670,P00042,1,444.01,0.05
OI0005192,O002670,P00032,1,492.19,0.0
OI0005193,O002670,P00085,3,274.09,0.0
OI0005194,O002671,P00060,1,534.46,0.0
OI0005195,O002672,P00085,1,274.09,0.0
OI0005196,O002673,P00045,1,303.55,0.15
OI0005197,O002673,P00090,4,335.08,0.0
OI0005198,O002673,P00051,1,220.14,0.2
OI0005199,O002674,P00113,4,151.95,0.2
OI0005200,O002674,P00062,2,140.07,0.2
OI0005201,O002675,P00111,1,39.89,0.1
OI0005202,O002675,P00063,2,329.62,0.05
OI0005203,O002676,P00088,1,15.01,0.0
OI0005204,O002677,P00004,2,41.11,0.0
OI0005205,O002677,P00038,2,373.16,0.1
OI0005206,O002678,P00028,1,43.31,0.2
OI0005207,O002678,P00114,1,426.8,0.2
OI0005208,O002679,P00053,1,564.38,0.1
OI0005209,O002679,P00008,1,441.52,0.2
OI0005210,O002680,P00042,1,444.01,0.0
OI0005211,O002681,P00087,1,117.6,0.05
OI0005212,O002681,P00041,1,19.77,0.05
OI0005213,O002681,P00053,2,564.38,0.05
OI0005214,O002681,P00051,1,220.14,0.0
OI0005215,O002681,P00104,3,250.89,0.0
OI0005216,O002682,P00035,3,385.83,0.05
OI0005217,O002683,P00094,1,222.34,0.0
OI0005218,O002684,P00044,1,52.37,0.15
OI0005219,O002685,P00105,1,567.15,0.05
OI0005220,O002685,P00006,2,117.92,0.05
OI0005221,O002685,P00040,1,464.84,0.0
OI0005222,O002686,P00074,2,138.42,0.1
OI0005223,O002686,P00113,1,151.95,0.0
OI0005224,O002686,P00022,1,315.29,0.2
OI0005225,O002687,P00081,1,74.04,0.1
OI0005226,O002687,P00015,1,125.4,0.1
OI0005227,O002688,P00043,4,243.73,0.1
OI0005228,O002688,P00017,3,369.49,0.1
OI0005229,O002689,P00003,1,419.56,0.0
OI0005230,O002689,P00093,4,320.92,0.2
OI0005231,O002690,P00049,1,193.92,0.2
OI0005232,O002690,P00012,3,518.79,0.15
OI0005233,O002691,P00043,1,243.73,0.0
OI0005234,O002692,P00099,1,91.51,0.0
OI0005235,O002692,P00071,1,455.29,0.15
OI0005236,O002693,P00007,1,522.61,0.1
OI0005237,O002694,P00027,1,425.73,0.2
OI0005238,O002694,P00047,1,293.14,0.1
OI0005239,O002694,P00069,1,452.65,0.05
OI0005240,O002694,P00026,2,236.15,0.2
OI0005241,O002694,P00021,2,265.21,0.15
OI0005242,O002695,P00030,1,211.27,0.2
OI0005243,O002695,P00038,2,373.16,0.0
OI0005244,O002696,P00117,1,372.96,0.0
OI0005245,O002696,P00048,1,606.69,0.05
OI0005246,O002697,P00028,4,43.31,0.1
OI0005247,O002698,P00094,2,222.34,0.0
OI0005248,O002698,P00032,3,492.19,0.2
OI0005249,O002698,P00002,2,75.51,0.0
OI0005250,O002699,P00097,1,193.82,0.05
OI0005251,O002699,P00068,1,131.83,0.2
OI0005252,O002699,P00014,2,306.6,0.05
OI0005253,O002699,P00065,1,96.5,0.0
OI0005254,O002700,P00021,1,265.21,0.0
OI0005255,O002701,P00039,1,78.36,0.0
OI0005256,O002702,P00030,1,211.27,0.15
OI0005257,O002703,P00099,2,91.51,0.0
OI0005258,O002703,P00089,2,185.57,0.0
OI0005259,O002703,P00032,3,492.19,0.15
OI0005260,O002704,P00016,1,21.7,0.2
OI0005261,O002705,P00101,3,79.35,0.05
OI0005262,O002706,P00084,2,477.09,0.05
OI0005263,O002707,P00017,3,369.49,0.2
OI0005264,O002708,P00095,2,40.98,0.0
OI0005265,O002709,P00111,1,39.89,0.0
OI0005266,O002710,P00010,4,9.72,0.15
OI0005267,O002710,P00065,1,96.5,0.15
OI0005268,O002711,P00098,2,298.47,0.0
OI0005269,O002711,P00094,2,222.34,0.15
OI0005270,O002711,P00054,1,499.72,0.2
OI0005271,O002711,P00003,1,419.56,0.1
OI0005272,O002712,P00078,4,203.68,0.0
OI0005273,O002713,P00013,2,427.3,0.05
OI0005274,O002713,P00095,1,40.98,0.0
OI0005275,O002713,P00076,1,271.68,0.2
OI0005276,O002713,P00102,4,377.84,0.1
OI0005277,O002714,P00110,2,82.92,0.0
OI0005278,O002715,P00101,1,79.35,0.0
OI0005279,O002716,P00055,1,268.52,0.0
OI0005280,O002716,P00066,1,422.64,0.0
OI0005281,O002716,P00096,4,302.38,0.0
OI0005282,O002717,P00059,2,377.25,0.0
OI0005283,O002717,P00026,2,236.15,0.0
OI0005284,O002718,P00084,1,477.09,0.1
OI0005285,O002719,P00061,1,62.41,0.0
OI0005286,O002719,P00049,1,193.92,0.05
OI0005287,O002720,P00012,1,518.79,0.1
OI0005288,O002720,P00029,2,359.81,0.0
OI0005289,O002720,P00053,1,564.38,0.05
OI0005290,O002721,P00037,1,379.94,0.15
OI0005291,O002722,P00069,1,452.65,0.05
OI0005292,O002722,P00065,1,96.5,0.0
OI0005293,O002722,P00032,2,492.19,0.05
OI0005294,O002723,P00094,1,222.34,0.05
OI0005295,O002724,P00048,1,606.69,0.0
OI0005296,O002724,P00098,1,298.47,0.05
OI0005297,O002724,P00070,2,403.55,0.0
OI0005298,O002724,P00092,1,315.53,0.1
OI0005299,O002725,P00004,1,41.11,0.05
OI0005300,O002726,P00099,1,91.51,0.0
OI0005301,O002727,P00058,1,268.06,0.0
OI0005302,O002728,P00062,3,140.07,0.1
OI0005303,O002729,P00014,3,306.6,0.0
OI0005304,O002729,P00083,1,125.94,0.0
OI0005305,O002730,P00019,1,80.96,0.2
OI0005306,O002731,P00081,1,74.04,0.1
OI0005307,O002731,P00011,1,477.15,0.0
OI0005308,O002731,P00013,1,427.3,0.0
OI0005309,O002732,P00111,1,39.89,0.05
OI0005310,O002733,P00076,1,271.68,0.0
OI0005311,O002734,P00011,1,477.15,0.05
OI0005312,O002734,P00019,2,80.96,0.1
OI0005313,O002735,P00108,1,475.6,0.1
OI0005314,O002735,P00061,1,62.41,0.15
OI0005315,O002736,P00108,1,475.6,0.2
OI0005316,O002736,P00073,1,380.75,0.0
OI0005317,O002737,P00008,1,441.52,0.05
OI0005318,O002737,P00099,1,91.51,0.0
OI0005319,O002738,P00053,1,564.38,0.0
OI0005320,O002739,P00095,4,40.98,0.0
OI0005321,O002740,P00107,1,373.63,0.0
OI0005322,O002741,P00005,2,297.83,0.15
OI0005323,O002741,P00042,3,444.01,0.1
OI0005324,O002742,P00077,2,263.58,0.0
OI0005325,O002742,P00053,4,564.38,0.0
OI0005326,O002742,P00112,1,264.71,0.15
OI0005327,O002743,P00027,3,425.73,0.1
OI0005328,O002743,P00097,2,193.82,0.2
OI0005329,O002744,P00063,1,329.62,0.0
OI0005330,O002744,P00070,1,403.55,0.0
OI0005331,O002744,P00064,4,25.74,0.05
OI0005332,O002744,P00041,1,19.77,0.15
OI0005333,O002744,P00084,2,477.09,0.05
OI0005334,O002745,P00066,2,422.64,0.1
OI0005335,O002746,P00110,1,82.92,0.0
OI0005336,O002746,P00095,1,40.98,0.05
OI0005337,O002746,P00094,1,222.34,0.15
OI0005338,O002746,P00011,3,477.15,0.0
OI0005339,O002747,P00049,1,193.92,0.2
OI0005340,O002747,P00017,1,369.49,0.0
OI0005341,O002748,P00021,2,265.21,0.0
OI0005342,O002748,P00067,1,529.3,0.0
OI0005343,O002748,P00096,1,302.38,0.0
OI0005344,O002749,P00057,1,460.12,0.0
OI0005345,O002749,P00112,4,264.71,0.05
OI0005346,O002749,P00015,1,125.4,0.05
OI0005347,O002750,P00022,1,315.29,0.2
OI0005348,O002750,P00081,3,74.04,0.1
OI0005349,O002751,P00063,1,329.62,0.0
OI0005350,O002752,P00096,3,302.38,0.2
OI0005351,O002753,P00071,1,455.29,0.05
OI0005352,O002753,P00054,1,499.72,0.0
OI0005353,O002754,P00038,1,373.16,0.0
OI0005354,O002755,P00056,2,496.49,0.0
OI0005355,O002756,P00093,2,320.92,0.15
OI0005356,O002756,P00119,3,324.39,0.0
OI0005357,O002757,P00067,2,529.3,0.0
OI0005358,O002758,P00079,1,142.89,0.0
OI0005359,O002759,P00073,1,380.75,0.15
OI0005360,O002760,P00022,1,315.29,0.0
OI0005361,O002761,P00038,1,373.16,0.15
OI0005362,O002761,P00067,1,529.3,0.0
OI0005363,O002762,P00103,1,132.87,0.1
OI0005364,O002763,P00092,1,315.53,0.0
OI0005365,O002764,P00067,2,529.3,0.1
OI0005366,O002765,P00033,1,97.17,0.0
OI0005367,O002765,P00061,1,62.41,0.0
OI0005368,O002765,P00060,2,534.46,0.15
OI0005369,O002766,P00093,1,320.92,0.2
OI0005370,O002767,P00119,2,324.39,0.0
OI0005371,O002767,P00018,1,97.12,0.1
OI0005372,O002768,P00092,1,315.53,0.05
OI0005373,O002768,P00107,1,373.63,0.0
OI0005374,O002769,P00041,2,19.77,0.05
OI0005375,O002770,P00023,1,220.19,0.0
OI0005376,O002770,P00020,1,21.08,0.0
OI0005377,O002770,P00061,1,62.41,0.0
OI0005378,O002771,P00090,1,335.08,0.0
OI0005379,O002772,P00026,4,236.15,0.0
OI0005380,O002772,P00089,1,185.57,0.1
OI0005381,O002773,P00059,1,377.25,0.0
OI0005382,O002774,P00013,1,427.3,0.0
OI0005383,O002775,P00080,1,65.63,0.0
OI0005384,O002775,P00060,4,534.46,0.0
OI0005385,O002775,P00077,1,263.58,0.0
OI0005386,O002776,P00082,1,380.3,0.0
OI0005387,O002776,P00072,2,362.99,0.0
OI0005388,O002777,P00081,1,74.04,0.0
OI0005389,O002777,P00002,1,75.51,0.0
OI0005390,O002778,P00037,1,379.94,0.05
OI0005391,O002778,P00106,1,183.48,0.1
OI0005392,O002778,P00117,1,372.96,0.15
OI0005393,O002778,P00112,1,264.71,0.0
OI0005394,O002779,P00048,1,606.69,0.1
OI0005395,O002780,P00099,1,91.51,0.0
OI0005396,O002780,P00052,2,396.7,0.1
OI0005397,O002781,P00070,1,403.55,0.15
OI0005398,O002781,P00083,1,125.94,0.0
OI0005399,O002782,P00010,2,9.72,0.0
OI0005400,O002782,P00076,2,271.68,0.0
OI0005401,O002783,P00094,1,222.34,0.0
OI0005402,O002783,P00028,2,43.31,0.0
OI0005403,O002784,P00034,1,79.08,0.1
OI0005404,O002785,P00014,2,306.6,0.0
OI0005405,O002786,P00103,2,132.87,0.1
OI0005406,O002786,P00067,2,529.3,0.15
OI0005407,O002787,P00099,2,91.51,0.1
OI0005408,O002787,P00050,1,212.38,0.2
OI0005409,O002787,P00043,3,243.73,0.2
OI0005410,O002788,P00076,2,271.68,0.0
OI0005411,O002788,P00078,3,203.68,0.2
OI0005412,O002789,P00095,1,40.98,0.2
OI0005413,O002790,P00079,2,142.89,0.05
OI0005414,O002790,P00086,1,55.76,0.0
OI0005415,O002791,P00022,1,315.29,0.2
OI0005416,O002791,P00001,2,186.44,0.0
OI0005417,O002792,P00028,1,43.31,0.2
OI0005418,O002792,P00012,2,518.79,0.1
OI0005419,O002792,P00119,2,324.39,0.0
OI0005420,O002793,P00019,1,80.96,0.0
OI0005421,O002794,P00061,2,62.41,0.2
OI0005422,O002795,P00001,1,186.44,0.0
OI0005423,O002796,P00010,1,9.72,0.0
OI0005424,O002797,P00018,2,97.12,0.2
OI0005425,O002797,P00066,1,422.64,0.05
OI0005426,O002798,P00055,2,268.52,0.05
OI0005427,O002798,P00086,1,55.76,0.0
OI0005428,O002799,P00039,3,78.36,0.1
OI0005429,O002800,P00098,2,298.47,0.0
OI0005430,O002800,P00016,1,21.7,0.1
OI0005431,O002801,P00051,1,220.14,0.05
OI0005432,O002801,P00049,2,193.92,0.15
OI0005433,O002801,P00100,4,205.9,0.05
OI0005434,O002802,P00046,3,488.5,0.0
OI0005435,O002802,P00040,1,464.84,0.1
OI0005436,O002802,P00108,3,475.6,0.0
OI0005437,O002802,P00067,1,529.3,0.1
OI0005438,O002803,P00108,1,475.6,0.15
OI0005439,O002803,P00028,2,43.31,0.2
OI0005440,O002803,P00022,1,315.29,0.0
OI0005441,O002804,P00092,1,315.53,0.05
OI0005442,O002804,P00019,1,80.96,0.1
OI0005443,O002804,P00108,2,475.6,0.05
OI0005444,O002805,P00063,1,329.62,0.2
OI0005445,O002805,P00089,1,185.57,0.0
OI0005446,O002806,P00088,2,15.01,0.0
OI0005447,O002807,P00072,2,362.99,0.0
OI0005448,O002807,P00116,1,571.16,0.0
OI0005449,O002807,P00056,1,496.49,0.0
OI0005450,O002807,P00084,4,477.09,0.2
OI0005451,O002808,P00047,1,293.14,0.2
OI0005452,O002809,P00060,2,534.46,0.2
OI0005453,O002810,P00086,1,55.76,0.05
OI0005454,O002810,P00045,2,303.55,0.0
OI0005455,O002810,P00094,1,222.34,0.1
OI0005456,O002811,P00072,1,362.99,0.0
OI0005457,O002812,P00049,1,193.92,0.0
OI0005458,O002812,P00048,2,606.69,0.15
OI0005459,O002813,P00002,1,75.51,0.0
OI0005460,O002814,P00057,1,460.12,0.0
OI0005461,O002815,P00068,1,131.83,0.0
OI0005462,O002815,P00025,2,205.26,0.1
OI0005463,O002816,P00040,2,464.84,0.0
OI0005464,O002816,P00043,1,243.73,0.0
OI0005465,O002816,P00013,3,427.3,0.1
OI0005466,O002816,P00117,1,372.96,0.0
OI0005467,O002817,P00078,1,203.68,0.0
OI0005468,O002817,P00035,1,385.83,0.15
OI0005469,O002818,P00036,1,136.63,0.05
OI0005470,O002818,P00083,1,125.94,0.0
OI0005471,O002818,P00062,1,140.07,0.15
OI0005472,O002819,P00091,2,86.94,0.15
OI0005473,O002819,P00033,1,97.17,0.0
OI0005474,O002819,P00036,2,136.63,0.1
OI0005475,O002820,P00106,1,183.48,0.2
OI0005476,O002820,P00004,2,41.11,0.15
OI0005477,O002821,P00119,1,324.39,0.1
OI0005478,O002821,P00061,2,62.41,0.15
OI0005479,O002822,P00059,1,377.25,0.0
OI0005480,O002822,P00063,3,329.62,0.05
OI0005481,O002823,P00096,1,302.38,0.2
OI0005482,O002824,P00083,1,125.94,0.2
OI0005483,O002825,P00070,4,403.55,0.2
OI0005484,O002826,P00014,2,306.6,0.0
OI0005485,O002827,P00048,2,606.69,0.0
OI0005486,O002828,P00079,1,142.89,0.15
OI0005487,O002828,P00115,2,275.35,0.0
OI0005488,O002828,P00092,4,315.53,0.2
OI0005489,O002828,P00020,1,21.08,0.2
OI0005490,O002828,P00091,1,86.94,0.0
OI0005491,O002829,P00011,2,477.15,0.2
OI0005492,O002829,P00054,1,499.72,0.2
OI0005493,O002830,P00016,1,21.7,0.05
OI0005494,O002830,P00008,1,441.52,0.15
OI0005495,O002831,P00091,1,86.94,0.0
OI0005496,O002831,P00008,1,441.52,0.2
OI0005497,O002831,P00041,2,19.77,0.1
OI0005498,O002832,P00036,1,136.63,0.2
OI0005499,O002833,P00025,1,205.26,0.1
OI0005500,O002833,P00084,1,477.09,0.15
OI0005501,O002834,P00003,1,419.56,0.0
OI0005502,O002835,P00108,3,475.6,0.0
OI0005503,O002835,P00087,1,117.6,0.15
OI0005504,O002835,P00109,1,130.78,0.0
OI0005505,O002836,P00116,1,571.16,0.0
OI0005506,O002836,P00076,3,271.68,0.1
OI0005507,O002836,P00093,3,320.92,0.0
OI0005508,O002837,P00086,1,55.76,0.05
OI0005509,O002838,P00054,1,499.72,0.2
OI0005510,O002839,P00086,3,55.76,0.2
OI0005511,O002839,P00008,1,441.52,0.2
OI0005512,O002839,P00009,1,411.99,0.1
OI0005513,O002839,P00025,1,205.26,0.0
OI0005514,O002840,P00094,2,222.34,0.0
OI0005515,O002841,P00011,1,477.15,0.0
OI0005516,O002841,P00023,1,220.19,0.1
OI0005517,O002841,P00057,1,460.12,0.0
OI0005518,O002841,P00006,1,117.92,0.15
OI0005519,O002842,P00065,1,96.5,0.05
OI0005520,O002843,P00023,2,220.19,0.15
OI0005521,O002843,P00082,1,380.3,0.2
OI0005522,O002844,P00108,2,475.6,0.0
OI0005523,O002845,P00040,1,464.84,0.0
OI0005524,O002845,P00036,1,136.63,0.0
OI0005525,O002845,P00072,2,362.99,0.0
OI0005526,O002846,P00060,1,534.46,0.1
OI0005527,O002847,P00108,1,475.6,0.15
OI0005528,O002848,P00012,1,518.79,0.1
OI0005529,O002849,P00120,2,568.77,0.0
OI0005530,O002849,P00060,4,534.46,0.0
OI0005531,O002849,P00012,1,518.79,0.0
OI0005532,O002850,P00094,2,222.34,0.0
OI0005533,O002851,P00024,1,194.34,0.1
OI0005534,O002851,P00041,1,19.77,0.15
OI0005535,O002852,P00003,1,419.56,0.2
OI0005536,O002853,P00022,4,315.29,0.2
OI0005537,O002854,P00002,4,75.51,0.0
OI0005538,O002855,P00082,1,380.3,0.0
OI0005539,O002855,P00048,2,606.69,0.15
OI0005540,O002855,P00059,2,377.25,0.0
OI0005541,O002856,P00040,1,464.84,0.2
OI0005542,O002857,P00088,2,15.01,0.2
OI0005543,O002857,P00083,1,125.94,0.0
OI0005544,O002858,P00096,1,302.38,0.15
OI0005545,O002858,P00097,1,193.82,0.0
OI0005546,O002859,P00040,1,464.84,0.0
OI0005547,O002860,P00049,2,193.92,0.0
OI0005548,O002860,P00091,2,86.94,0.0
OI0005549,O002860,P00037,1,379.94,0.0
OI0005550,O002861,P00073,1,380.75,0.05
OI0005551,O002861,P00041,1,19.77,0.0
OI0005552,O002862,P00107,1,373.63,0.0
OI0005553,O002862,P00025,1,205.26,0.0
OI0005554,O002862,P00035,1,385.83,0.0
OI0005555,O002862,P00114,1,426.8,0.15
OI0005556,O002862,P00026,2,236.15,0.05
OI0005557,O002863,P00034,2,79.08,0.0
OI0005558,O002864,P00063,1,329.62,0.0
OI0005559,O002865,P00075,2,181.47,0.0
OI0005560,O002866,P00045,1,303.55,0.1
OI0005561,O002866,P00099,1,91.51,0.05
OI0005562,O002866,P00083,4,125.94,0.2
OI0005563,O002867,P00081,1,74.04,0.15
OI0005564,O002868,P00107,1,373.63,0.0
OI0005565,O002869,P00005,1,297.83,0.2
OI0005566,O002870,P00075,2,181.47,0.1
OI0005567,O002870,P00050,2,212.38,0.1
OI0005568,O002870,P00020,1,21.08,0.0
OI0005569,O002871,P00090,2,335.08,0.0
OI0005570,O002871,P00056,3,496.49,0.15
OI0005571,O002872,P00104,1,250.89,0.15
OI0005572,O002873,P00102,4,377.84,0.0
OI0005573,O002873,P00037,4,379.94,0.0
OI0005574,O002874,P00090,1,335.08,0.1
OI0005575,O002874,P00065,1,96.5,0.2
OI0005576,O002875,P00096,1,302.38,0.1
OI0005577,O002875,P00102,1,377.84,0.2
OI0005578,O002875,P00035,3,385.83,0.0
OI0005579,O002875,P00012,1,518.79,0.0
OI0005580,O002876,P00028,2,43.31,0.0
OI0005581,O002876,P00060,1,534.46,0.0
OI0005582,O002877,P00119,1,324.39,0.0
OI0005583,O002878,P00067,1,529.3,0.15
OI0005584,O002878,P00085,1,274.09,0.0
OI0005585,O002879,P00061,1,62.41,0.0
OI0005586,O002879,P00018,1,97.12,0.1
OI0005587,O002879,P00060,1,534.46,0.05
OI0005588,O002879,P00076,1,271.68,0.15
OI0005589,O002879,P00042,4,444.01,0.1
OI0005590,O002880,P00116,1,571.16,0.0
OI0005591,O002881,P00042,2,444.01,0.15
OI0005592,O002881,P00090,1,335.08,0.0
OI0005593,O002881,P00014,3,306.6,0.2
OI0005594,O002882,P00116,1,571.16,0.0
OI0005595,O002882,P00002,2,75.51,0.05
OI0005596,O002883,P00061,1,62.41,0.0
OI0005597,O002883,P00043,2,243.73,0.0
OI0005598,O002883,P00044,4,52.37,0.0
OI0005599,O002883,P00083,2,125.94,0.0
OI0005600,O002884,P00021,1,265.21,0.05
OI0005601,O002885,P00070,1,403.55,0.2
OI0005602,O002885,P00024,4,194.34,0.0
OI0005603,O002886,P00057,1,460.12,0.2
OI0005604,O002887,P00079,1,142.89,0.1
OI0005605,O002887,P00059,1,377.25,0.1
OI0005606,O002888,P00089,1,185.57,0.05
OI0005607,O002889,P00094,2,222.34,0.2
OI0005608,O002889,P00052,1,396.7,0.0
OI0005609,O002889,P00061,1,62.41,0.0
OI0005610,O002890,P00093,3,320.92,0.0
OI0005611,O002890,P00048,1,606.69,0.05
OI0005612,O002890,P00077,2,263.58,0.15
OI0005613,O002891,P00052,1,396.7,0.0
OI0005614,O002892,P00006,1,117.92,0.0
OI0005615,O002892,P00119,1,324.39,0.2
OI0005616,O002892,P00113,1,151.95,0.1
OI0005617,O002893,P00014,2,306.6,0.05
OI0005618,O002894,P00055,1,268.52,0.2
OI0005619,O002895,P00035,2,385.83,0.1
OI0005620,O002896,P00052,2,396.7,0.1
OI0005621,O002897,P00004,4,41.11,0.1
OI0005622,O002897,P00021,3,265.21,0.0
OI0005623,O002898,P00119,1,324.39,0.0
OI0005624,O002899,P00114,2,426.8,0.15
OI0005625,O002899,P00077,1,263.58,0.1
OI0005626,O002900,P00026,1,236.15,0.1
OI0005627,O002901,P00097,3,193.82,0.0
OI0005628,O002901,P00018,1,97.12,0.2
OI0005629,O002901,P00017,1,369.49,0.0
OI0005630,O002901,P00085,1,274.09,0.0
OI0005631,O002902,P00040,2,464.84,0.2
OI0005632,O002902,P00102,2,377.84,0.0
OI0005633,O002903,P00103,1,132.87,0.05
OI0005634,O002903,P00045,1,303.55,0.05
OI0005635,O002904,P00022,1,315.29,0.0
OI0005636,O002904,P00059,1,377.25,0.0
OI0005637,O002904,P00001,2,186.44,0.0
OI0005638,O002904,P00085,2,274.09,0.0
OI0005639,O002905,P00040,1,464.84,0.2
OI0005640,O002905,P00011,1,477.15,0.0
OI0005641,O002905,P00024,1,194.34,0.05
OI0005642,O002905,P00031,3,462.82,0.0
OI0005643,O002906,P00093,2,320.92,0.15
OI0005644,O002906,P00032,1,492.19,0.1
OI0005645,O002906,P00020,2,21.08,0.2
OI0005646,O002907,P00100,1,205.9,0.0
OI0005647,O002908,P00001,2,186.44,0.05
OI0005648,O002909,P00021,3,265.21,0.0
OI0005649,O002910,P00013,1,427.3,0.1
OI0005650,O002910,P00061,2,62.41,0.15
OI0005651,O002911,P00051,1,220.14,0.15
OI0005652,O002912,P00028,3,43.31,0.05
OI0005653,O002912,P00117,1,372.96,0.15
OI0005654,O002913,P00049,2,193.92,0.15
OI0005655,O002913,P00107,1,373.63,0.0
OI0005656,O002913,P00060,1,534.46,0.2
OI0005657,O002914,P00118,1,509.33,0.05
OI0005658,O002914,P00013,3,427.3,0.0
OI0005659,O002915,P00041,1,19.77,0.0
OI0005660,O002915,P00098,4,298.47,0.05
OI0005661,O002915,P00120,1,568.77,0.2
OI0005662,O002916,P00042,1,444.01,0.15
OI0005663,O002916,P00115,2,275.35,0.15
OI0005664,O002916,P00037,1,379.94,0.2
OI0005665,O002916,P00105,2,567.15,0.05
OI0005666,O002917,P00077,1,263.58,0.05
OI0005667,O002918,P00069,3,452.65,0.0
OI0005668,O002919,P00045,2,303.55,0.05
OI0005669,O002920,P00086,3,55.76,0.0
OI0005670,O002920,P00095,1,40.98,0.0
OI0005671,O002920,P00076,3,271.68,0.1
OI0005672,O002921,P00023,2,220.19,0.2
OI0005673,O002922,P00031,1,462.82,0.0
OI0005674,O002922,P00048,1,606.69,0.0
OI0005675,O002923,P00065,1,96.5,0.0
OI0005676,O002923,P00106,3,183.48,0.1
OI0005677,O002924,P00077,3,263.58,0.2
OI0005678,O002925,P00051,4,220.14,0.0
OI0005679,O002925,P00118,2,509.33,0.15
OI0005680,O002926,P00030,1,211.27,0.0
OI0005681,O002926,P00018,1,97.12,0.0
OI0005682,O002926,P00064,1,25.74,0.0
OI0005683,O002927,P00039,2,78.36,0.05
OI0005684,O002928,P00012,1,518.79,0.05
OI0005685,O002928,P00044,1,52.37,0.15
OI0005686,O002929,P00024,1,194.34,0.0
OI0005687,O002929,P00055,1,268.52,0.0
OI0005688,O002930,P00040,1,464.84,0.15
OI0005689,O002930,P00050,2,212.38,0.2
OI0005690,O002931,P00062,2,140.07,0.0
OI0005691,O002931,P00005,1,297.83,0.05
OI0005692,O002932,P00023,1,220.19,0.15
OI0005693,O002932,P00021,1,265.21,0.1
OI0005694,O002932,P00051,1,220.14,0.2
OI0005695,O002933,P00014,2,306.6,0.0
OI0005696,O002933,P00060,1,534.46,0.0
OI0005697,O002933,P00104,1,250.89,0.15
OI0005698,O002934,P00094,1,222.34,0.0
OI0005699,O002935,P00084,2,477.09,0.05
OI0005700,O002935,P00111,3,39.89,0.2
OI0005701,O002936,P00104,2,250.89,0.0
OI0005702,O002936,P00002,1,75.51,0.1
OI0005703,O002936,P00021,1,265.21,0.1
OI0005704,O002936,P00041,1,19.77,0.05
OI0005705,O002937,P00088,2,15.01,0.0
OI0005706,O002937,P00059,4,377.25,0.05
OI0005707,O002938,P00084,1,477.09,0.05
OI0005708,O002938,P00086,1,55.76,0.2
OI0005709,O002938,P00052,2,396.7,0.0
OI0005710,O002939,P00039,1,78.36,0.15
OI0005711,O002939,P00055,2,268.52,0.15
OI0005712,O002939,P00034,2,79.08,0.0
OI0005713,O002940,P00078,1,203.68,0.2
OI0005714,O002940,P00104,3,250.89,0.05
OI0005715,O002941,P00065,1,96.5,0.2
OI0005716,O002941,P00048,2,606.69,0.05
OI0005717,O002942,P00092,3,315.53,0.2
OI0005718,O002942,P00043,1,243.73,0.1
OI0005719,O002943,P00047,1,293.14,0.1
OI0005720,O002943,P00015,2,125.4,0.2
OI0005721,O002943,P00101,2,79.35,0.05
OI0005722,O002943,P00023,1,220.19,0.2
OI0005723,O002943,P00055,1,268.52,0.15
OI0005724,O002944,P00011,2,477.15,0.0
OI0005725,O002944,P00020,1,21.08,0.15
OI0005726,O002944,P00001,1,186.44,0.1
OI0005727,O002945,P00034,1,79.08,0.0
OI0005728,O002946,P00066,2,422.64,0.2
OI0005729,O002946,P00105,4,567.15,0.05
OI0005730,O002946,P00079,1,142.89,0.05
OI0005731,O002946,P00094,2,222.34,0.0
OI0005732,O002947,P00060,2,534.46,0.0
OI0005733,O002948,P00006,1,117.92,0.0
OI0005734,O002949,P00112,1,264.71,0.05
OI0005735,O002949,P00063,2,329.62,0.0
OI0005736,O002950,P00007,2,522.61,0.1
OI0005737,O002950,P00114,4,426.8,0.15
OI0005738,O002951,P00048,1,606.69,0.0
OI0005739,O002952,P00055,1,268.52,0.0
OI0005740,O002952,P00044,1,52.37,0.2
OI0005741,O002952,P00087,2,117.6,0.2
OI0005742,O002953,P00004,1,41.11,0.1
OI0005743,O002954,P00035,1,385.83,0.0
OI0005744,O002955,P00038,1,373.16,0.0
OI0005745,O002956,P00054,1,499.72,0.0
OI0005746,O002957,P00058,2,268.06,0.0
OI0005747,O002958,P00039,1,78.36,0.15
OI0005748,O002959,P00005,1,297.83,0.1
OI0005749,O002960,P00015,1,125.4,0.0
OI0005750,O002961,P00094,2,222.34,0.1
OI0005751,O002961,P00005,3,297.83,0.15
OI0005752,O002962,P00051,1,220.14,0.0
OI0005753,O002962,P00032,1,492.19,0.0
OI0005754,O002963,P00069,1,452.65,0.15
OI0005755,O002963,P00013,1,427.3,0.0
OI0005756,O002963,P00017,1,369.49,0.15
OI0005757,O002964,P00064,3,25.74,0.0
OI0005758,O002964,P00056,3,496.49,0.0
OI0005759,O002965,P00059,1,377.25,0.15
OI0005760,O002966,P00080,1,65.63,0.2
OI0005761,O002966,P00032,1,492.19,0.2
OI0005762,O002966,P00118,2,509.33,0.15
OI0005763,O002967,P00106,4,183.48,0.1
OI0005764,O002967,P00068,1,131.83,0.05
OI0005765,O002968,P00006,1,117.92,0.0
OI0005766,O002968,P00010,2,9.72,0.0
OI0005767,O002969,P00005,2,297.83,0.1
OI0005768,O002969,P00019,4,80.96,0.15
OI0005769,O002970,P00082,1,380.3,0.0
OI0005770,O002970,P00104,2,250.89,0.05
OI0005771,O002971,P00066,1,422.64,0.0
OI0005772,O002971,P00093,1,320.92,0.0
OI0005773,O002972,P00119,1,324.39,0.15
OI0005774,O002972,P00082,2,380.3,0.0
OI0005775,O002973,P00055,4,268.52,0.0
OI0005776,O002973,P00052,1,396.7,0.0
OI0005777,O002974,P00096,1,302.38,0.0
OI0005778,O002975,P00093,1,320.92,0.15
OI0005779,O002975,P00084,1,477.09,0.0
OI0005780,O002976,P00108,1,475.6,0.05
OI0005781,O002976,P00117,2,372.96,0.0
OI0005782,O002977,P00102,2,377.84,0.0
OI0005783,O002977,P00025,1,205.26,0.0
OI0005784,O002977,P00074,1,138.42,0.1
OI0005785,O002978,P00066,3,422.64,0.1
OI0005786,O002979,P00110,1,82.92,0.15
OI0005787,O002979,P00102,1,377.84,0.2
OI0005788,O002979,P00032,1,492.19,0.0
OI0005789,O002980,P00048,1,606.69,0.1
OI0005790,O002981,P00061,1,62.41,0.2
OI0005791,O002981,P00028,2,43.31,0.05
OI0005792,O002982,P00036,2,136.63,0.0
OI0005793,O002982,P00096,1,302.38,0.0
OI0005794,O002982,P00089,1,185.57,0.1
OI0005795,O002982,P00100,1,205.9,0.15
OI0005796,O002983,P00006,1,117.92,0.0
OI0005797,O002983,P00078,1,203.68,0.15
OI0005798,O002983,P00052,1,396.7,0.0
OI0005799,O002984,P00035,2,385.83,0.05
OI0005800,O002984,P00001,1,186.44,0.0
OI0005801,O002985,P00003,1,419.56,0.05
OI0005802,O002985,P00101,1,79.35,0.15
OI0005803,O002986,P00017,1,369.49,0.0
OI0005804,O002986,P00036,1,136.63,0.05
OI0005805,O002987,P00077,2,263.58,0.15
OI0005806,O002987,P00102,1,377.84,0.0
OI0005807,O002988,P00013,1,427.3,0.0
OI0005808,O002988,P00029,1,359.81,0.0
OI0005809,O002989,P00091,1,86.94,0.0
OI0005810,O002989,P00042,4,444.01,0.0
OI0005811,O002990,P00079,2,142.89,0.0
OI0005812,O002991,P00094,4,222.34,0.2
OI0005813,O002991,P00092,1,315.53,0.05
OI0005814,O002991,P00078,3,203.68,0.1
OI0005815,O002992,P00054,1,499.72,0.1
OI0005816,O002992,P00082,1,380.3,0.05
OI0005817,O002992,P00077,1,263.58,0.05
OI0005818,O002992,P00043,2,243.73,0.1
OI0005819,O002993,P00002,1,75.51,0.0
OI0005820,O002993,P00044,2,52.37,0.0
OI0005821,O002994,P00045,2,303.55,0.2
OI0005822,O002995,P00057,2,460.12,0.0
OI0005823,O002996,P00060,1,534.46,0.2
OI0005824,O002997,P00096,1,302.38,0.0
OI0005825,O002997,P00064,1,25.74,0.1
OI0005826,O002998,P00090,1,335.08,0.0
OI0005827,O002998,P00022,2,315.29,0.05
OI0005828,O002998,P00087,1,117.6,0.0
OI0005829,O002998,P00050,1,212.38,0.15
OI0005830,O002999,P00110,4,82.92,0.1
OI0005831,O003000,P00011,3,477.15,0.15
OI0005832,O003001,P00063,1,329.62,0.15
OI0005833,O003001,P00072,2,362.99,0.1
OI0005834,O003001,P00045,2,303.55,0.0
OI0005835,O003001,P00011,1,477.15,0.0
OI0005836,O003001,P00027,1,425.73,0.0
OI0005837,O003002,P00097,2,193.82,0.0
OI0005838,O003003,P00058,1,268.06,0.0
OI0005839,O003003,P00087,1,117.6,0.0
OI0005840,O003003,P00060,3,534.46,0.1
OI0005841,O003004,P00075,2,181.47,0.0
OI0005842,O003005,P00080,2,65.63,0.0
OI0005843,O003006,P00073,1,380.75,0.0
OI0005844,O003006,P00056,1,496.49,0.2
OI0005845,O003006,P00054,1,499.72,0.0
OI0005846,O003006,P00098,1,298.47,0.1
OI0005847,O003007,P00096,2,302.38,0.05
OI0005848,O003008,P00031,1,462.82,0.05
OI0005849,O003009,P00118,2,509.33,0.05
OI0005850,O003009,P00069,1,452.65,0.1
OI0005851,O003009,P00017,2,369.49,0.2
OI0005852,O003010,P00016,1,21.7,0.0
OI0005853,O003010,P00013,1,427.3,0.0
OI0005854,O003010,P00051,1,220.14,0.0
OI0005855,O003011,P00074,2,138.42,0.2
OI0005856,O003011,P00038,2,373.16,0.0
OI0005857,O003011,P00023,1,220.19,0.2
OI0005858,O003012,P00100,2,205.9,0.05
OI0005859,O003012,P00095,1,40.98,0.1
OI0005860,O003013,P00053,1,564.38,0.0
OI0005861,O003014,P00097,1,193.82,0.1
OI0005862,O003014,P00028,1,43.31,0.0
OI0005863,O003014,P00054,2,499.72,0.0
OI0005864,O003015,P00099,2,91.51,0.15
OI0005865,O003015,P00047,2,293.14,0.0
OI0005866,O003016,P00086,1,55.76,0.15
OI0005867,O003017,P00082,1,380.3,0.15
OI0005868,O003017,P00098,2,298.47,0.0
OI0005869,O003018,P00065,1,96.5,0.1
OI0005870,O003018,P00069,1,452.65,0.05
OI0005871,O003019,P00029,1,359.81,0.05
OI0005872,O003019,P00110,1,82.92,0.05
OI0005873,O003020,P00097,1,193.82,0.05
OI0005874,O003020,P00060,2,534.46,0.0
OI0005875,O003020,P00037,1,379.94,0.2
OI0005876,O003020,P00106,1,183.48,0.0
OI0005877,O003021,P00052,2,396.7,0.0
OI0005878,O003022,P00001,1,186.44,0.1
OI0005879,O003023,P00107,1,373.63,0.2
OI0005880,O003023,P00043,1,243.73,0.05
OI0005881,O003024,P00084,1,477.09,0.0
OI0005882,O003025,P00088,1,15.01,0.0
OI0005883,O003025,P00117,1,372.96,0.05
OI0005884,O003026,P00075,3,181.47,0.05
OI0005885,O003026,P00084,2,477.09,0.05
OI0005886,O003026,P00054,3,499.72,0.0
OI0005887,O003027,P00082,2,380.3,0.1
OI0005888,O003027,P00004,1,41.11,0.0
OI0005889,O003028,P00018,1,97.12,0.1
OI0005890,O003028,P00079,1,142.89,0.0
OI0005891,O003028,P00080,2,65.63,0.1
OI0005892,O003029,P00074,2,138.42,0.0
OI0005893,O003029,P00094,1,222.34,0.0
OI0005894,O003029,P00053,1,564.38,0.1
OI0005895,O003030,P00032,1,492.19,0.0
OI0005896,O003031,P00073,1,380.75,0.15
OI0005897,O003032,P00061,1,62.41,0.15
OI0005898,O003033,P00012,3,518.79,0.0
OI0005899,O003033,P00048,1,606.69,0.15
OI0005900,O003034,P00077,1,263.58,0.2
OI0005901,O003034,P00114,1,426.8,0.15
OI0005902,O003035,P00050,2,212.38,0.1
OI0005903,O003035,P00071,2,455.29,0.2
OI0005904,O003036,P00025,3,205.26,0.0
OI0005905,O003036,P00109,1,130.78,0.05
OI0005906,O003037,P00048,1,606.69,0.15
OI0005907,O003038,P00112,1,264.71,0.05
OI0005908,O003038,P00031,1,462.82,0.15
OI0005909,O003038,P00023,2,220.19,0.0
OI0005910,O003039,P00042,1,444.01,0.0
OI0005911,O003040,P00038,1,373.16,0.0
OI0005912,O003041,P00115,1,275.35,0.0
OI0005913,O003041,P00004,1,41.11,0.1
OI0005914,O003042,P00060,2,534.46,0.05
OI0005915,O003043,P00032,2,492.19,0.1
OI0005916,O003043,P00088,1,15.01,0.05
OI0005917,O003044,P00031,4,462.82,0.2
OI0005918,O003045,P00023,1,220.19,0.1
OI0005919,O003045,P00060,1,534.46,0.15
OI0005920,O003046,P00015,1,125.4,0.2
OI0005921,O003047,P00078,3,203.68,0.0
OI0005922,O003047,P00108,1,475.6,0.0
OI0005923,O003047,P00043,1,243.73,0.05
OI0005924,O003047,P00112,2,264.71,0.15
OI0005925,O003048,P00009,1,411.99,0.0
OI0005926,O003049,P00096,2,302.38,0.15
OI0005927,O003049,P00005,2,297.83,0.15
OI0005928,O003050,P00053,4,564.38,0.1
OI0005929,O003050,P00111,1,39.89,0.05
OI0005930,O003051,P00111,1,39.89,0.2
OI0005931,O003051,P00050,1,212.38,0.05
OI0005932,O003051,P00010,1,9.72,0.0
OI0005933,O003052,P00114,1,426.8,0.1
OI0005934,O003052,P00092,2,315.53,0.0
OI0005935,O003053,P00092,1,315.53,0.1
OI0005936,O003053,P00100,2,205.9,0.15
OI0005937,O003054,P00069,2,452.65,0.05
OI0005938,O003054,P00092,1,315.53,0.05
OI0005939,O003054,P00004,3,41.11,0.2
OI0005940,O003055,P00093,1,320.92,0.0
OI0005941,O003055,P00008,1,441.52,0.2
OI0005942,O003056,P00051,3,220.14,0.2
OI0005943,O003056,P00107,1,373.63,0.15
OI0005944,O003057,P00099,3,91.51,0.0
OI0005945,O003058,P00047,3,293.14,0.05
OI0005946,O003059,P00092,1,315.53,0.1
OI0005947,O003060,P00081,3,74.04,0.15
OI0005948,O003061,P00057,3,460.12,0.2
OI0005949,O003061,P00055,2,268.52,0.0
OI0005950,O003062,P00014,1,306.6,0.0
OI0005951,O003063,P00109,2,130.78,0.2
OI0005952,O003063,P00034,3,79.08,0.2
OI0005953,O003064,P00075,2,181.47,0.2
OI0005954,O003065,P00102,1,377.84,0.0
OI0005955,O003065,P00015,3,125.4,0.05
OI0005956,O003065,P00093,1,320.92,0.15
OI0005957,O003065,P00022,2,315.29,0.0
OI0005958,O003066,P00019,1,80.96,0.0
OI0005959,O003067,P00102,4,377.84,0.05
OI0005960,O003068,P00027,1,425.73,0.0
OI0005961,O003068,P00034,4,79.08,0.15
OI0005962,O003068,P00013,2,427.3,0.15
OI0005963,O003069,P00010,1,9.72,0.15
OI0005964,O003069,P00059,1,377.25,0.05
OI0005965,O003069,P00116,2,571.16,0.2
OI0005966,O003070,P00032,1,492.19,0.2
OI0005967,O003071,P00034,1,79.08,0.0
OI0005968,O003072,P00038,4,373.16,0.15
OI0005969,O003073,P00057,1,460.12,0.0
OI0005970,O003074,P00101,2,79.35,0.15
OI0005971,O003074,P00058,2,268.06,0.0
OI0005972,O003075,P00073,1,380.75,0.0
OI0005973,O003075,P00036,1,136.63,0.2
OI0005974,O003075,P00077,2,263.58,0.0
OI0005975,O003076,P00019,2,80.96,0.0
OI0005976,O003076,P00067,1,529.3,0.0
OI0005977,O003076,P00037,1,379.94,0.1
OI0005978,O003076,P00004,1,41.11,0.0
OI0005979,O003077,P00092,1,315.53,0.0
OI0005980,O003077,P00038,1,373.16,0.15
OI0005981,O003078,P00021,1,265.21,0.1
OI0005982,O003079,P00082,1,380.3,0.0
OI0005983,O003080,P00061,1,62.41,0.05
OI0005984,O003080,P00092,1,315.53,0.15
OI0005985,O003081,P00038,1,373.16,0.0
OI0005986,O003082,P00096,1,302.38,0.15
OI0005987,O003082,P00104,2,250.89,0.0
OI0005988,O003083,P00019,2,80.96,0.0
OI0005989,O003083,P00078,1,203.68,0.2
OI0005990,O003084,P00050,2,212.38,0.15
OI0005991,O003084,P00033,1,97.17,0.0
OI0005992,O003085,P00004,2,41.11,0.2
OI0005993,O003086,P00028,1,43.31,0.1
OI0005994,O003087,P00039,4,78.36,0.1
OI0005995,O003087,P00019,3,80.96,0.0
OI0005996,O003088,P00034,1,79.08,0.0
OI0005997,O003089,P00093,1,320.92,0.1
OI0005998,O003090,P00096,1,302.38,0.05
OI0005999,O003090,P00112,1,264.71,0.05
OI0006000,O003090,P00067,3,529.3,0.1
OI0006001,O003091,P00116,2,571.16,0.15
OI0006002,O003091,P00022,3,315.29,0.0
OI0006003,O003091,P00045,2,303.55,0.1
OI0006004,O003092,P00110,1,82.92,0.1
OI0006005,O003093,P00041,1,19.77,0.1
OI0006006,O003094,P00048,1,606.69,0.05
OI0006007,O003094,P00049,1,193.92,0.15
OI0006008,O003094,P00111,1,39.89,0.0
OI0006009,O003095,P00112,3,264.71,0.1
OI0006010,O003096,P00062,1,140.07,0.05
OI0006011,O003096,P00023,1,220.19,0.05
OI0006012,O003097,P00002,2,75.51,0.0
OI0006013,O003097,P00086,1,55.76,0.0
OI0006014,O003098,P00029,4,359.81,0.0
OI0006015,O003098,P00040,4,464.84,0.1
OI0006016,O003098,P00027,2,425.73,0.2
OI0006017,O003098,P00020,3,21.08,0.15
OI0006018,O003099,P00102,3,377.84,0.0
OI0006019,O003100,P00084,3,477.09,0.05
OI0006020,O003100,P00026,2,236.15,0.1
OI0006021,O003100,P00046,1,488.5,0.15
OI0006022,O003100,P00064,1,25.74,0.0
OI0006023,O003101,P00108,2,475.6,0.15
OI0006024,O003102,P00109,1,130.78,0.2
OI0006025,O003103,P00101,2,79.35,0.0
OI0006026,O003103,P00068,3,131.83,0.15
OI0006027,O003104,P00026,2,236.15,0.15
OI0006028,O003104,P00047,1,293.14,0.0
OI0006029,O003105,P00052,1,396.7,0.0
OI0006030,O003105,P00081,1,74.04,0.1
OI0006031,O003105,P00013,3,427.3,0.0
OI0006032,O003106,P00035,2,385.83,0.1
OI0006033,O003106,P00071,1,455.29,0.2
OI0006034,O003107,P00095,1,40.98,0.1
OI0006035,O003108,P00112,1,264.71,0.0
OI0006036,O003109,P00103,1,132.87,0.05
OI0006037,O003109,P00008,2,441.52,0.1
OI0006038,O003110,P00067,2,529.3,0.15
OI0006039,O003110,P00032,3,492.19,0.0
OI0006040,O003110,P00033,1,97.17,0.15
OI0006041,O003110,P00103,2,132.87,0.15
OI0006042,O003111,P00110,1,82.92,0.0
OI0006043,O003112,P00030,1,211.27,0.15
OI0006044,O003112,P00089,2,185.57,0.05
OI0006045,O003113,P00023,3,220.19,0.1
OI0006046,O003113,P00006,4,117.92,0.0
OI0006047,O003114,P00071,1,455.29,0.0
OI0006048,O003115,P00012,1,518.79,0.0
OI0006049,O003115,P00096,1,302.38,0.15
OI0006050,O003116,P00107,4,373.63,0.0
OI0006051,O003116,P00118,2,509.33,0.1
OI0006052,O003116,P00009,1,411.99,0.0
OI0006053,O003117,P00008,1,441.52,0.0
OI0006054,O003118,P00030,1,211.27,0.1
OI0006055,O003118,P00032,1,492.19,0.2
OI0006056,O003119,P00075,2,181.47,0.1
OI0006057,O003119,P00062,2,140.07,0.2
OI0006058,O003119,P00060,3,534.46,0.0
OI0006059,O003119,P00013,1,427.3,0.0
OI0006060,O003120,P00102,2,377.84,0.15
OI0006061,O003121,P00010,1,9.72,0.0
OI0006062,O003121,P00026,1,236.15,0.05
OI0006063,O003121,P00062,2,140.07,0.0
OI0006064,O003121,P00015,1,125.4,0.0
OI0006065,O003121,P00057,1,460.12,0.1
OI0006066,O003122,P00076,3,271.68,0.0
OI0006067,O003123,P00077,3,263.58,0.0
OI0006068,O003123,P00063,1,329.62,0.1
OI0006069,O003124,P00002,3,75.51,0.1
OI0006070,O003125,P00056,1,496.49,0.2
OI0006071,O003126,P00116,2,571.16,0.0
OI0006072,O003127,P00093,1,320.92,0.05
OI0006073,O003128,P00100,1,205.9,0.0
OI0006074,O003128,P00083,1,125.94,0.1
OI0006075,O003129,P00104,1,250.89,0.1
OI0006076,O003129,P00082,1,380.3,0.2
OI0006077,O003130,P00059,3,377.25,0.0
OI0006078,O003130,P00001,1,186.44,0.2
OI0006079,O003131,P00053,2,564.38,0.0
OI0006080,O003131,P00077,1,263.58,0.05
OI0006081,O003132,P00081,1,74.04,0.0
OI0006082,O003133,P00043,1,243.73,0.1
OI0006083,O003133,P00065,2,96.5,0.0
OI0006084,O003133,P00062,2,140.07,0.15
OI0006085,O003134,P00039,1,78.36,0.0
OI0006086,O003135,P00112,1,264.71,0.0
OI0006087,O003135,P00069,1,452.65,0.15
OI0006088,O003135,P00032,2,492.19,0.1
OI0006089,O003135,P00044,1,52.37,0.1
OI0006090,O003136,P00040,1,464.84,0.15
OI0006091,O003137,P00057,1,460.12,0.0
OI0006092,O003138,P00097,4,193.82,0.0
OI0006093,O003138,P00024,1,194.34,0.0
OI0006094,O003138,P00063,1,329.62,0.1
OI0006095,O003139,P00061,1,62.41,0.05
OI0006096,O003140,P00021,1,265.21,0.0
OI0006097,O003141,P00009,1,411.99,0.0
OI0006098,O003141,P00098,1,298.47,0.0
OI0006099,O003141,P00056,1,496.49,0.2
OI0006100,O003141,P00087,1,117.6,0.05
OI0006101,O003142,P00044,1,52.37,0.1
OI0006102,O003142,P00082,4,380.3,0.2
OI0006103,O003142,P00088,1,15.01,0.0
OI0006104,O003143,P00025,4,205.26,0.0
OI0006105,O003143,P00100,1,205.9,0.2
OI0006106,O003144,P00030,2,211.27,0.0
OI0006107,O003145,P00040,2,464.84,0.1
OI0006108,O003146,P00040,1,464.84,0.0
OI0006109,O003147,P00099,3,91.51,0.1
OI0006110,O003148,P00061,1,62.41,0.0
OI0006111,O003149,P00088,1,15.01,0.1
OI0006112,O003149,P00039,1,78.36,0.0
OI0006113,O003150,P00074,2,138.42,0.15
OI0006114,O003151,P00020,1,21.08,0.0
OI0006115,O003151,P00042,1,444.01,0.0
OI0006116,O003152,P00099,2,91.51,0.2
OI0006117,O003152,P00051,1,220.14,0.0
OI0006118,O003153,P00110,1,82.92,0.0
OI0006119,O003154,P00079,4,142.89,0.0
OI0006120,O003154,P00085,1,274.09,0.0
OI0006121,O003155,P00067,1,529.3,0.05
OI0006122,O003156,P00084,1,477.09,0.1
OI0006123,O003157,P00101,1,79.35,0.0
OI0006124,O003157,P00054,2,499.72,0.0
OI0006125,O003157,P00100,1,205.9,0.0
OI0006126,O003157,P00093,2,320.92,0.05
OI0006127,O003158,P00120,1,568.77,0.2
OI0006128,O003158,P00110,3,82.92,0.0
OI0006129,O003159,P00048,1,606.69,0.0
OI0006130,O003160,P00040,1,464.84,0.0
OI0006131,O003160,P00043,1,243.73,0.2
OI0006132,O003160,P00094,2,222.34,0.15
OI0006133,O003161,P00041,2,19.77,0.05
OI0006134,O003161,P00058,1,268.06,0.2
OI0006135,O003161,P00040,2,464.84,0.05
OI0006136,O003161,P00055,2,268.52,0.0
OI0006137,O003161,P00073,2,380.75,0.2
OI0006138,O003162,P00052,1,396.7,0.0
OI0006139,O003162,P00008,1,441.52,0.15
OI0006140,O003162,P00053,2,564.38,0.2
OI0006141,O003163,P00018,1,97.12,0.0
OI0006142,O003163,P00059,4,377.25,0.2
OI0006143,O003163,P00099,3,91.51,0.15
OI0006144,O003163,P00036,3,136.63,0.0
OI0006145,O003164,P00027,3,425.73,0.0
OI0006146,O003164,P00085,2,274.09,0.2
OI0006147,O003164,P00092,2,315.53,0.0
OI0006148,O003164,P00033,1,97.17,0.0
OI0006149,O003165,P00042,1,444.01,0.05
OI0006150,O003166,P00102,1,377.84,0.05
OI0006151,O003167,P00042,2,444.01,0.2
OI0006152,O003167,P00072,1,362.99,0.0
OI0006153,O003167,P00095,2,40.98,0.1
OI0006154,O003167,P00026,1,236.15,0.1
OI0006155,O003168,P00057,3,460.12,0.2
OI0006156,O003169,P00036,2,136.63,0.0
OI0006157,O003170,P00010,1,9.72,0.0
OI0006158,O003171,P00021,1,265.21,0.05
OI0006159,O003171,P00042,4,444.01,0.15
OI0006160,O003171,P00093,1,320.92,0.1
OI0006161,O003172,P00061,3,62.41,0.2
OI0006162,O003172,P00006,3,117.92,0.15
OI0006163,O003173,P00050,1,212.38,0.15
OI0006164,O003174,P00117,1,372.96,0.05
OI0006165,O003174,P00091,1,86.94,0.0
OI0006166,O003175,P00036,1,136.63,0.05
OI0006167,O003175,P00078,1,203.68,0.0
OI0006168,O003175,P00076,1,271.68,0.0
OI0006169,O003176,P00008,2,441.52,0.1
OI0006170,O003176,P00082,2,380.3,0.0
OI0006171,O003176,P00044,1,52.37,0.05
OI0006172,O003176,P00036,1,136.63,0.0
OI0006173,O003177,P00015,1,125.4,0.05
OI0006174,O003178,P00018,1,97.12,0.15
OI0006175,O003179,P00010,2,9.72,0.2
OI0006176,O003179,P00042,1,444.01,0.15
OI0006177,O003180,P00053,2,564.38,0.2
OI0006178,O003180,P00106,1,183.48,0.0
OI0006179,O003180,P00020,1,21.08,0.1
OI0006180,O003181,P00039,1,78.36,0.0
OI0006181,O003181,P00074,1,138.42,0.1
OI0006182,O003182,P00012,1,518.79,0.05
OI0006183,O003183,P00032,2,492.19,0.2
OI0006184,O003183,P00042,1,444.01,0.15
OI0006185,O003183,P00074,3,138.42,0.0
OI0006186,O003183,P00070,2,403.55,0.1
OI0006187,O003184,P00068,1,131.83,0.0
OI0006188,O003184,P00105,1,567.15,0.15
OI0006189,O003185,P00003,1,419.56,0.0
OI0006190,O003186,P00099,1,91.51,0.2
OI0006191,O003187,P00009,1,411.99,0.2
OI0006192,O003188,P00101,1,79.35,0.15
OI0006193,O003188,P00090,2,335.08,0.0
OI0006194,O003188,P00092,2,315.53,0.2
OI0006195,O003189,P00047,1,293.14,0.2
OI0006196,O003189,P00116,3,571.16,0.05
OI0006197,O003190,P00096,2,302.38,0.0
OI0006198,O003191,P00024,1,194.34,0.05
OI0006199,O003191,P00042,1,444.01,0.0
OI0006200,O003192,P00059,3,377.25,0.0
OI0006201,O003193,P00043,3,243.73,0.15
OI0006202,O003193,P00026,1,236.15,0.0
OI0006203,O003193,P00087,1,117.6,0.0
OI0006204,O003194,P00078,3,203.68,0.15
OI0006205,O003195,P00120,1,568.77,0.0
OI0006206,O003196,P00018,1,97.12,0.05
OI0006207,O003196,P00016,1,21.7,0.05
OI0006208,O003196,P00083,1,125.94,0.2
OI0006209,O003196,P00053,1,564.38,0.05
OI0006210,O003197,P00103,1,132.87,0.0
OI0006211,O003197,P00007,1,522.61,0.1
OI0006212,O003197,P00107,1,373.63,0.0
OI0006213,O003197,P00068,1,131.83,0.0
OI0006214,O003198,P00073,1,380.75,0.0
OI0006215,O003198,P00056,2,496.49,0.1
OI0006216,O003199,P00112,2,264.71,0.0
OI0006217,O003199,P00103,1,132.87,0.2
OI0006218,O003200,P00069,1,452.65,0.1
OI0006219,O003200,P00063,1,329.62,0.0
OI0006220,O003200,P00037,4,379.94,0.15
OI0006221,O003201,P00009,1,411.99,0.15
OI0006222,O003202,P00010,1,9.72,0.1
OI0006223,O003203,P00012,1,518.79,0.2
OI0006224,O003203,P00072,2,362.99,0.0
OI0006225,O003204,P00069,2,452.65,0.2
OI0006226,O003204,P00021,1,265.21,0.1
OI0006227,O003205,P00109,2,130.78,0.2
OI0006228,O003206,P00012,2,518.79,0.1
OI0006229,O003207,P00119,1,324.39,0.05
OI0006230,O003208,P00079,2,142.89,0.2
OI0006231,O003208,P00084,2,477.09,0.0
OI0006232,O003208,P00025,3,205.26,0.2
OI0006233,O003209,P00088,1,15.01,0.2
OI0006234,O003209,P00056,4,496.49,0.0
OI0006235,O003210,P00060,2,534.46,0.15
OI0006236,O003210,P00058,1,268.06,0.0
OI0006237,O003211,P00084,1,477.09,0.15
OI0006238,O003211,P00043,1,243.73,0.1
OI0006239,O003211,P00010,1,9.72,0.0
OI0006240,O003211,P00024,1,194.34,0.05
OI0006241,O003212,P00068,2,131.83,0.2
OI0006242,O003213,P00089,1,185.57,0.2
OI0006243,O003213,P00095,2,40.98,0.05
OI0006244,O003214,P00114,1,426.8,0.05
OI0006245,O003214,P00003,1,419.56,0.1
OI0006246,O003215,P00038,1,373.16,0.2
OI0006247,O003215,P00001,1,186.44,0.05
OI0006248,O003215,P00080,1,65.63,0.0
OI0006249,O003216,P00002,2,75.51,0.0
OI0006250,O003216,P00029,1,359.81,0.05
OI0006251,O003217,P00020,2,21.08,0.0
OI0006252,O003218,P00110,1,82.92,0.1
OI0006253,O003218,P00029,2,359.81,0.15
OI0006254,O003219,P00099,1,91.51,0.15
OI0006255,O003219,P00042,1,444.01,0.0
OI0006256,O003219,P00069,1,452.65,0.2
OI0006257,O003219,P00059,2,377.25,0.2
OI0006258,O003219,P00084,1,477.09,0.1
OI0006259,O003220,P00119,2,324.39,0.0
OI0006260,O003221,P00115,1,275.35,0.2
OI0006261,O003221,P00113,1,151.95,0.1
OI0006262,O003221,P00092,1,315.53,0.0
OI0006263,O003222,P00025,2,205.26,0.0
OI0006264,O003222,P00099,1,91.51,0.0
OI0006265,O003223,P00040,2,464.84,0.0
OI0006266,O003223,P00024,1,194.34,0.0
OI0006267,O003224,P00069,1,452.65,0.2
OI0006268,O003224,P00078,3,203.68,0.0
OI0006269,O003225,P00100,1,205.9,0.0
OI0006270,O003226,P00070,2,403.55,0.0
OI0006271,O003227,P00009,1,411.99,0.0
OI0006272,O003228,P00112,3,264.71,0.0
OI0006273,O003228,P00041,4,19.77,0.0
OI0006274,O003228,P00119,1,324.39,0.0
OI0006275,O003228,P00030,3,211.27,0.0
OI0006276,O003228,P00085,1,274.09,0.05
OI0006277,O003229,P00035,1,385.83,0.0
OI0006278,O003230,P00120,1,568.77,0.0
OI0006279,O003230,P00118,1,509.33,0.2
OI0006280,O003231,P00046,1,488.5,0.05
OI0006281,O003231,P00004,1,41.11,0.0
OI0006282,O003231,P00018,1,97.12,0.2
OI0006283,O003232,P00049,1,193.92,0.15
OI0006284,O003232,P00004,1,41.11,0.2
OI0006285,O003232,P00057,1,460.12,0.15
OI0006286,O003232,P00112,3,264.71,0.0
OI0006287,O003233,P00049,1,193.92,0.0
OI0006288,O003234,P00058,3,268.06,0.05
OI0006289,O003235,P00052,2,396.7,0.0
OI0006290,O003236,P00027,4,425.73,0.2
OI0006291,O003237,P00049,2,193.92,0.2
OI0006292,O003237,P00076,1,271.68,0.0
OI0006293,O003238,P00012,1,518.79,0.0
OI0006294,O003239,P00065,4,96.5,0.1
OI0006295,O003239,P00117,1,372.96,0.15
OI0006296,O003240,P00067,1,529.3,0.2
OI0006297,O003240,P00016,3,21.7,0.0
OI0006298,O003240,P00021,1,265.21,0.0
OI0006299,O003241,P00063,1,329.62,0.15
OI0006300,O003242,P00078,2,203.68,0.15
OI0006301,O003242,P00046,1,488.5,0.0
OI0006302,O003243,P00054,1,499.72,0.0
OI0006303,O003243,P00025,1,205.26,0.0
OI0006304,O003244,P00103,1,132.87,0.1
OI0006305,O003245,P00047,2,293.14,0.0
OI0006306,O003245,P00062,2,140.07,0.1
OI0006307,O003246,P00015,2,125.4,0.05
OI0006308,O003247,P00003,2,419.56,0.0
OI0006309,O003248,P00049,2,193.92,0.2
OI0006310,O003249,P00054,1,499.72,0.2
OI0006311,O003249,P00052,2,396.7,0.0
OI0006312,O003250,P00046,1,488.5,0.0
OI0006313,O003251,P00040,2,464.84,0.0
OI0006314,O003251,P00108,1,475.6,0.05
OI0006315,O003252,P00109,1,130.78,0.15
OI0006316,O003253,P00039,1,78.36,0.15
OI0006317,O003253,P00030,3,211.27,0.0
OI0006318,O003254,P00084,1,477.09,0.2
OI0006319,O003254,P00083,1,125.94,0.05
OI0006320,O003255,P00113,2,151.95,0.0
OI0006321,O003255,P00061,1,62.41,0.0
OI0006322,O003256,P00094,1,222.34,0.0
OI0006323,O003256,P00083,1,125.94,0.2
OI0006324,O003256,P00115,1,275.35,0.0
OI0006325,O003256,P00042,3,444.01,0.0
OI0006326,O003256,P00006,2,117.92,0.1
OI0006327,O003257,P00002,3,75.51,0.0
OI0006328,O003258,P00067,2,529.3,0.0
OI0006329,O003259,P00018,2,97.12,0.2
OI0006330,O003259,P00089,3,185.57,0.0
OI0006331,O003259,P00061,3,62.41,0.0
OI0006332,O003260,P00077,1,263.58,0.15
OI0006333,O003260,P00103,1,132.87,0.0
OI0006334,O003260,P00027,2,425.73,0.0
OI0006335,O003260,P00111,2,39.89,0.1
OI0006336,O003260,P00095,1,40.98,0.05
OI0006337,O003261,P00106,2,183.48,0.0
OI0006338,O003262,P00054,1,499.72,0.0
OI0006339,O003262,P00023,1,220.19,0.15
OI0006340,O003262,P00120,1,568.77,0.2
OI0006341,O003262,P00067,1,529.3,0.2
OI0006342,O003263,P00086,3,55.76,0.0
OI0006343,O003263,P00024,1,194.34,0.0
OI0006344,O003264,P00101,2,79.35,0.0
OI0006345,O003264,P00021,1,265.21,0.05
OI0006346,O003265,P00027,2,425.73,0.05
OI0006347,O003265,P00040,2,464.84,0.15
OI0006348,O003266,P00048,2,606.69,0.2
OI0006349,O003266,P00117,1,372.96,0.0
OI0006350,O003267,P00080,1,65.63,0.0
OI0006351,O003268,P00004,1,41.11,0.2
OI0006352,O003269,P00004,2,41.11,0.0
OI0006353,O003270,P00004,1,41.11,0.05
OI0006354,O003270,P00114,1,426.8,0.0
OI0006355,O003271,P00095,1,40.98,0.0
OI0006356,O003271,P00112,1,264.71,0.05
OI0006357,O003272,P00006,1,117.92,0.05
OI0006358,O003272,P00070,1,403.55,0.2
OI0006359,O003273,P00077,1,263.58,0.15
OI0006360,O003274,P00068,1,131.83,0.0
OI0006361,O003274,P00022,1,315.29,0.0
OI0006362,O003274,P00021,2,265.21,0.0
OI0006363,O003274,P00013,1,427.3,0.0
OI0006364,O003275,P00054,2,499.72,0.0
OI0006365,O003276,P00015,1,125.4,0.05
OI0006366,O003276,P00061,1,62.41,0.2
OI0006367,O003276,P00060,2,534.46,0.1
OI0006368,O003277,P00057,1,460.12,0.0
OI0006369,O003278,P00110,1,82.92,0.1
OI0006370,O003279,P00104,1,250.89,0.15
OI0006371,O003280,P00001,1,186.44,0.05
OI0006372,O003280,P00040,1,464.84,0.05
OI0006373,O003281,P00116,2,571.16,0.0
OI0006374,O003282,P00017,1,369.49,0.0
OI0006375,O003283,P00085,1,274.09,0.1
OI0006376,O003284,P00047,1,293.14,0.0
OI0006377,O003284,P00079,1,142.89,0.05
OI0006378,O003284,P00086,2,55.76,0.05
OI0006379,O003284,P00092,1,315.53,0.15
OI0006380,O003285,P00107,1,373.63,0.2
OI0006381,O003286,P00074,1,138.42,0.0
OI0006382,O003286,P00026,1,236.15,0.0
OI0006383,O003287,P00066,1,422.64,0.0
OI0006384,O003288,P00104,2,250.89,0.0
OI0006385,O003288,P00019,2,80.96,0.15
OI0006386,O003289,P00011,3,477.15,0.0
OI0006387,O003289,P00096,1,302.38,0.15
OI0006388,O003290,P00052,1,396.7,0.0
OI0006389,O003291,P00114,1,426.8,0.1
OI0006390,O003292,P00014,1,306.6,0.0
OI0006391,O003293,P00029,3,359.81,0.0
OI0006392,O003293,P00033,1,97.17,0.15
OI0006393,O003294,P00085,2,274.09,0.0
OI0006394,O003295,P00043,1,243.73,0.15
OI0006395,O003296,P00060,2,534.46,0.15
OI0006396,O003297,P00076,1,271.68,0.0
OI0006397,O003297,P00067,1,529.3,0.2
OI0006398,O003297,P00074,1,138.42,0.0
OI0006399,O003298,P00042,3,444.01,0.05
OI0006400,O003299,P00048,1,606.69,0.0
OI0006401,O003299,P00085,2,274.09,0.1
OI0006402,O003300,P00095,4,40.98,0.2
OI0006403,O003301,P00005,1,297.83,0.2
OI0006404,O003301,P00096,2,302.38,0.05
OI0006405,O003301,P00116,1,571.16,0.15
OI0006406,O003302,P00007,2,522.61,0.2
OI0006407,O003303,P00026,1,236.15,0.0
OI0006408,O003303,P00024,2,194.34,0.0
OI0006409,O003304,P00082,1,380.3,0.2
OI0006410,O003304,P00005,1,297.83,0.2
OI0006411,O003305,P00031,1,462.82,0.05
OI0006412,O003305,P00021,3,265.21,0.0
OI0006413,O003306,P00002,1,75.51,0.1
OI0006414,O003307,P00062,1,140.07,0.05
OI0006415,O003308,P00110,1,82.92,0.0
OI0006416,O003308,P00045,1,303.55,0.15
OI0006417,O003309,P00112,1,264.71,0.05
OI0006418,O003309,P00105,1,567.15,0.05
OI0006419,O003309,P00074,1,138.42,0.0
OI0006420,O003310,P00059,1,377.25,0.1
OI0006421,O003311,P00034,1,79.08,0.1
OI0006422,O003312,P00057,1,460.12,0.0
OI0006423,O003312,P00016,2,21.7,0.15
OI0006424,O003312,P00096,2,302.38,0.2
OI0006425,O003313,P00066,1,422.64,0.0
OI0006426,O003314,P00044,1,52.37,0.0
OI0006427,O003315,P00033,1,97.17,0.05
OI0006428,O003315,P00044,3,52.37,0.2
OI0006429,O003315,P00104,2,250.89,0.1
OI0006430,O003315,P00112,1,264.71,0.05
OI0006431,O003316,P00085,1,274.09,0.0
OI0006432,O003317,P00086,3,55.76,0.2
OI0006433,O003317,P00110,1,82.92,0.1
OI0006434,O003317,P00044,1,52.37,0.0
OI0006435,O003318,P00009,2,411.99,0.2
OI0006436,O003319,P00047,1,293.14,0.1
OI0006437,O003319,P00055,1,268.52,0.0
OI0006438,O003319,P00083,1,125.94,0.0
OI0006439,O003319,P00004,1,41.11,0.0
OI0006440,O003320,P00059,1,377.25,0.0
OI0006441,O003320,P00107,2,373.63,0.1
OI0006442,O003320,P00015,1,125.4,0.15
OI0006443,O003321,P00038,1,373.16,0.0
OI0006444,O003322,P00112,2,264.71,0.05
OI0006445,O003322,P00045,1,303.55,0.05
OI0006446,O003322,P00040,1,464.84,0.1
OI0006447,O003323,P00011,1,477.15,0.2
OI0006448,O003324,P00065,1,96.5,0.05
OI0006449,O003324,P00024,1,194.34,0.2
OI0006450,O003325,P00114,1,426.8,0.0
OI0006451,O003325,P00066,1,422.64,0.2
OI0006452,O003325,P00025,1,205.26,0.15
OI0006453,O003326,P00029,1,359.81,0.0
OI0006454,O003326,P00100,1,205.9,0.15
OI0006455,O003326,P00003,2,419.56,0.15
OI0006456,O003327,P00046,2,488.5,0.1
OI0006457,O003328,P00077,2,263.58,0.2
OI0006458,O003328,P00100,2,205.9,0.1
OI0006459,O003328,P00020,1,21.08,0.1
OI0006460,O003328,P00073,1,380.75,0.0
OI0006461,O003329,P00103,1,132.87,0.1
OI0006462,O003329,P00069,1,452.65,0.0
OI0006463,O003329,P00047,3,293.14,0.15
OI0006464,O003330,P00068,1,131.83,0.0
OI0006465,O003331,P00048,2,606.69,0.0
OI0006466,O003331,P00021,3,265.21,0.15
OI0006467,O003332,P00022,2,315.29,0.15
OI0006468,O003332,P00082,2,380.3,0.2
OI0006469,O003333,P00080,2,65.63,0.0
OI0006470,O003334,P00108,1,475.6,0.2
OI0006471,O003335,P00092,1,315.53,0.0
OI0006472,O003336,P00070,1,403.55,0.1
OI0006473,O003337,P00055,1,268.52,0.2
OI0006474,O003338,P00026,2,236.15,0.0
OI0006475,O003338,P00036,3,136.63,0.05
OI0006476,O003339,P00038,1,373.16,0.1
OI0006477,O003339,P00050,2,212.38,0.05
OI0006478,O003339,P00116,1,571.16,0.05
OI0006479,O003340,P00060,2,534.46,0.0
OI0006480,O003341,P00018,2,97.12,0.0
OI0006481,O003341,P00093,2,320.92,0.0
OI0006482,O003342,P00010,3,9.72,0.0
OI0006483,O003343,P00091,2,86.94,0.15
OI0006484,O003343,P00072,2,362.99,0.0
OI0006485,O003344,P00027,1,425.73,0.15
OI0006486,O003345,P00079,1,142.89,0.1
OI0006487,O003346,P00009,1,411.99,0.0
OI0006488,O003347,P00097,3,193.82,0.05
OI0006489,O003347,P00053,2,564.38,0.2
OI0006490,O003347,P00018,1,97.12,0.0
OI0006491,O003347,P00019,1,80.96,0.2
OI0006492,O003348,P00104,1,250.89,0.05
OI0006493,O003348,P00032,2,492.19,0.2
OI0006494,O003349,P00021,1,265.21,0.1
OI0006495,O003349,P00083,2,125.94,0.0
OI0006496,O003349,P00054,1,499.72,0.0
OI0006497,O003349,P00051,2,220.14,0.2
OI0006498,O003350,P00045,1,303.55,0.0
OI0006499,O003351,P00029,2,359.81,0.0
OI0006500,O003351,P00036,2,136.63,0.05
OI0006501,O003352,P00016,2,21.7,0.15
OI0006502,O003352,P00093,2,320.92,0.1
OI0006503,O003353,P00087,3,117.6,0.0
OI0006504,O003353,P00020,2,21.08,0.15
OI0006505,O003353,P00027,2,425.73,0.0
OI0006506,O003353,P00057,1,460.12,0.2
OI0006507,O003354,P00042,1,444.01,0.0
OI0006508,O003355,P00082,2,380.3,0.0
OI0006509,O003355,P00016,2,21.7,0.1
OI0006510,O003355,P00067,1,529.3,0.0
OI0006511,O003356,P00099,1,91.51,0.15
OI0006512,O003357,P00077,1,263.58,0.05
OI0006513,O003358,P00030,1,211.27,0.2
OI0006514,O003358,P00085,1,274.09,0.0
OI0006515,O003358,P00057,1,460.12,0.1
OI0006516,O003358,P00039,4,78.36,0.15
OI0006517,O003359,P00079,1,142.89,0.0
OI0006518,O003359,P00059,4,377.25,0.2
OI0006519,O003359,P00020,1,21.08,0.15
OI0006520,O003360,P00044,1,52.37,0.0
OI0006521,O003361,P00006,2,117.92,0.05
OI0006522,O003362,P00108,2,475.6,0.15
OI0006523,O003362,P00115,1,275.35,0.05
OI0006524,O003362,P00033,1,97.17,0.05
OI0006525,O003362,P00015,1,125.4,0.1
OI0006526,O003363,P00022,1,315.29,0.15
OI0006527,O003364,P00089,2,185.57,0.2
OI0006528,O003364,P00111,2,39.89,0.05
OI0006529,O003365,P00098,1,298.47,0.0
OI0006530,O003366,P00029,1,359.81,0.1
OI0006531,O003367,P00014,1,306.6,0.0
OI0006532,O003368,P00094,3,222.34,0.1
OI0006533,O003368,P00078,1,203.68,0.2
OI0006534,O003369,P00047,1,293.14,0.2
OI0006535,O003369,P00031,3,462.82,0.2
OI0006536,O003370,P00086,1,55.76,0.05
OI0006537,O003371,P00108,1,475.6,0.15
OI0006538,O003372,P00056,4,496.49,0.0
OI0006539,O003372,P00054,2,499.72,0.15
OI0006540,O003373,P00014,1,306.6,0.2
OI0006541,O003374,P00099,2,91.51,0.2
OI0006542,O003374,P00036,2,136.63,0.15
OI0006543,O003375,P00094,2,222.34,0.0
OI0006544,O003375,P00036,2,136.63,0.15
OI0006545,O003376,P00066,1,422.64,0.0
OI0006546,O003377,P00054,3,499.72,0.2
OI0006547,O003377,P00086,1,55.76,0.0
OI0006548,O003378,P00046,1,488.5,0.2
OI0006549,O003378,P00011,1,477.15,0.05
OI0006550,O003378,P00002,1,75.51,0.0
OI0006551,O003378,P00013,3,427.3,0.1
OI0006552,O003378,P00092,1,315.53,0.05
OI0006553,O003379,P00029,1,359.81,0.05
OI0006554,O003379,P00076,1,271.68,0.15
OI0006555,O003380,P00035,1,385.83,0.2
OI0006556,O003380,P00014,2,306.6,0.15
OI0006557,O003380,P00100,3,205.9,0.05
OI0006558,O003381,P00072,2,362.99,0.1
OI0006559,O003382,P00108,1,475.6,0.1
OI0006560,O003383,P00049,2,193.92,0.1
OI0006561,O003383,P00078,1,203.68,0.2
OI0006562,O003384,P00119,3,324.39,0.15
OI0006563,O003385,P00049,1,193.92,0.1
OI0006564,O003385,P00006,1,117.92,0.0
OI0006565,O003386,P00076,1,271.68,0.2
OI0006566,O003387,P00102,1,377.84,0.0
OI0006567,O003387,P00083,1,125.94,0.1
OI0006568,O003388,P00013,1,427.3,0.0
OI0006569,O003388,P00016,1,21.7,0.0
OI0006570,O003388,P00098,1,298.47,0.1
OI0006571,O003389,P00087,1,117.6,0.15
OI0006572,O003390,P00116,1,571.16,0.05
OI0006573,O003390,P00078,1,203.68,0.2
OI0006574,O003391,P00051,1,220.14,0.15
OI0006575,O003392,P00096,1,302.38,0.0
OI0006576,O003393,P00045,2,303.55,0.15
OI0006577,O003394,P00101,1,79.35,0.1
OI0006578,O003394,P00057,2,460.12,0.2
OI0006579,O003394,P00110,2,82.92,0.1
OI0006580,O003394,P00059,3,377.25,0.0
OI0006581,O003395,P00052,2,396.7,0.2
OI0006582,O003396,P00104,1,250.89,0.05
OI0006583,O003396,P00081,1,74.04,0.15
OI0006584,O003396,P00096,4,302.38,0.0
OI0006585,O003396,P00100,2,205.9,0.0
OI0006586,O003397,P00073,2,380.75,0.0
OI0006587,O003398,P00004,1,41.11,0.15
OI0006588,O003399,P00043,1,243.73,0.0
OI0006589,O003399,P00013,2,427.3,0.05
OI0006590,O003400,P00103,2,132.87,0.15
OI0006591,O003400,P00004,1,41.11,0.05
OI0006592,O003401,P00109,1,130.78,0.0
OI0006593,O003401,P00115,1,275.35,0.0
OI0006594,O003402,P00105,1,567.15,0.0
OI0006595,O003402,P00088,2,15.01,0.0
OI0006596,O003402,P00045,1,303.55,0.0
OI0006597,O003403,P00058,1,268.06,0.2
OI0006598,O003404,P00007,1,522.61,0.05
OI0006599,O003404,P00042,2,444.01,0.15
OI0006600,O003405,P00082,1,380.3,0.2
OI0006601,O003405,P00034,1,79.08,0.2
OI0006602,O003406,P00021,3,265.21,0.0
OI0006603,O003407,P00072,1,362.99,0.2
OI0006604,O003408,P00111,2,39.89,0.1
OI0006605,O003409,P00083,3,125.94,0.15
OI0006606,O003409,P00042,3,444.01,0.05
OI0006607,O003410,P00097,1,193.82,0.0
OI0006608,O003411,P00100,3,205.9,0.0
OI0006609,O003411,P00105,1,567.15,0.2
OI0006610,O003412,P00064,3,25.74,0.2
OI0006611,O003413,P00012,1,518.79,0.0
OI0006612,O003414,P00046,2,488.5,0.2
OI0006613,O003414,P00079,1,142.89,0.2
OI0006614,O003414,P00069,1,452.65,0.0
OI0006615,O003414,P00095,1,40.98,0.0
OI0006616,O003415,P00107,4,373.63,0.15
OI0006617,O003415,P00040,2,464.84,0.0
OI0006618,O003415,P00013,1,427.3,0.15
OI0006619,O003415,P00118,1,509.33,0.05
OI0006620,O003416,P00041,1,19.77,0.05
OI0006621,O003416,P00080,2,65.63,0.15
OI0006622,O003417,P00024,1,194.34,0.05
OI0006623,O003417,P00097,3,193.82,0.0
OI0006624,O003418,P00034,2,79.08,0.2
OI0006625,O003419,P00091,2,86.94,0.05
OI0006626,O003420,P00045,1,303.55,0.2
OI0006627,O003420,P00044,1,52.37,0.05
OI0006628,O003421,P00115,1,275.35,0.0
OI0006629,O003422,P00097,1,193.82,0.0
OI0006630,O003422,P00021,1,265.21,0.0
OI0006631,O003423,P00003,1,419.56,0.0
OI0006632,O003424,P00025,1,205.26,0.0
OI0006633,O003424,P00075,2,181.47,0.1
OI0006634,O003425,P00090,1,335.08,0.0
OI0006635,O003425,P00083,2,125.94,0.2
OI0006636,O003425,P00072,1,362.99,0.1
OI0006637,O003426,P00069,1,452.65,0.0
OI0006638,O003427,P00051,2,220.14,0.1
OI0006639,O003428,P00090,1,335.08,0.0
OI0006640,O003429,P00026,1,236.15,0.0
OI0006641,O003429,P00012,2,518.79,0.15
OI0006642,O003430,P00077,2,263.58,0.15
OI0006643,O003431,P00052,1,396.7,0.15
OI0006644,O003431,P00110,2,82.92,0.0
OI0006645,O003431,P00034,1,79.08,0.1
OI0006646,O003431,P00019,1,80.96,0.0
OI0006647,O003432,P00051,1,220.14,0.0
OI0006648,O003433,P00118,1,509.33,0.2
OI0006649,O003433,P00050,2,212.38,0.2
OI0006650,O003433,P00014,1,306.6,0.0
OI0006651,O003433,P00109,2,130.78,0.1
OI0006652,O003433,P00095,1,40.98,0.1
OI0006653,O003434,P00011,1,477.15,0.05
OI0006654,O003434,P00042,3,444.01,0.2
OI0006655,O003434,P00029,2,359.81,0.0
OI0006656,O003435,P00032,1,492.19,0.0
OI0006657,O003435,P00071,1,455.29,0.15
OI0006658,O003436,P00036,1,136.63,0.0
OI0006659,O003436,P00004,1,41.11,0.2
OI0006660,O003436,P00064,1,25.74,0.15
OI0006661,O003437,P00029,1,359.81,0.0
OI0006662,O003438,P00113,1,151.95,0.05
OI0006663,O003438,P00029,1,359.81,0.15
OI0006664,O003439,P00104,1,250.89,0.0
OI0006665,O003439,P00028,2,43.31,0.0
OI0006666,O003440,P00038,2,373.16,0.0
OI0006667,O003441,P00003,1,419.56,0.2
OI0006668,O003442,P00079,1,142.89,0.05
OI0006669,O003443,P00108,1,475.6,0.1
OI0006670,O003443,P00057,2,460.12,0.1
OI0006671,O003443,P00054,3,499.72,0.1
OI0006672,O003444,P00025,1,205.26,0.0
OI0006673,O003444,P00053,1,564.38,0.2
OI0006674,O003445,P00067,2,529.3,0.1
OI0006675,O003445,P00075,2,181.47,0.05
OI0006676,O003445,P00052,1,396.7,0.15
OI0006677,O003445,P00081,2,74.04,0.0
OI0006678,O003446,P00091,1,86.94,0.0
OI0006679,O003446,P00102,1,377.84,0.2
OI0006680,O003447,P00103,1,132.87,0.0
OI0006681,O003448,P00056,1,496.49,0.0
OI0006682,O003448,P00048,1,606.69,0.0
OI0006683,O003448,P00047,1,293.14,0.1
OI0006684,O003449,P00046,1,488.5,0.0
OI0006685,O003450,P00089,1,185.57,0.15
OI0006686,O003450,P00018,1,97.12,0.0
OI0006687,O003450,P00042,2,444.01,0.2
OI0006688,O003450,P00111,1,39.89,0.1
OI0006689,O003450,P00106,1,183.48,0.1
OI0006690,O003451,P00017,1,369.49,0.0
OI0006691,O003452,P00118,1,509.33,0.2
OI0006692,O003453,P00065,2,96.5,0.15
OI0006693,O003454,P00061,3,62.41,0.1
OI0006694,O003455,P00041,1,19.77,0.2
OI0006695,O003455,P00014,4,306.6,0.2
OI0006696,O003456,P00078,1,203.68,0.0
OI0006697,O003457,P00093,2,320.92,0.0
OI0006698,O003458,P00092,1,315.53,0.15
OI0006699,O003458,P00090,1,335.08,0.1
OI0006700,O003459,P00106,1,183.48,0.05
OI0006701,O003459,P00029,1,359.81,0.0
OI0006702,O003460,P00074,2,138.42,0.0
OI0006703,O003460,P00108,1,475.6,0.05
OI0006704,O003461,P00080,2,65.63,0.05
OI0006705,O003462,P00064,2,25.74,0.1
OI0006706,O003463,P00056,2,496.49,0.1
OI0006707,O003463,P00009,1,411.99,0.05
OI0006708,O003463,P00022,1,315.29,0.1
OI0006709,O003463,P00003,1,419.56,0.15
OI0006710,O003464,P00008,4,441.52,0.2
OI0006711,O003464,P00115,1,275.35,0.15
OI0006712,O003464,P00045,2,303.55,0.0
OI0006713,O003464,P00062,2,140.07,0.0
OI0006714,O003465,P00088,1,15.01,0.0
OI0006715,O003466,P00009,1,411.99,0.15
OI0006716,O003467,P00036,3,136.63,0.15
OI0006717,O003467,P00073,1,380.75,0.0
OI0006718,O003467,P00033,1,97.17,0.15
OI0006719,O003468,P00077,2,263.58,0.05
OI0006720,O003469,P00056,1,496.49,0.2
OI0006721,O003469,P00091,1,86.94,0.0
OI0006722,O003470,P00051,1,220.14,0.0
OI0006723,O003471,P00085,1,274.09,0.15
OI0006724,O003471,P00058,1,268.06,0.0
OI0006725,O003471,P00040,1,464.84,0.0
OI0006726,O003471,P00069,1,452.65,0.0
OI0006727,O003471,P00090,1,335.08,0.1
OI0006728,O003472,P00103,3,132.87,0.1
OI0006729,O003472,P00113,1,151.95,0.05
OI0006730,O003473,P00019,1,80.96,0.1
OI0006731,O003473,P00099,2,91.51,0.15
OI0006732,O003474,P00076,2,271.68,0.0
OI0006733,O003475,P00111,1,39.89,0.0
OI0006734,O003476,P00079,4,142.89,0.0
OI0006735,O003477,P00092,1,315.53,0.2
OI0006736,O003478,P00046,1,488.5,0.1
OI0006737,O003479,P00016,1,21.7,0.2
OI0006738,O003480,P00010,1,9.72,0.1
OI0006739,O003481,P00009,1,411.99,0.1
OI0006740,O003482,P00053,1,564.38,0.0
OI0006741,O003482,P00094,1,222.34,0.15
OI0006742,O003483,P00025,1,205.26,0.0
OI0006743,O003484,P00077,1,263.58,0.2
OI0006744,O003484,P00100,2,205.9,0.0
OI0006745,O003485,P00107,1,373.63,0.0
OI0006746,O003486,P00004,1,41.11,0.15
OI0006747,O003487,P00119,1,324.39,0.15
OI0006748,O003487,P00064,2,25.74,0.0
OI0006749,O003488,P00043,4,243.73,0.0
OI0006750,O003489,P00013,2,427.3,0.05
OI0006751,O003490,P00074,3,138.42,0.15
OI0006752,O003491,P00088,1,15.01,0.05
OI0006753,O003492,P00104,4,250.89,0.05
OI0006754,O003493,P00049,1,193.92,0.0
OI0006755,O003493,P00090,2,335.08,0.0
OI0006756,O003493,P00061,1,62.41,0.0
OI0006757,O003493,P00018,1,97.12,0.0
OI0006758,O003493,P00109,1,130.78,0.0
OI0006759,O003494,P00023,1,220.19,0.05
OI0006760,O003494,P00091,1,86.94,0.0
OI0006761,O003494,P00056,1,496.49,0.0
OI0006762,O003494,P00113,1,151.95,0.0
OI0006763,O003494,P00033,1,97.17,0.05
OI0006764,O003495,P00026,1,236.15,0.0
OI0006765,O003496,P00045,1,303.55,0.15
OI0006766,O003497,P00082,3,380.3,0.0
OI0006767,O003498,P00044,2,52.37,0.05
OI0006768,O003499,P00097,1,193.82,0.0
OI0006769,O003500,P00068,2,131.83,0.0
OI0006770,O003501,P00003,1,419.56,0.0
OI0006771,O003501,P00113,1,151.95,0.1
OI0006772,O003501,P00078,2,203.68,0.0
OI0006773,O003502,P00088,2,15.01,0.0
OI0006774,O003503,P00013,2,427.3,0.0
OI0006775,O003504,P00001,1,186.44,0.0
OI0006776,O003504,P00068,2,131.83,0.0
OI0006777,O003505,P00042,1,444.01,0.05
OI0006778,O003506,P00040,1,464.84,0.0
OI0006779,O003507,P00103,4,132.87,0.1
OI0006780,O003508,P00073,1,380.75,0.2
OI0006781,O003508,P00048,2,606.69,0.0
OI0006782,O003509,P00023,1,220.19,0.0
OI0006783,O003510,P00082,2,380.3,0.1
OI0006784,O003511,P00064,1,25.74,0.1
OI0006785,O003511,P00024,1,194.34,0.0
OI0006786,O003512,P00045,1,303.55,0.0
OI0006787,O003513,P00112,1,264.71,0.15
OI0006788,O003514,P00117,2,372.96,0.1
OI0006789,O003514,P00020,1,21.08,0.0
OI0006790,O003515,P00074,2,138.42,0.0
OI0006791,O003516,P00115,1,275.35,0.2
OI0006792,O003516,P00057,1,460.12,0.2
OI0006793,O003516,P00091,2,86.94,0.0
OI0006794,O003517,P00065,1,96.5,0.2
OI0006795,O003517,P00020,1,21.08,0.05
OI0006796,O003517,P00105,1,567.15,0.0
OI0006797,O003518,P00080,2,65.63,0.0
OI0006798,O003519,P00120,2,568.77,0.1
OI0006799,O003520,P00114,1,426.8,0.0
OI0006800,O003520,P00102,2,377.84,0.2
OI0006801,O003521,P00120,4,568.77,0.0
OI0006802,O003521,P00040,1,464.84,0.0
OI0006803,O003522,P00045,4,303.55,0.15
OI0006804,O003523,P00024,3,194.34,0.1
OI0006805,O003523,P00076,1,271.68,0.0
OI0006806,O003524,P00116,1,571.16,0.0
OI0006807,O003525,P00064,3,25.74,0.0
OI0006808,O003525,P00025,1,205.26,0.1
OI0006809,O003525,P00078,1,203.68,0.0
OI0006810,O003526,P00059,1,377.25,0.15
OI0006811,O003527,P00071,2,455.29,0.05
OI0006812,O003527,P00107,1,373.63,0.2
OI0006813,O003528,P00058,1,268.06,0.0
OI0006814,O003529,P00086,1,55.76,0.0
OI0006815,O003529,P00071,3,455.29,0.0
OI0006816,O003530,P00032,1,492.19,0.0
OI0006817,O003530,P00047,1,293.14,0.0
OI0006818,O003531,P00105,1,567.15,0.05
OI0006819,O003531,P00063,1,329.62,0.0
OI0006820,O003531,P00025,3,205.26,0.0
OI0006821,O003531,P00102,2,377.84,0.0
OI0006822,O003532,P00118,1,509.33,0.2
OI0006823,O003532,P00062,2,140.07,0.2
OI0006824,O003533,P00117,1,372.96,0.15
OI0006825,O003534,P00091,1,86.94,0.2
OI0006826,O003535,P00108,2,475.6,0.1
OI0006827,O003535,P00076,2,271.68,0.0
OI0006828,O003535,P00013,4,427.3,0.15
OI0006829,O003535,P00109,1,130.78,0.15
OI0006830,O003536,P00042,1,444.01,0.1
OI0006831,O003537,P00073,1,380.75,0.15
OI0006832,O003537,P00074,1,138.42,0.1
OI0006833,O003538,P00067,1,529.3,0.2
OI0006834,O003538,P00051,1,220.14,0.1
OI0006835,O003539,P00083,1,125.94,0.0
OI0006836,O003540,P00037,1,379.94,0.0
OI0006837,O003541,P00018,3,97.12,0.15
OI0006838,O003541,P00058,1,268.06,0.05
OI0006839,O003541,P00098,4,298.47,0.05
OI0006840,O003541,P00026,4,236.15,0.05
OI0006841,O003541,P00038,1,373.16,0.05
OI0006842,O003542,P00011,4,477.15,0.05
OI0006843,O003543,P00004,1,41.11,0.0
OI0006844,O003543,P00063,2,329.62,0.0
OI0006845,O003544,P00072,1,362.99,0.05
OI0006846,O003545,P00079,1,142.89,0.05
OI0006847,O003546,P00040,3,464.84,0.05
OI0006848,O003547,P00101,1,79.35,0.2
OI0006849,O003548,P00037,1,379.94,0.2
OI0006850,O003549,P00088,1,15.01,0.0
OI0006851,O003549,P00090,1,335.08,0.0
OI0006852,O003549,P00008,1,441.52,0.0
OI0006853,O003549,P00068,1,131.83,0.0
OI0006854,O003549,P00107,1,373.63,0.1
OI0006855,O003550,P00096,1,302.38,0.1
OI0006856,O003551,P00070,3,403.55,0.0
OI0006857,O003552,P00083,1,125.94,0.0
OI0006858,O003553,P00095,2,40.98,0.0
OI0006859,O003553,P00007,1,522.61,0.0
OI0006860,O003553,P00069,4,452.65,0.0
OI0006861,O003554,P00050,1,212.38,0.0
OI0006862,O003554,P00025,1,205.26,0.1
OI0006863,O003555,P00007,1,522.61,0.2
OI0006864,O003556,P00106,1,183.48,0.15
OI0006865,O003557,P00112,1,264.71,0.1
OI0006866,O003557,P00056,1,496.49,0.1
OI0006867,O003557,P00095,1,40.98,0.2
OI0006868,O003558,P00023,2,220.19,0.0
OI0006869,O003558,P00066,1,422.64,0.15
OI0006870,O003559,P00090,1,335.08,0.0
OI0006871,O003559,P00006,2,117.92,0.0
OI0006872,O003560,P00059,1,377.25,0.0
OI0006873,O003561,P00115,3,275.35,0.0
OI0006874,O003562,P00092,4,315.53,0.0
OI0006875,O003562,P00041,1,19.77,0.15
OI0006876,O003563,P00027,1,425.73,0.0
OI0006877,O003563,P00064,2,25.74,0.1
OI0006878,O003564,P00082,2,380.3,0.0
OI0006879,O003564,P00079,2,142.89,0.05
OI0006880,O003564,P00002,2,75.51,0.0
OI0006881,O003565,P00116,1,571.16,0.0
OI0006882,O003565,P00089,2,185.57,0.0
OI0006883,O003565,P00015,3,125.4,0.0
OI0006884,O003565,P00119,1,324.39,0.15
OI0006885,O003566,P00105,1,567.15,0.2
OI0006886,O003566,P00118,1,509.33,0.0
OI0006887,O003567,P00023,1,220.19,0.2
OI0006888,O003567,P00050,1,212.38,0.0
OI0006889,O003568,P00048,1,606.69,0.05
OI0006890,O003568,P00118,1,509.33,0.0
OI0006891,O003568,P00108,2,475.6,0.0
OI0006892,O003569,P00019,1,80.96,0.1
OI0006893,O003570,P00032,1,492.19,0.1
OI0006894,O003571,P00086,3,55.76,0.0
OI0006895,O003572,P00113,1,151.95,0.05
OI0006896,O003573,P00088,2,15.01,0.15
OI0006897,O003573,P00074,1,138.42,0.0
OI0006898,O003573,P00091,1,86.94,0.0
OI0006899,O003573,P00111,2,39.89,0.15
OI0006900,O003573,P00116,2,571.16,0.15
OI0006901,O003574,P00117,1,372.96,0.15
OI0006902,O003574,P00035,1,385.83,0.0
OI0006903,O003574,P00053,1,564.38,0.05
OI0006904,O003575,P00106,2,183.48,0.05
OI0006905,O003575,P00053,1,564.38,0.0
OI0006906,O003576,P00108,4,475.6,0.0
OI0006907,O003577,P00105,1,567.15,0.2
OI0006908,O003578,P00063,1,329.62,0.0
OI0006909,O003578,P00033,1,97.17,0.15
OI0006910,O003578,P00077,1,263.58,0.15
OI0006911,O003579,P00051,1,220.14,0.15
OI0006912,O003579,P00006,3,117.92,0.2
OI0006913,O003580,P00058,2,268.06,0.0
OI0006914,O003581,P00085,1,274.09,0.15
OI0006915,O003582,P00029,1,359.81,0.15
OI0006916,O003582,P00010,1,9.72,0.0
OI0006917,O003583,P00015,1,125.4,0.0
OI0006918,O003584,P00116,2,571.16,0.05
OI0006919,O003584,P00102,1,377.84,0.0
OI0006920,O003585,P00024,1,194.34,0.15
OI0006921,O003585,P00069,1,452.65,0.0
OI0006922,O003585,P00042,1,444.01,0.15
OI0006923,O003585,P00022,1,315.29,0.15
OI0006924,O003586,P00120,2,568.77,0.15
OI0006925,O003587,P00051,1,220.14,0.1
OI0006926,O003587,P00037,4,379.94,0.0
OI0006927,O003588,P00037,1,379.94,0.2
OI0006928,O003589,P00073,1,380.75,0.0
OI0006929,O003590,P00014,1,306.6,0.0
OI0006930,O003590,P00098,1,298.47,0.05
OI0006931,O003591,P00106,2,183.48,0.0
OI0006932,O003591,P00114,2,426.8,0.0
OI0006933,O003592,P00072,1,362.99,0.2
OI0006934,O003593,P00064,1,25.74,0.0
OI0006935,O003593,P00026,1,236.15,0.1
OI0006936,O003594,P00005,1,297.83,0.05
OI0006937,O003594,P00061,2,62.41,0.0
OI0006938,O003595,P00015,4,125.4,0.0
OI0006939,O003596,P00005,1,297.83,0.0
OI0006940,O003596,P00107,1,373.63,0.0
OI0006941,O003596,P00050,1,212.38,0.2
OI0006942,O003597,P00089,1,185.57,0.0
OI0006943,O003597,P00104,1,250.89,0.0
OI0006944,O003598,P00056,1,496.49,0.1
OI0006945,O003599,P00048,1,606.69,0.05
OI0006946,O003599,P00057,1,460.12,0.1
OI0006947,O003599,P00095,1,40.98,0.2
OI0006948,O003599,P00019,3,80.96,0.0
OI0006949,O003600,P00085,2,274.09,0.1
OI0006950,O003600,P00120,2,568.77,0.2
OI0006951,O003601,P00025,1,205.26,0.15
OI0006952,O003601,P00099,1,91.51,0.0
OI0006953,O003601,P00027,1,425.73,0.0
OI0006954,O003602,P00073,1,380.75,0.0
OI0006955,O003602,P00002,1,75.51,0.0
OI0006956,O003603,P00111,2,39.89,0.0
OI0006957,O003603,P00033,1,97.17,0.0
OI0006958,O003604,P00060,2,534.46,0.0
OI0006959,O003605,P00116,2,571.16,0.15
OI0006960,O003606,P00008,4,441.52,0.05
OI0006961,O003606,P00051,2,220.14,0.0
OI0006962,O003607,P00038,2,373.16,0.1
OI0006963,O003608,P00009,1,411.99,0.0
OI0006964,O003609,P00024,2,194.34,0.0
OI0006965,O003609,P00081,1,74.04,0.0
OI0006966,O003610,P00085,2,274.09,0.15
OI0006967,O003611,P00057,2,460.12,0.0
OI0006968,O003612,P00112,1,264.71,0.0
OI0006969,O003612,P00057,1,460.12,0.2
OI0006970,O003613,P00032,3,492.19,0.1
OI0006971,O003614,P00068,1,131.83,0.0
OI0006972,O003614,P00037,1,379.94,0.0
OI0006973,O003614,P00072,2,362.99,0.1
OI0006974,O003615,P00041,2,19.77,0.0
OI0006975,O003615,P00008,1,441.52,0.15
OI0006976,O003616,P00009,2,411.99,0.1
OI0006977,O003616,P00053,1,564.38,0.0
OI0006978,O003616,P00067,2,529.3,0.1
OI0006979,O003617,P00093,1,320.92,0.15
OI0006980,O003617,P00022,1,315.29,0.0
OI0006981,O003618,P00048,3,606.69,0.0
OI0006982,O003618,P00005,2,297.83,0.0
OI0006983,O003619,P00088,1,15.01,0.0
OI0006984,O003619,P00030,1,211.27,0.05
OI0006985,O003620,P00001,3,186.44,0.1
OI0006986,O003621,P00008,1,441.52,0.1
OI0006987,O003621,P00105,2,567.15,0.0
OI0006988,O003621,P00050,1,212.38,0.2
OI0006989,O003621,P00099,1,91.51,0.0
OI0006990,O003622,P00098,2,298.47,0.0
OI0006991,O003622,P00081,1,74.04,0.1
OI0006992,O003623,P00070,1,403.55,0.15
OI0006993,O003623,P00010,1,9.72,0.2
OI0006994,O003623,P00003,1,419.56,0.05
OI0006995,O003624,P00120,1,568.77,0.05
OI0006996,O003624,P00074,2,138.42,0.0
OI0006997,O003624,P00083,1,125.94,0.15
OI0006998,O003625,P00079,2,142.89,0.05
OI0006999,O003625,P00050,1,212.38,0.15
OI0007000,O003626,P00031,1,462.82,0.1
OI0007001,O003626,P00088,2,15.01,0.0
OI0007002,O003626,P00063,2,329.62,0.0
OI0007003,O003627,P00082,1,380.3,0.0
OI0007004,O003627,P00059,2,377.25,0.05
OI0007005,O003627,P00062,1,140.07,0.1
OI0007006,O003628,P00113,1,151.95,0.0
OI0007007,O003629,P00029,2,359.81,0.0
OI0007008,O003630,P00037,1,379.94,0.15
OI0007009,O003630,P00082,2,380.3,0.0
OI0007010,O003631,P00050,2,212.38,0.0
OI0007011,O003632,P00113,2,151.95,0.15
OI0007012,O003632,P00021,1,265.21,0.0
OI0007013,O003632,P00048,2,606.69,0.05
OI0007014,O003633,P00104,2,250.89,0.0
OI0007015,O003634,P00019,2,80.96,0.05
OI0007016,O003634,P00006,1,117.92,0.05
OI0007017,O003635,P00091,1,86.94,0.1
OI0007018,O003635,P00113,2,151.95,0.2
OI0007019,O003636,P00030,3,211.27,0.0
OI0007020,O003636,P00052,2,396.7,0.2
OI0007021,O003637,P00081,2,74.04,0.0
OI0007022,O003638,P00027,2,425.73,0.05
OI0007023,O003639,P00054,1,499.72,0.15
OI0007024,O003639,P00114,2,426.8,0.05
OI0007025,O003639,P00059,2,377.25,0.05
OI0007026,O003640,P00050,1,212.38,0.0
OI0007027,O003640,P00060,1,534.46,0.0
OI0007028,O003641,P00042,1,444.01,0.15
OI0007029,O003641,P00086,1,55.76,0.1
OI0007030,O003641,P00052,1,396.7,0.0
OI0007031,O003641,P00018,1,97.12,0.0
OI0007032,O003642,P00028,1,43.31,0.1
OI0007033,O003642,P00092,4,315.53,0.0
OI0007034,O003642,P00025,1,205.26,0.2
OI0007035,O003643,P00094,1,222.34,0.2
OI0007036,O003643,P00085,4,274.09,0.1
OI0007037,O003644,P00047,1,293.14,0.05
OI0007038,O003645,P00071,1,455.29,0.2
OI0007039,O003646,P00098,2,298.47,0.05
OI0007040,O003646,P00102,1,377.84,0.0
OI0007041,O003647,P00083,2,125.94,0.0
OI0007042,O003647,P00040,1,464.84,0.05
OI0007043,O003648,P00019,1,80.96,0.05
OI0007044,O003649,P00014,1,306.6,0.1
OI0007045,O003650,P00084,1,477.09,0.05
OI0007046,O003651,P00039,2,78.36,0.2
OI0007047,O003652,P00100,4,205.9,0.0
OI0007048,O003652,P00112,2,264.71,0.0
OI0007049,O003652,P00080,1,65.63,0.0
OI0007050,O003652,P00053,1,564.38,0.1
OI0007051,O003652,P00007,2,522.61,0.0
OI0007052,O003653,P00085,1,274.09,0.05
OI0007053,O003654,P00120,1,568.77,0.05
OI0007054,O003654,P00067,2,529.3,0.0
OI0007055,O003655,P00057,2,460.12,0.0
OI0007056,O003655,P00004,2,41.11,0.05
OI0007057,O003655,P00089,1,185.57,0.1
OI0007058,O003656,P00086,1,55.76,0.0
OI0007059,O003656,P00023,2,220.19,0.15
OI0007060,O003657,P00088,2,15.01,0.1
OI0007061,O003658,P00099,1,91.51,0.2
OI0007062,O003658,P00020,1,21.08,0.2
OI0007063,O003658,P00083,1,125.94,0.0
OI0007064,O003658,P00052,1,396.7,0.0
OI0007065,O003658,P00074,1,138.42,0.05
OI0007066,O003659,P00041,1,19.77,0.2
OI0007067,O003659,P00060,1,534.46,0.15
OI0007068,O003659,P00032,2,492.19,0.0
OI0007069,O003660,P00098,1,298.47,0.05
OI0007070,O003661,P00041,2,19.77,0.2
OI0007071,O003661,P00079,1,142.89,0.1
OI0007072,O003661,P00120,1,568.77,0.1
OI0007073,O003662,P00095,1,40.98,0.15
OI0007074,O003663,P00113,2,151.95,0.0
OI0007075,O003664,P00087,1,117.6,0.0
OI0007076,O003664,P00013,1,427.3,0.0
OI0007077,O003664,P00101,1,79.35,0.0
OI0007078,O003665,P00002,2,75.51,0.2
OI0007079,O003665,P00118,3,509.33,0.2
OI0007080,O003666,P00007,1,522.61,0.0
OI0007081,O003667,P00110,1,82.92,0.0
OI0007082,O003667,P00012,1,518.79,0.0
OI0007083,O003668,P00026,1,236.15,0.15
OI0007084,O003669,P00020,4,21.08,0.0
OI0007085,O003670,P00040,1,464.84,0.2
OI0007086,O003671,P00009,1,411.99,0.1
OI0007087,O003671,P00047,1,293.14,0.0
OI0007088,O003672,P00075,1,181.47,0.2
OI0007089,O003672,P00116,2,571.16,0.05
OI0007090,O003673,P00061,3,62.41,0.0
OI0007091,O003674,P00091,1,86.94,0.0
OI0007092,O003674,P00023,1,220.19,0.0
OI0007093,O003674,P00038,1,373.16,0.2
OI0007094,O003675,P00072,1,362.99,0.0
OI0007095,O003676,P00116,3,571.16,0.0
OI0007096,O003677,P00021,1,265.21,0.05
OI0007097,O003678,P00016,1,21.7,0.1
OI0007098,O003679,P00117,2,372.96,0.0
OI0007099,O003679,P00080,1,65.63,0.1
OI0007100,O003679,P00053,3,564.38,0.1
OI0007101,O003680,P00081,2,74.04,0.0
OI0007102,O003680,P00061,2,62.41,0.15
OI0007103,O003680,P00090,2,335.08,0.2
OI0007104,O003681,P00116,1,571.16,0.0
OI0007105,O003681,P00032,1,492.19,0.15
OI0007106,O003682,P00019,3,80.96,0.05
OI0007107,O003682,P00117,1,372.96,0.0
OI0007108,O003683,P00097,1,193.82,0.05
OI0007109,O003683,P00006,2,117.92,0.05
OI0007110,O003683,P00018,2,97.12,0.05
OI0007111,O003683,P00113,2,151.95,0.05
OI0007112,O003684,P00022,1,315.29,0.0
OI0007113,O003684,P00099,1,91.51,0.1
OI0007114,O003685,P00089,1,185.57,0.1
OI0007115,O003685,P00105,1,567.15,0.1
OI0007116,O003685,P00047,1,293.14,0.0
OI0007117,O003685,P00120,1,568.77,0.05
OI0007118,O003685,P00057,2,460.12,0.0
OI0007119,O003686,P00063,3,329.62,0.1
OI0007120,O003686,P00086,1,55.76,0.0
OI0007121,O003687,P00114,3,426.8,0.0
OI0007122,O003687,P00044,4,52.37,0.0
OI0007123,O003688,P00009,2,411.99,0.0
OI0007124,O003688,P00023,1,220.19,0.15
OI0007125,O003688,P00018,1,97.12,0.05
OI0007126,O003688,P00080,2,65.63,0.0
OI0007127,O003689,P00015,2,125.4,0.15
OI0007128,O003689,P00120,1,568.77,0.0
OI0007129,O003689,P00102,2,377.84,0.15
OI0007130,O003690,P00042,1,444.01,0.0
OI0007131,O003691,P00092,3,315.53,0.2
OI0007132,O003692,P00101,1,79.35,0.0
OI0007133,O003693,P00046,2,488.5,0.1
OI0007134,O003694,P00103,3,132.87,0.0
OI0007135,O003694,P00064,1,25.74,0.1
OI0007136,O003695,P00115,2,275.35,0.1
OI0007137,O003696,P00054,1,499.72,0.0
OI0007138,O003697,P00047,2,293.14,0.0
OI0007139,O003697,P00109,1,130.78,0.0
OI0007140,O003698,P00066,2,422.64,0.0
OI0007141,O003699,P00067,1,529.3,0.0
OI0007142,O003699,P00116,1,571.16,0.05
OI0007143,O003700,P00041,1,19.77,0.0
OI0007144,O003700,P00116,2,571.16,0.0
OI0007145,O003701,P00084,1,477.09,0.15
OI0007146,O003701,P00031,3,462.82,0.0
OI0007147,O003702,P00034,1,79.08,0.05
OI0007148,O003703,P00056,1,496.49,0.0
OI0007149,O003703,P00044,1,52.37,0.0
OI0007150,O003704,P00096,1,302.38,0.2
OI0007151,O003705,P00085,2,274.09,0.05
OI0007152,O003706,P00085,1,274.09,0.0
OI0007153,O003706,P00011,1,477.15,0.1
OI0007154,O003707,P00005,1,297.83,0.0
OI0007155,O003708,P00112,1,264.71,0.1
OI0007156,O003709,P00002,1,75.51,0.15
OI0007157,O003710,P00074,1,138.42,0.05
OI0007158,O003710,P00003,3,419.56,0.0
OI0007159,O003710,P00039,2,78.36,0.05
OI0007160,O003711,P00049,3,193.92,0.0
OI0007161,O003711,P00050,2,212.38,0.15
OI0007162,O003711,P00005,1,297.83,0.05
OI0007163,O003711,P00089,1,185.57,0.0
OI0007164,O003711,P00087,2,117.6,0.0
OI0007165,O003712,P00103,1,132.87,0.2
OI0007166,O003712,P00066,2,422.64,0.2
OI0007167,O003713,P00055,1,268.52,0.05
OI0007168,O003714,P00091,2,86.94,0.0
OI0007169,O003715,P00017,2,369.49,0.0
OI0007170,O003715,P00045,2,303.55,0.1
OI0007171,O003715,P00093,1,320.92,0.0
OI0007172,O003716,P00063,1,329.62,0.05
OI0007173,O003716,P00037,3,379.94,0.15
OI0007174,O003716,P00035,1,385.83,0.0
OI0007175,O003716,P00011,1,477.15,0.2
OI0007176,O003717,P00086,2,55.76,0.0
OI0007177,O003717,P00117,1,372.96,0.2
OI0007178,O003718,P00066,1,422.64,0.0
OI0007179,O003718,P00115,1,275.35,0.0
OI0007180,O003719,P00104,1,250.89,0.2
OI0007181,O003719,P00017,2,369.49,0.2
OI0007182,O003720,P00014,1,306.6,0.0
OI0007183,O003721,P00010,1,9.72,0.0
OI0007184,O003722,P00048,2,606.69,0.0
OI0007185,O003722,P00009,4,411.99,0.1
OI0007186,O003723,P00103,2,132.87,0.0
OI0007187,O003723,P00031,1,462.82,0.2
OI0007188,O003723,P00100,1,205.9,0.0
OI0007189,O003724,P00002,1,75.51,0.15
OI0007190,O003725,P00002,1,75.51,0.0
OI0007191,O003725,P00095,1,40.98,0.2
OI0007192,O003725,P00104,1,250.89,0.1
OI0007193,O003726,P00010,1,9.72,0.0
OI0007194,O003727,P00075,1,181.47,0.2
OI0007195,O003727,P00081,2,74.04,0.05
OI0007196,O003728,P00081,2,74.04,0.0
OI0007197,O003728,P00112,2,264.71,0.2
OI0007198,O003729,P00086,1,55.76,0.0
OI0007199,O003729,P00014,1,306.6,0.0
OI0007200,O003729,P00079,3,142.89,0.15
OI0007201,O003730,P00018,1,97.12,0.0
OI0007202,O003731,P00118,2,509.33,0.15
OI0007203,O003732,P00119,2,324.39,0.0
OI0007204,O003733,P00024,1,194.34,0.15
OI0007205,O003733,P00012,1,518.79,0.0
OI0007206,O003734,P00001,1,186.44,0.2
OI0007207,O003734,P00056,1,496.49,0.15
OI0007208,O003735,P00030,2,211.27,0.0
OI0007209,O003736,P00007,1,522.61,0.0
OI0007210,O003736,P00092,1,315.53,0.05
OI0007211,O003737,P00042,1,444.01,0.1
OI0007212,O003737,P00081,1,74.04,0.0
OI0007213,O003738,P00061,1,62.41,0.15
OI0007214,O003738,P00105,2,567.15,0.05
OI0007215,O003738,P00026,1,236.15,0.1
OI0007216,O003739,P00091,1,86.94,0.0
OI0007217,O003739,P00024,1,194.34,0.15
OI0007218,O003739,P00061,3,62.41,0.15
OI0007219,O003740,P00076,1,271.68,0.2
OI0007220,O003741,P00111,2,39.89,0.0
OI0007221,O003742,P00057,2,460.12,0.1
OI0007222,O003742,P00024,3,194.34,0.0
OI0007223,O003743,P00011,1,477.15,0.0
OI0007224,O003744,P00026,4,236.15,0.0
OI0007225,O003744,P00034,1,79.08,0.1
OI0007226,O003745,P00074,1,138.42,0.15
OI0007227,O003745,P00025,2,205.26,0.2
OI0007228,O003745,P00090,2,335.08,0.0
OI0007229,O003745,P00016,2,21.7,0.0
OI0007230,O003746,P00024,1,194.34,0.2
OI0007231,O003747,P00042,1,444.01,0.2
OI0007232,O003748,P00030,3,211.27,0.05
OI0007233,O003748,P00021,1,265.21,0.15
OI0007234,O003749,P00108,1,475.6,0.1
OI0007235,O003750,P00038,2,373.16,0.1
OI0007236,O003751,P00053,4,564.38,0.0
OI0007237,O003751,P00065,1,96.5,0.0
OI0007238,O003751,P00082,1,380.3,0.05
OI0007239,O003752,P00033,1,97.17,0.2
OI0007240,O003753,P00045,1,303.55,0.0
OI0007241,O003753,P00095,1,40.98,0.15
OI0007242,O003753,P00031,2,462.82,0.15
OI0007243,O003753,P00068,2,131.83,0.0
OI0007244,O003754,P00037,2,379.94,0.2
OI0007245,O003755,P00021,3,265.21,0.0
OI0007246,O003756,P00008,1,441.52,0.0
OI0007247,O003757,P00064,1,25.74,0.0
OI0007248,O003758,P00116,2,571.16,0.0
OI0007249,O003758,P00094,1,222.34,0.1
OI0007250,O003759,P00097,1,193.82,0.05
OI0007251,O003759,P00105,1,567.15,0.0
OI0007252,O003760,P00087,2,117.6,0.0
OI0007253,O003760,P00098,1,298.47,0.15
OI0007254,O003760,P00116,1,571.16,0.15
OI0007255,O003760,P00092,2,315.53,0.0
OI0007256,O003760,P00058,1,268.06,0.0
OI0007257,O003761,P00076,1,271.68,0.0
OI0007258,O003761,P00099,1,91.51,0.15
OI0007259,O003762,P00088,2,15.01,0.1
OI0007260,O003763,P00087,1,117.6,0.0
OI0007261,O003764,P00073,2,380.75,0.15
OI0007262,O003764,P00034,1,79.08,0.2
OI0007263,O003765,P00041,2,19.77,0.15
OI0007264,O003765,P00058,1,268.06,0.2
OI0007265,O003765,P00046,1,488.5,0.05
OI0007266,O003766,P00048,1,606.69,0.0
OI0007267,O003766,P00064,1,25.74,0.2
OI0007268,O003767,P00063,1,329.62,0.1
OI0007269,O003767,P00041,2,19.77,0.15
OI0007270,O003768,P00025,1,205.26,0.1
OI0007271,O003768,P00030,1,211.27,0.0
OI0007272,O003769,P00006,2,117.92,0.0
OI0007273,O003769,P00089,2,185.57,0.05
OI0007274,O003770,P00060,4,534.46,0.05
OI0007275,O003771,P00042,1,444.01,0.2
OI0007276,O003772,P00109,1,130.78,0.05
OI0007277,O003773,P00060,1,534.46,0.05
OI0007278,O003773,P00112,1,264.71,0.05
OI0007279,O003774,P00020,2,21.08,0.0
OI0007280,O003775,P00095,2,40.98,0.05
OI0007281,O003775,P00097,1,193.82,0.0
OI0007282,O003775,P00050,1,212.38,0.2
OI0007283,O003776,P00018,1,97.12,0.2
OI0007284,O003777,P00041,1,19.77,0.15
OI0007285,O003777,P00049,1,193.92,0.0
OI0007286,O003777,P00112,1,264.71,0.05
OI0007287,O003778,P00047,1,293.14,0.0
OI0007288,O003779,P00056,1,496.49,0.2
OI0007289,O003779,P00102,3,377.84,0.15
OI0007290,O003780,P00116,2,571.16,0.0
OI0007291,O003780,P00023,2,220.19,0.1
OI0007292,O003781,P00024,1,194.34,0.0
OI0007293,O003781,P00028,1,43.31,0.0
OI0007294,O003782,P00051,1,220.14,0.0
OI0007295,O003782,P00061,1,62.41,0.0
OI0007296,O003783,P00044,2,52.37,0.0
OI0007297,O003784,P00003,1,419.56,0.0
OI0007298,O003784,P00064,1,25.74,0.2
OI0007299,O003784,P00051,3,220.14,0.2
OI0007300,O003784,P00021,1,265.21,0.1
OI0007301,O003785,P00036,1,136.63,0.0
OI0007302,O003786,P00025,1,205.26,0.15
OI0007303,O003786,P00063,1,329.62,0.05
OI0007304,O003786,P00078,1,203.68,0.05
OI0007305,O003787,P00056,3,496.49,0.05
OI0007306,O003787,P00110,1,82.92,0.15
OI0007307,O003787,P00021,3,265.21,0.0
OI0007308,O003788,P00046,1,488.5,0.0
OI0007309,O003789,P00009,1,411.99,0.1
OI0007310,O003789,P00042,1,444.01,0.0
OI0007311,O003789,P00091,1,86.94,0.0
OI0007312,O003789,P00062,2,140.07,0.0
OI0007313,O003790,P00067,3,529.3,0.0
OI0007314,O003790,P00064,1,25.74,0.05
OI0007315,O003790,P00103,3,132.87,0.05
OI0007316,O003791,P00002,2,75.51,0.15
OI0007317,O003791,P00040,2,464.84,0.0
OI0007318,O003792,P00044,1,52.37,0.15
OI0007319,O003793,P00040,2,464.84,0.15
OI0007320,O003794,P00080,1,65.63,0.05
OI0007321,O003795,P00079,1,142.89,0.0
OI0007322,O003796,P00077,1,263.58,0.1
OI0007323,O003796,P00017,1,369.49,0.0
OI0007324,O003797,P00044,2,52.37,0.0
OI0007325,O003797,P00093,1,320.92,0.2
OI0007326,O003798,P00089,3,185.57,0.2
OI0007327,O003799,P00017,3,369.49,0.0
OI0007328,O003800,P00073,1,380.75,0.05
OI0007329,O003801,P00009,1,411.99,0.0
OI0007330,O003802,P00058,4,268.06,0.0
OI0007331,O003802,P00048,4,606.69,0.0
OI0007332,O003802,P00054,3,499.72,0.0
OI0007333,O003803,P00089,2,185.57,0.2
OI0007334,O003803,P00030,2,211.27,0.0
OI0007335,O003803,P00117,1,372.96,0.15
OI0007336,O003804,P00118,2,509.33,0.05
OI0007337,O003805,P00101,2,79.35,0.0
OI0007338,O003805,P00036,2,136.63,0.1
OI0007339,O003805,P00072,1,362.99,0.2
OI0007340,O003806,P00043,4,243.73,0.0
OI0007341,O003806,P00090,1,335.08,0.0
OI0007342,O003807,P00042,1,444.01,0.0
OI0007343,O003807,P00101,2,79.35,0.15
OI0007344,O003807,P00081,3,74.04,0.1
OI0007345,O003807,P00074,1,138.42,0.1
OI0007346,O003808,P00031,1,462.82,0.2
OI0007347,O003809,P00105,1,567.15,0.0
OI0007348,O003810,P00063,3,329.62,0.1
OI0007349,O003811,P00061,1,62.41,0.0
OI0007350,O003812,P00041,3,19.77,0.05
OI0007351,O003812,P00066,2,422.64,0.2
OI0007352,O003812,P00113,1,151.95,0.0
OI0007353,O003812,P00013,1,427.3,0.1
OI0007354,O003813,P00042,1,444.01,0.0
OI0007355,O003814,P00068,1,131.83,0.1
OI0007356,O003814,P00063,2,329.62,0.15
OI0007357,O003814,P00060,1,534.46,0.0
OI0007358,O003815,P00009,1,411.99,0.05
OI0007359,O003815,P00058,2,268.06,0.2
OI0007360,O003816,P00025,1,205.26,0.2
OI0007361,O003817,P00099,1,91.51,0.0
OI0007362,O003818,P00092,1,315.53,0.0
OI0007363,O003818,P00019,1,80.96,0.2
OI0007364,O003819,P00100,1,205.9,0.0
OI0007365,O003819,P00008,1,441.52,0.0
OI0007366,O003819,P00061,1,62.41,0.15
OI0007367,O003820,P00001,1,186.44,0.0
OI0007368,O003821,P00046,2,488.5,0.1
OI0007369,O003821,P00106,1,183.48,0.05
OI0007370,O003822,P00072,1,362.99,0.2
OI0007371,O003822,P00019,1,80.96,0.0
OI0007372,O003823,P00041,1,19.77,0.1
OI0007373,O003823,P00063,1,329.62,0.0
OI0007374,O003823,P00078,3,203.68,0.2
OI0007375,O003824,P00104,1,250.89,0.15
OI0007376,O003825,P00025,2,205.26,0.1
OI0007377,O003825,P00119,2,324.39,0.1
OI0007378,O003826,P00016,1,21.7,0.0
OI0007379,O003827,P00094,1,222.34,0.0
OI0007380,O003828,P00095,2,40.98,0.0
OI0007381,O003829,P00068,1,131.83,0.2
OI0007382,O003830,P00065,4,96.5,0.0
OI0007383,O003831,P00032,4,492.19,0.05
OI0007384,O003831,P00102,1,377.84,0.15
OI0007385,O003831,P00049,1,193.92,0.2
OI0007386,O003832,P00110,2,82.92,0.0
OI0007387,O003833,P00039,1,78.36,0.0
OI0007388,O003834,P00027,1,425.73,0.0
OI0007389,O003835,P00038,1,373.16,0.0
OI0007390,O003836,P00004,1,41.11,0.15
OI0007391,O003837,P00083,2,125.94,0.05
OI0007392,O003837,P00098,1,298.47,0.0
OI0007393,O003838,P00048,1,606.69,0.0
OI0007394,O003838,P00060,1,534.46,0.05
OI0007395,O003838,P00100,1,205.9,0.15
OI0007396,O003839,P00049,1,193.92,0.05
OI0007397,O003839,P00072,1,362.99,0.2
OI0007398,O003839,P00021,1,265.21,0.0
OI0007399,O003839,P00077,1,263.58,0.0
OI0007400,O003840,P00120,1,568.77,0.05
OI0007401,O003840,P00036,1,136.63,0.0
OI0007402,O003841,P00026,2,236.15,0.15
OI0007403,O003842,P00078,1,203.68,0.0
OI0007404,O003842,P00059,3,377.25,0.0
OI0007405,O003843,P00076,1,271.68,0.0
OI0007406,O003843,P00017,1,369.49,0.0
OI0007407,O003844,P00016,1,21.7,0.2
OI0007408,O003844,P00007,3,522.61,0.0
OI0007409,O003845,P00071,1,455.29,0.05
OI0007410,O003846,P00048,4,606.69,0.15
OI0007411,O003846,P00019,1,80.96,0.05
OI0007412,O003846,P00041,2,19.77,0.1
OI0007413,O003846,P00107,1,373.63,0.0
OI0007414,O003847,P00081,3,74.04,0.15
OI0007415,O003847,P00056,1,496.49,0.0
OI0007416,O003848,P00051,1,220.14,0.0
OI0007417,O003849,P00042,1,444.01,0.1
OI0007418,O003850,P00108,1,475.6,0.15
OI0007419,O003850,P00098,1,298.47,0.0
OI0007420,O003850,P00005,2,297.83,0.0
OI0007421,O003851,P00073,1,380.75,0.1
OI0007422,O003851,P00097,1,193.82,0.0
OI0007423,O003852,P00114,1,426.8,0.0
OI0007424,O003852,P00066,2,422.64,0.15
OI0007425,O003853,P00092,2,315.53,0.15
OI0007426,O003854,P00017,2,369.49,0.0
OI0007427,O003854,P00064,1,25.74,0.0
OI0007428,O003855,P00018,3,97.12,0.0
OI0007429,O003856,P00014,1,306.6,0.1
OI0007430,O003857,P00021,2,265.21,0.0
OI0007431,O003857,P00092,1,315.53,0.0
OI0007432,O003858,P00097,1,193.82,0.0
OI0007433,O003858,P00047,1,293.14,0.0
OI0007434,O003859,P00011,2,477.15,0.0
OI0007435,O003859,P00053,4,564.38,0.2
OI0007436,O003860,P00009,2,411.99,0.05
OI0007437,O003861,P00052,1,396.7,0.1
OI0007438,O003862,P00008,1,441.52,0.05
OI0007439,O003862,P00068,1,131.83,0.15
OI0007440,O003863,P00102,1,377.84,0.05
OI0007441,O003864,P00089,1,185.57,0.1
OI0007442,O003864,P00020,1,21.08,0.2
OI0007443,O003865,P00012,2,518.79,0.2
OI0007444,O003866,P00027,1,425.73,0.0
OI0007445,O003866,P00058,1,268.06,0.2
OI0007446,O003866,P00021,2,265.21,0.2
OI0007447,O003867,P00034,1,79.08,0.0
OI0007448,O003867,P00030,2,211.27,0.0
OI0007449,O003868,P00083,1,125.94,0.15
OI0007450,O003869,P00072,1,362.99,0.0
OI0007451,O003869,P00004,1,41.11,0.15
OI0007452,O003870,P00108,2,475.6,0.0
OI0007453,O003870,P00090,1,335.08,0.05
OI0007454,O003871,P00006,2,117.92,0.2
OI0007455,O003871,P00029,1,359.81,0.0
OI0007456,O003871,P00098,1,298.47,0.1
OI0007457,O003871,P00030,1,211.27,0.0
OI0007458,O003871,P00020,3,21.08,0.0
OI0007459,O003872,P00050,2,212.38,0.15
OI0007460,O003872,P00097,1,193.82,0.15
OI0007461,O003873,P00051,1,220.14,0.0
OI0007462,O003874,P00066,1,422.64,0.0
OI0007463,O003874,P00098,1,298.47,0.05
OI0007464,O003875,P00004,3,41.11,0.15
OI0007465,O003876,P00092,1,315.53,0.05
OI0007466,O003876,P00090,3,335.08,0.1
OI0007467,O003877,P00009,1,411.99,0.0
OI0007468,O003878,P00026,1,236.15,0.1
OI0007469,O003879,P00005,2,297.83,0.0
OI0007470,O003880,P00030,2,211.27,0.05
OI0007471,O003880,P00075,2,181.47,0.0
OI0007472,O003881,P00045,1,303.55,0.1
OI0007473,O003881,P00090,2,335.08,0.0
OI0007474,O003881,P00011,1,477.15,0.1
OI0007475,O003882,P00116,1,571.16,0.0
OI0007476,O003882,P00107,1,373.63,0.0
OI0007477,O003882,P00022,2,315.29,0.1
OI0007478,O003882,P00051,2,220.14,0.0
OI0007479,O003883,P00118,1,509.33,0.15
OI0007480,O003884,P00096,4,302.38,0.1
OI0007481,O003885,P00037,1,379.94,0.0
OI0007482,O003886,P00072,1,362.99,0.0
OI0007483,O003887,P00066,2,422.64,0.05
OI0007484,O003888,P00021,1,265.21,0.2
OI0007485,O003888,P00107,2,373.63,0.1
OI0007486,O003888,P00026,1,236.15,0.0
OI0007487,O003889,P00043,1,243.73,0.0
OI0007488,O003890,P00042,2,444.01,0.0
OI0007489,O003891,P00051,3,220.14,0.0
OI0007490,O003892,P00084,2,477.09,0.05
OI0007491,O003892,P00037,3,379.94,0.0
OI0007492,O003893,P00058,1,268.06,0.1
OI0007493,O003893,P00078,1,203.68,0.2
OI0007494,O003893,P00084,1,477.09,0.05
OI0007495,O003893,P00086,2,55.76,0.0
OI0007496,O003894,P00024,3,194.34,0.0
OI0007497,O003894,P00015,1,125.4,0.05
OI0007498,O003895,P00103,1,132.87,0.0
OI0007499,O003896,P00096,1,302.38,0.0
OI0007500,O003896,P00120,1,568.77,0.0
OI0007501,O003896,P00112,1,264.71,0.2
OI0007502,O003897,P00073,1,380.75,0.15
OI0007503,O003898,P00096,1,302.38,0.2
OI0007504,O003898,P00039,1,78.36,0.15
OI0007505,O003899,P00087,4,117.6,0.2
OI0007506,O003899,P00028,1,43.31,0.0
OI0007507,O003899,P00114,1,426.8,0.0
OI0007508,O003899,P00076,1,271.68,0.05
OI0007509,O003900,P00007,1,522.61,0.2
OI0007510,O003900,P00083,1,125.94,0.0
OI0007511,O003900,P00081,1,74.04,0.0
OI0007512,O003900,P00030,1,211.27,0.1
OI0007513,O003900,P00073,1,380.75,0.0
OI0007514,O003901,P00040,1,464.84,0.0
OI0007515,O003901,P00002,1,75.51,0.2
OI0007516,O003902,P00024,2,194.34,0.2
OI0007517,O003903,P00043,1,243.73,0.0
OI0007518,O003904,P00064,3,25.74,0.05
OI0007519,O003904,P00093,1,320.92,0.15
OI0007520,O003905,P00042,1,444.01,0.05
OI0007521,O003905,P00059,3,377.25,0.1
OI0007522,O003906,P00097,1,193.82,0.0
OI0007523,O003907,P00118,1,509.33,0.05
OI0007524,O003908,P00062,4,140.07,0.1
OI0007525,O003909,P00077,3,263.58,0.0
OI0007526,O003910,P00102,3,377.84,0.15
OI0007527,O003911,P00110,1,82.92,0.0
OI0007528,O003911,P00032,1,492.19,0.1
OI0007529,O003912,P00014,1,306.6,0.0
OI0007530,O003913,P00110,1,82.92,0.0
OI0007531,O003914,P00080,2,65.63,0.2
OI0007532,O003914,P00007,1,522.61,0.0
OI0007533,O003915,P00036,3,136.63,0.05
OI0007534,O003915,P00120,1,568.77,0.05
OI0007535,O003915,P00001,1,186.44,0.15
OI0007536,O003915,P00039,1,78.36,0.1
OI0007537,O003916,P00021,1,265.21,0.0
OI0007538,O003916,P00013,1,427.3,0.0
OI0007539,O003917,P00028,2,43.31,0.0
OI0007540,O003917,P00083,1,125.94,0.05
OI0007541,O003918,P00095,2,40.98,0.0
OI0007542,O003918,P00113,1,151.95,0.0
OI0007543,O003918,P00048,2,606.69,0.05
OI0007544,O003919,P00084,1,477.09,0.0
OI0007545,O003920,P00039,1,78.36,0.2
OI0007546,O003921,P00005,1,297.83,0.0
OI0007547,O003922,P00039,2,78.36,0.0
OI0007548,O003922,P00019,1,80.96,0.05
OI0007549,O003923,P00120,2,568.77,0.2
OI0007550,O003924,P00118,1,509.33,0.0
OI0007551,O003925,P00016,2,21.7,0.15
OI0007552,O003925,P00118,2,509.33,0.15
OI0007553,O003926,P00088,1,15.01,0.0
OI0007554,O003926,P00102,2,377.84,0.05
OI0007555,O003927,P00023,1,220.19,0.0
OI0007556,O003928,P00015,2,125.4,0.15
OI0007557,O003928,P00012,1,518.79,0.0
OI0007558,O003929,P00059,2,377.25,0.2
OI0007559,O003930,P00114,2,426.8,0.1
OI0007560,O003930,P00075,1,181.47,0.0
OI0007561,O003930,P00089,2,185.57,0.0
OI0007562,O003931,P00003,1,419.56,0.1
OI0007563,O003931,P00090,1,335.08,0.05
OI0007564,O003932,P00009,1,411.99,0.15
OI0007565,O003933,P00089,1,185.57,0.0
OI0007566,O003934,P00028,1,43.31,0.05
OI0007567,O003934,P00009,2,411.99,0.15
OI0007568,O003935,P00049,1,193.92,0.0
OI0007569,O003936,P00005,1,297.83,0.05
OI0007570,O003936,P00064,1,25.74,0.2
OI0007571,O003937,P00060,2,534.46,0.0
OI0007572,O003937,P00053,4,564.38,0.0
OI0007573,O003938,P00074,2,138.42,0.0
OI0007574,O003938,P00115,1,275.35,0.15
OI0007575,O003939,P00009,4,411.99,0.0
OI0007576,O003939,P00099,1,91.51,0.15
OI0007577,O003939,P00113,2,151.95,0.0
OI0007578,O003940,P00093,1,320.92,0.0
OI0007579,O003940,P00062,3,140.07,0.2
OI0007580,O003941,P00035,1,385.83,0.15
OI0007581,O003941,P00004,2,41.11,0.0
OI0007582,O003942,P00112,2,264.71,0.15
OI0007583,O003942,P00025,1,205.26,0.05
OI0007584,O003942,P00031,1,462.82,0.2
OI0007585,O003943,P00001,1,186.44,0.2
OI0007586,O003943,P00084,3,477.09,0.2
OI0007587,O003943,P00006,2,117.92,0.05
OI0007588,O003943,P00112,2,264.71,0.1
OI0007589,O003943,P00073,1,380.75,0.15
OI0007590,O003944,P00063,2,329.62,0.2
OI0007591,O003945,P00030,2,211.27,0.15
OI0007592,O003946,P00109,1,130.78,0.0
OI0007593,O003946,P00096,2,302.38,0.0
OI0007594,O003946,P00007,1,522.61,0.0
OI0007595,O003947,P00077,1,263.58,0.0
OI0007596,O003948,P00059,1,377.25,0.1
OI0007597,O003948,P00106,1,183.48,0.0
OI0007598,O003948,P00061,1,62.41,0.0
OI0007599,O003949,P00085,1,274.09,0.0
OI0007600,O003950,P00093,2,320.92,0.1
OI0007601,O003951,P00070,1,403.55,0.0
OI0007602,O003952,P00042,4,444.01,0.15
OI0007603,O003953,P00082,2,380.3,0.05
OI0007604,O003953,P00045,2,303.55,0.0
OI0007605,O003954,P00075,2,181.47,0.0
OI0007606,O003954,P00052,1,396.7,0.05
OI0007607,O003955,P00045,1,303.55,0.0
OI0007608,O003955,P00099,2,91.51,0.0
OI0007609,O003956,P00105,3,567.15,0.05
OI0007610,O003956,P00087,1,117.6,0.15
OI0007611,O003956,P00097,1,193.82,0.1
OI0007612,O003956,P00114,1,426.8,0.05
OI0007613,O003957,P00047,1,293.14,0.05
OI0007614,O003958,P00012,4,518.79,0.1
OI0007615,O003959,P00033,2,97.17,0.0
OI0007616,O003959,P00114,1,426.8,0.0
OI0007617,O003960,P00119,4,324.39,0.15
OI0007618,O003960,P00046,1,488.5,0.05
OI0007619,O003961,P00058,1,268.06,0.2
OI0007620,O003962,P00070,1,403.55,0.0
OI0007621,O003962,P00111,1,39.89,0.0
OI0007622,O003962,P00088,1,15.01,0.1
OI0007623,O003962,P00022,1,315.29,0.2
OI0007624,O003962,P00114,3,426.8,0.15
OI0007625,O003963,P00019,1,80.96,0.1
OI0007626,O003964,P00044,4,52.37,0.1
OI0007627,O003965,P00081,2,74.04,0.2
OI0007628,O003966,P00096,2,302.38,0.0
OI0007629,O003967,P00109,1,130.78,0.2
OI0007630,O003967,P00103,1,132.87,0.0
OI0007631,O003967,P00074,1,138.42,0.2
OI0007632,O003967,P00018,2,97.12,0.15
OI0007633,O003967,P00105,1,567.15,0.05
OI0007634,O003968,P00011,1,477.15,0.2
OI0007635,O003969,P00054,1,499.72,0.0
OI0007636,O003970,P00065,3,96.5,0.1
OI0007637,O003970,P00070,1,403.55,0.0
OI0007638,O003970,P00006,2,117.92,0.1
OI0007639,O003971,P00001,2,186.44,0.1
OI0007640,O003971,P00033,1,97.17,0.15
OI0007641,O003972,P00022,2,315.29,0.0
OI0007642,O003972,P00095,2,40.98,0.15
OI0007643,O003973,P00091,1,86.94,0.2
OI0007644,O003974,P00043,1,243.73,0.05
OI0007645,O003975,P00015,1,125.4,0.0
OI0007646,O003976,P00094,2,222.34,0.2
OI0007647,O003977,P00103,1,132.87,0.0
OI0007648,O003978,P00071,1,455.29,0.05
OI0007649,O003978,P00120,1,568.77,0.1
OI0007650,O003979,P00085,1,274.09,0.0
OI0007651,O003979,P00105,3,567.15,0.1
OI0007652,O003979,P00051,3,220.14,0.0
OI0007653,O003980,P00096,2,302.38,0.15
OI0007654,O003980,P00053,2,564.38,0.2
OI0007655,O003981,P00014,4,306.6,0.15
OI0007656,O003981,P00029,1,359.81,0.15
OI0007657,O003982,P00059,1,377.25,0.0
OI0007658,O003983,P00107,1,373.63,0.2
OI0007659,O003983,P00089,3,185.57,0.0
OI0007660,O003984,P00092,2,315.53,0.0
OI0007661,O003985,P00115,1,275.35,0.2
OI0007662,O003986,P00065,1,96.5,0.2
OI0007663,O003987,P00014,3,306.6,0.0
OI0007664,O003987,P00064,1,25.74,0.0
OI0007665,O003988,P00089,1,185.57,0.0
OI0007666,O003988,P00040,1,464.84,0.2
OI0007667,O003989,P00052,1,396.7,0.2
OI0007668,O003989,P00039,3,78.36,0.0
OI0007669,O003990,P00070,1,403.55,0.2
OI0007670,O003990,P00082,2,380.3,0.0
OI0007671,O003990,P00013,1,427.3,0.0
OI0007672,O003991,P00003,2,419.56,0.0
OI0007673,O003991,P00004,2,41.11,0.0
OI0007674,O003992,P00027,1,425.73,0.0
OI0007675,O003993,P00106,4,183.48,0.15
OI0007676,O003993,P00100,3,205.9,0.0
OI0007677,O003994,P00009,2,411.99,0.0
OI0007678,O003995,P00058,1,268.06,0.15
OI0007679,O003995,P00016,2,21.7,0.05
OI0007680,O003995,P00055,1,268.52,0.0
OI0007681,O003995,P00046,1,488.5,0.15
OI0007682,O003996,P00077,1,263.58,0.0
OI0007683,O003997,P00044,1,52.37,0.0
OI0007684,O003997,P00050,1,212.38,0.0
OI0007685,O003997,P00048,1,606.69,0.05
OI0007686,O003998,P00080,1,65.63,0.05
OI0007687,O003998,P00076,1,271.68,0.15
OI0007688,O003999,P00079,2,142.89,0.1
OI0007689,O004000,P00006,1,117.92,0.05
OI0007690,O004000,P00087,2,117.6,0.0
OI0007691,O004000,P00063,3,329.62,0.0
OI0007692,O004000,P00005,2,297.83,0.0
OI0007693,O004001,P00033,2,97.17,0.05
OI0007694,O004001,P00090,1,335.08,0.2
OI0007695,O004002,P00103,2,132.87,0.2
OI0007696,O004002,P00050,1,212.38,0.1
OI0007697,O004003,P00099,2,91.51,0.15
OI0007698,O004003,P00013,1,427.3,0.1
OI0007699,O004003,P00055,2,268.52,0.1
OI0007700,O004004,P00113,2,151.95,0.0
OI0007701,O004005,P00088,3,15.01,0.0
OI0007702,O004005,P00063,1,329.62,0.05
OI0007703,O004006,P00005,4,297.83,0.2
OI0007704,O004006,P00063,1,329.62,0.0
OI0007705,O004007,P00061,1,62.41,0.1
OI0007706,O004007,P00033,2,97.17,0.0
OI0007707,O004008,P00011,3,477.15,0.15
OI0007708,O004008,P00032,3,492.19,0.2
OI0007709,O004009,P00092,1,315.53,0.15
OI0007710,O004010,P00119,1,324.39,0.05
OI0007711,O004010,P00013,1,427.3,0.05
OI0007712,O004011,P00096,1,302.38,0.0
OI0007713,O004012,P00031,3,462.82,0.1
OI0007714,O004013,P00061,2,62.41,0.0
OI0007715,O004013,P00005,1,297.83,0.1
OI0007716,O004013,P00042,1,444.01,0.2
OI0007717,O004014,P00091,4,86.94,0.05
OI0007718,O004014,P00110,1,82.92,0.0
OI0007719,O004015,P00079,1,142.89,0.05
OI0007720,O004016,P00013,2,427.3,0.15
OI0007721,O004016,P00002,1,75.51,0.0
OI0007722,O004017,P00076,2,271.68,0.15
OI0007723,O004017,P00111,1,39.89,0.2
OI0007724,O004018,P00004,2,41.11,0.1
OI0007725,O004018,P00120,2,568.77,0.05
OI0007726,O004019,P00009,3,411.99,0.0
OI0007727,O004019,P00065,3,96.5,0.05
OI0007728,O004020,P00036,1,136.63,0.15
OI0007729,O004021,P00073,1,380.75,0.1
OI0007730,O004021,P00050,3,212.38,0.15
OI0007731,O004021,P00103,1,132.87,0.15
OI0007732,O004022,P00007,1,522.61,0.15
OI0007733,O004022,P00033,2,97.17,0.1
OI0007734,O004022,P00075,1,181.47,0.05
OI0007735,O004022,P00016,4,21.7,0.0
OI0007736,O004023,P00116,1,571.16,0.05
OI0007737,O004024,P00038,3,373.16,0.2
OI0007738,O004025,P00021,2,265.21,0.0
OI0007739,O004025,P00006,2,117.92,0.1
OI0007740,O004026,P00043,2,243.73,0.15
OI0007741,O004026,P00055,1,268.52,0.0
OI0007742,O004026,P00015,2,125.4,0.2
OI0007743,O004027,P00010,1,9.72,0.05
OI0007744,O004027,P00026,1,236.15,0.0
OI0007745,O004027,P00062,1,140.07,0.0
OI0007746,O004028,P00050,1,212.38,0.2
OI0007747,O004029,P00096,4,302.38,0.15
OI0007748,O004029,P00104,1,250.89,0.0
OI0007749,O004030,P00099,1,91.51,0.0
OI0007750,O004030,P00049,1,193.92,0.0
OI0007751,O004030,P00006,2,117.92,0.0
OI0007752,O004031,P00044,1,52.37,0.2
OI0007753,O004031,P00111,1,39.89,0.05
OI0007754,O004031,P00088,1,15.01,0.0
OI0007755,O004031,P00075,1,181.47,0.15
OI0007756,O004032,P00057,2,460.12,0.15
OI0007757,O004032,P00104,2,250.89,0.0
OI0007758,O004033,P00013,3,427.3,0.0
OI0007759,O004033,P00022,1,315.29,0.0
OI0007760,O004034,P00095,1,40.98,0.0
OI0007761,O004034,P00078,3,203.68,0.05
OI0007762,O004034,P00073,2,380.75,0.05
OI0007763,O004035,P00047,1,293.14,0.0
OI0007764,O004035,P00102,2,377.84,0.15
OI0007765,O004035,P00090,2,335.08,0.1
OI0007766,O004035,P00056,2,496.49,0.15
OI0007767,O004036,P00048,1,606.69,0.1
OI0007768,O004036,P00082,1,380.3,0.0
OI0007769,O004037,P00054,3,499.72,0.05
OI0007770,O004038,P00005,1,297.83,0.1
OI0007771,O004038,P00036,3,136.63,0.15
OI0007772,O004038,P00056,1,496.49,0.05
OI0007773,O004039,P00009,1,411.99,0.0
OI0007774,O004040,P00012,2,518.79,0.15
OI0007775,O004040,P00034,1,79.08,0.0
OI0007776,O004040,P00113,2,151.95,0.05
OI0007777,O004041,P00052,1,396.7,0.1
OI0007778,O004042,P00118,1,509.33,0.0
OI0007779,O004043,P00117,2,372.96,0.0
OI0007780,O004043,P00119,1,324.39,0.0
OI0007781,O004043,P00113,1,151.95,0.0
OI0007782,O004044,P00021,1,265.21,0.0
OI0007783,O004045,P00074,1,138.42,0.15
OI0007784,O004045,P00024,2,194.34,0.0
OI0007785,O004046,P00058,1,268.06,0.15
OI0007786,O004047,P00070,1,403.55,0.05
OI0007787,O004047,P00048,1,606.69,0.0
OI0007788,O004047,P00072,1,362.99,0.2
OI0007789,O004047,P00034,1,79.08,0.15
OI0007790,O004048,P00024,1,194.34,0.1
OI0007791,O004049,P00053,2,564.38,0.0
OI0007792,O004049,P00015,2,125.4,0.0
OI0007793,O004049,P00072,1,362.99,0.0
OI0007794,O004050,P00019,1,80.96,0.0
OI0007795,O004050,P00039,1,78.36,0.15
OI0007796,O004051,P00090,1,335.08,0.05
OI0007797,O004052,P00002,1,75.51,0.0
OI0007798,O004053,P00008,1,441.52,0.1
OI0007799,O004054,P00101,1,79.35,0.0
OI0007800,O004055,P00015,1,125.4,0.1
OI0007801,O004056,P00086,1,55.76,0.0
OI0007802,O004057,P00075,2,181.47,0.1
OI0007803,O004058,P00002,1,75.51,0.0
OI0007804,O004059,P00113,1,151.95,0.2
OI0007805,O004060,P00018,4,97.12,0.0
OI0007806,O004061,P00118,1,509.33,0.05
OI0007807,O004061,P00032,2,492.19,0.2
OI0007808,O004061,P00111,1,39.89,0.0
OI0007809,O004062,P00025,2,205.26,0.15
OI0007810,O004063,P00061,1,62.41,0.05
OI0007811,O004064,P00062,1,140.07,0.0
OI0007812,O004064,P00028,4,43.31,0.0
OI0007813,O004065,P00050,2,212.38,0.15
OI0007814,O004065,P00071,1,455.29,0.1
OI0007815,O004065,P00082,1,380.3,0.2
OI0007816,O004066,P00103,4,132.87,0.0
OI0007817,O004066,P00010,1,9.72,0.15
OI0007818,O004067,P00017,1,369.49,0.2
OI0007819,O004067,P00110,1,82.92,0.0
OI0007820,O004067,P00066,1,422.64,0.05
OI0007821,O004067,P00019,1,80.96,0.1
OI0007822,O004067,P00111,2,39.89,0.0
OI0007823,O004068,P00073,3,380.75,0.0
OI0007824,O004069,P00032,1,492.19,0.2
OI0007825,O004069,P00081,2,74.04,0.05
OI0007826,O004070,P00108,2,475.6,0.15
OI0007827,O004071,P00047,1,293.14,0.0
OI0007828,O004072,P00106,3,183.48,0.05
OI0007829,O004072,P00034,1,79.08,0.0
OI0007830,O004073,P00097,2,193.82,0.0
OI0007831,O004073,P00056,1,496.49,0.2
OI0007832,O004074,P00042,1,444.01,0.0
OI0007833,O004074,P00100,1,205.9,0.0
OI0007834,O004074,P00051,1,220.14,0.15
OI0007835,O004075,P00093,1,320.92,0.0
OI0007836,O004076,P00051,1,220.14,0.05
OI0007837,O004077,P00078,1,203.68,0.2
OI0007838,O004077,P00108,2,475.6,0.0
OI0007839,O004078,P00096,2,302.38,0.0
OI0007840,O004079,P00062,1,140.07,0.1
OI0007841,O004080,P00102,1,377.84,0.1
OI0007842,O004081,P00114,2,426.8,0.05
OI0007843,O004082,P00083,2,125.94,0.15
OI0007844,O004082,P00112,1,264.71,0.0
OI0007845,O004082,P00097,1,193.82,0.0
OI0007846,O004083,P00077,1,263.58,0.2
OI0007847,O004083,P00067,3,529.3,0.0
OI0007848,O004083,P00037,1,379.94,0.05
OI0007849,O004083,P00064,4,25.74,0.1
OI0007850,O004084,P00004,2,41.11,0.0
OI0007851,O004084,P00054,1,499.72,0.15
OI0007852,O004084,P00009,1,411.99,0.2
OI0007853,O004084,P00072,3,362.99,0.0
OI0007854,O004085,P00099,1,91.51,0.0
OI0007855,O004085,P00083,1,125.94,0.0
OI0007856,O004085,P00006,2,117.92,0.05
OI0007857,O004086,P00036,2,136.63,0.15
OI0007858,O004086,P00060,2,534.46,0.2
OI0007859,O004087,P00118,1,509.33,0.1
OI0007860,O004087,P00044,1,52.37,0.1
OI0007861,O004087,P00039,1,78.36,0.0
OI0007862,O004087,P00108,3,475.6,0.0
OI0007863,O004088,P00110,1,82.92,0.1
OI0007864,O004088,P00061,1,62.41,0.05
OI0007865,O004089,P00050,2,212.38,0.2
OI0007866,O004090,P00112,2,264.71,0.15
OI0007867,O004090,P00108,1,475.6,0.1
OI0007868,O004091,P00089,1,185.57,0.1
OI0007869,O004091,P00072,2,362.99,0.1
OI0007870,O004091,P00119,1,324.39,0.15
OI0007871,O004091,P00088,1,15.01,0.2
OI0007872,O004092,P00074,1,138.42,0.0
OI0007873,O004093,P00061,1,62.41,0.0
OI0007874,O004093,P00044,1,52.37,0.15
OI0007875,O004094,P00063,1,329.62,0.1
OI0007876,O004094,P00044,1,52.37,0.1
OI0007877,O004094,P00069,1,452.65,0.15
OI0007878,O004095,P00009,1,411.99,0.0
OI0007879,O004095,P00033,4,97.17,0.0
OI0007880,O004095,P00081,1,74.04,0.2
OI0007881,O004096,P00037,1,379.94,0.1
OI0007882,O004097,P00066,1,422.64,0.0
OI0007883,O004097,P00030,2,211.27,0.0
OI0007884,O004098,P00117,1,372.96,0.0
OI0007885,O004099,P00073,2,380.75,0.0
OI0007886,O004099,P00025,1,205.26,0.0
OI0007887,O004099,P00045,2,303.55,0.2
OI0007888,O004100,P00043,1,243.73,0.15
OI0007889,O004100,P00067,1,529.3,0.05
OI0007890,O004101,P00036,1,136.63,0.0
OI0007891,O004102,P00077,1,263.58,0.15
OI0007892,O004102,P00055,1,268.52,0.0
OI0007893,O004102,P00086,1,55.76,0.2
OI0007894,O004103,P00079,2,142.89,0.2
OI0007895,O004103,P00114,1,426.8,0.2
OI0007896,O004103,P00101,1,79.35,0.15
OI0007897,O004103,P00018,1,97.12,0.0
OI0007898,O004104,P00025,1,205.26,0.15
OI0007899,O004104,P00088,4,15.01,0.0
OI0007900,O004105,P00092,1,315.53,0.1
OI0007901,O004106,P00071,2,455.29,0.0
OI0007902,O004106,P00042,1,444.01,0.2
OI0007903,O004107,P00060,1,534.46,0.1
OI0007904,O004107,P00075,1,181.47,0.0
OI0007905,O004108,P00016,3,21.7,0.0
OI0007906,O004108,P00093,2,320.92,0.15
OI0007907,O004108,P00113,1,151.95,0.0
OI0007908,O004109,P00027,1,425.73,0.15
OI0007909,O004109,P00077,1,263.58,0.2
OI0007910,O004109,P00102,2,377.84,0.0
OI0007911,O004110,P00024,4,194.34,0.15
OI0007912,O004111,P00104,1,250.89,0.05
OI0007913,O004112,P00048,2,606.69,0.05
OI0007914,O004112,P00032,1,492.19,0.05
OI0007915,O004113,P00092,2,315.53,0.0
OI0007916,O004114,P00120,1,568.77,0.1
OI0007917,O004115,P00059,1,377.25,0.0
OI0007918,O004115,P00069,4,452.65,0.0
OI0007919,O004116,P00033,4,97.17,0.0
OI0007920,O004116,P00078,1,203.68,0.0
OI0007921,O004117,P00016,1,21.7,0.0
OI0007922,O004117,P00049,1,193.92,0.0
OI0007923,O004117,P00105,1,567.15,0.0
OI0007924,O004117,P00071,1,455.29,0.2
OI0007925,O004117,P00051,1,220.14,0.0
OI0007926,O004118,P00119,1,324.39,0.05
OI0007927,O004118,P00064,1,25.74,0.1
OI0007928,O004119,P00075,1,181.47,0.0
OI0007929,O004119,P00106,2,183.48,0.1
OI0007930,O004120,P00073,3,380.75,0.0
OI0007931,O004120,P00054,1,499.72,0.0
OI0007932,O004121,P00007,1,522.61,0.0
OI0007933,O004121,P00055,4,268.52,0.05
OI0007934,O004121,P00081,1,74.04,0.05
OI0007935,O004121,P00063,2,329.62,0.05
OI0007936,O004121,P00077,2,263.58,0.0
OI0007937,O004122,P00016,1,21.7,0.0
OI0007938,O004123,P00024,1,194.34,0.2
OI0007939,O004123,P00016,1,21.7,0.2
OI0007940,O004123,P00047,2,293.14,0.0
OI0007941,O004124,P00006,2,117.92,0.2
OI0007942,O004125,P00009,1,411.99,0.0
OI0007943,O004126,P00014,2,306.6,0.1
OI0007944,O004127,P00069,1,452.65,0.15
OI0007945,O004127,P00035,1,385.83,0.15
OI0007946,O004127,P00017,1,369.49,0.05
OI0007947,O004127,P00101,2,79.35,0.0
OI0007948,O004127,P00013,1,427.3,0.0
OI0007949,O004128,P00115,1,275.35,0.15
OI0007950,O004129,P00073,1,380.75,0.0
OI0007951,O004130,P00002,2,75.51,0.0
OI0007952,O004131,P00044,2,52.37,0.0
OI0007953,O004131,P00080,1,65.63,0.05
OI0007954,O004131,P00093,1,320.92,0.0
OI0007955,O004131,P00036,1,136.63,0.0
OI0007956,O004132,P00029,1,359.81,0.1
OI0007957,O004132,P00080,3,65.63,0.1
OI0007958,O004133,P00097,2,193.82,0.0
OI0007959,O004134,P00119,1,324.39,0.0
OI0007960,O004134,P00071,2,455.29,0.2
OI0007961,O004135,P00031,3,462.82,0.1
OI0007962,O004135,P00020,2,21.08,0.0
OI0007963,O004135,P00003,1,419.56,0.2
OI0007964,O004135,P00071,3,455.29,0.0
OI0007965,O004136,P00022,1,315.29,0.2
OI0007966,O004136,P00104,1,250.89,0.05
OI0007967,O004137,P00027,1,425.73,0.1
OI0007968,O004138,P00079,1,142.89,0.0
OI0007969,O004138,P00003,1,419.56,0.1
OI0007970,O004138,P00021,1,265.21,0.15
OI0007971,O004139,P00079,1,142.89,0.2
OI0007972,O004139,P00035,1,385.83,0.05
OI0007973,O004140,P00016,2,21.7,0.0
OI0007974,O004141,P00032,1,492.19,0.2
OI0007975,O004142,P00053,1,564.38,0.0
OI0007976,O004143,P00031,1,462.82,0.05
OI0007977,O004144,P00079,1,142.89,0.0
OI0007978,O004145,P00115,2,275.35,0.0
OI0007979,O004146,P00118,3,509.33,0.0
OI0007980,O004147,P00036,2,136.63,0.0
OI0007981,O004147,P00014,1,306.6,0.15
OI0007982,O004147,P00001,2,186.44,0.0
OI0007983,O004148,P00056,1,496.49,0.1
OI0007984,O004149,P00111,3,39.89,0.1
OI0007985,O004150,P00109,3,130.78,0.05
OI0007986,O004151,P00058,3,268.06,0.0
OI0007987,O004152,P00030,3,211.27,0.05
OI0007988,O004152,P00013,1,427.3,0.15
OI0007989,O004152,P00109,3,130.78,0.05
OI0007990,O004152,P00011,4,477.15,0.05
OI0007991,O004153,P00020,1,21.08,0.15
OI0007992,O004154,P00114,1,426.8,0.2
OI0007993,O004154,P00050,2,212.38,0.1
OI0007994,O004155,P00097,1,193.82,0.05
OI0007995,O004156,P00003,1,419.56,0.1
OI0007996,O004157,P00098,2,298.47,0.0
OI0007997,O004158,P00027,2,425.73,0.15
OI0007998,O004159,P00063,1,329.62,0.1
OI0007999,O004159,P00056,1,496.49,0.0
OI0008000,O004159,P00102,1,377.84,0.0
OI0008001,O004160,P00003,1,419.56,0.1
OI0008002,O004160,P00064,1,25.74,0.1
OI0008003,O004161,P00050,1,212.38,0.0
OI0008004,O004161,P00108,1,475.6,0.0
OI0008005,O004161,P00057,4,460.12,0.0
OI0008006,O004161,P00078,3,203.68,0.15
OI0008007,O004162,P00010,2,9.72,0.15
OI0008008,O004162,P00077,1,263.58,0.15
OI0008009,O004162,P00108,3,475.6,0.05
OI0008010,O004163,P00022,1,315.29,0.0
OI0008011,O004163,P00101,1,79.35,0.0
OI0008012,O004163,P00052,1,396.7,0.0
OI0008013,O004163,P00027,1,425.73,0.05
OI0008014,O004164,P00036,2,136.63,0.0
OI0008015,O004165,P00092,1,315.53,0.0
OI0008016,O004165,P00038,1,373.16,0.05
OI0008017,O004166,P00077,1,263.58,0.0
OI0008018,O004166,P00113,1,151.95,0.15
OI0008019,O004166,P00061,2,62.41,0.1
OI0008020,O004167,P00032,1,492.19,0.15
OI0008021,O004168,P00090,2,335.08,0.0
OI0008022,O004169,P00058,1,268.06,0.2
OI0008023,O004169,P00092,1,315.53,0.0
OI0008024,O004170,P00050,3,212.38,0.0
OI0008025,O004170,P00074,2,138.42,0.0
OI0008026,O004171,P00049,1,193.92,0.05
OI0008027,O004171,P00003,2,419.56,0.15
OI0008028,O004171,P00063,3,329.62,0.05
OI0008029,O004172,P00117,3,372.96,0.05
OI0008030,O004172,P00055,1,268.52,0.0
OI0008031,O004172,P00012,3,518.79,0.0
OI0008032,O004173,P00030,3,211.27,0.0
OI0008033,O004173,P00035,1,385.83,0.0
OI0008034,O004174,P00062,2,140.07,0.0
OI0008035,O004174,P00021,1,265.21,0.0
OI0008036,O004175,P00110,2,82.92,0.15
OI0008037,O004175,P00075,1,181.47,0.1
OI0008038,O004176,P00077,1,263.58,0.1
OI0008039,O004177,P00104,1,250.89,0.2
OI0008040,O004177,P00026,1,236.15,0.0
OI0008041,O004178,P00049,1,193.92,0.0
OI0008042,O004179,P00007,2,522.61,0.2
OI0008043,O004180,P00030,2,211.27,0.15
OI0008044,O004180,P00012,1,518.79,0.0
OI0008045,O004181,P00012,1,518.79,0.15
OI0008046,O004181,P00079,2,142.89,0.1
OI0008047,O004182,P00007,3,522.61,0.0
OI0008048,O004182,P00033,1,97.17,0.1
OI0008049,O004183,P00120,1,568.77,0.05
OI0008050,O004183,P00033,2,97.17,0.0
OI0008051,O004184,P00038,1,373.16,0.2
OI0008052,O004184,P00019,1,80.96,0.05
OI0008053,O004185,P00036,1,136.63,0.0
OI0008054,O004185,P00112,1,264.71,0.0
OI0008055,O004186,P00053,4,564.38,0.0
OI0008056,O004187,P00022,3,315.29,0.1
OI0008057,O004188,P00009,3,411.99,0.1
OI0008058,O004188,P00030,3,211.27,0.0
OI0008059,O004188,P00112,3,264.71,0.1
OI0008060,O004188,P00012,1,518.79,0.15
OI0008061,O004189,P00101,2,79.35,0.2
OI0008062,O004190,P00112,1,264.71,0.15
OI0008063,O004190,P00111,2,39.89,0.0
OI0008064,O004191,P00037,3,379.94,0.05
OI0008065,O004191,P00071,2,455.29,0.05
OI0008066,O004192,P00115,1,275.35,0.0
OI0008067,O004192,P00022,1,315.29,0.0
OI0008068,O004193,P00104,1,250.89,0.0
OI0008069,O004193,P00026,1,236.15,0.0
OI0008070,O004193,P00078,2,203.68,0.2
OI0008071,O004193,P00092,1,315.53,0.0
OI0008072,O004194,P00035,1,385.83,0.2
OI0008073,O004195,P00101,1,79.35,0.0
OI0008074,O004196,P00069,1,452.65,0.05
OI0008075,O004196,P00016,1,21.7,0.1
OI0008076,O004196,P00100,1,205.9,0.2
OI0008077,O004197,P00048,3,606.69,0.15
OI0008078,O004198,P00023,4,220.19,0.0
OI0008079,O004199,P00069,2,452.65,0.0
OI0008080,O004200,P00032,1,492.19,0.2
OI0008081,O004201,P00002,2,75.51,0.0
OI0008082,O004202,P00110,1,82.92,0.0
OI0008083,O004203,P00099,1,91.51,0.2
OI0008084,O004203,P00035,1,385.83,0.0
OI0008085,O004203,P00066,2,422.64,0.1
OI0008086,O004204,P00065,2,96.5,0.0
OI0008087,O004204,P00115,1,275.35,0.05
OI0008088,O004205,P00018,1,97.12,0.0
OI0008089,O004206,P00007,3,522.61,0.0
OI0008090,O004206,P00061,4,62.41,0.0
OI0008091,O004206,P00020,1,21.08,0.2
OI0008092,O004206,P00109,2,130.78,0.1
OI0008093,O004207,P00107,1,373.63,0.0
OI0008094,O004208,P00074,1,138.42,0.05
OI0008095,O004208,P00101,1,79.35,0.0
OI0008096,O004208,P00036,1,136.63,0.05
OI0008097,O004209,P00023,1,220.19,0.15
OI0008098,O004209,P00091,1,86.94,0.0
OI0008099,O004209,P00015,4,125.4,0.0
OI0008100,O004210,P00082,1,380.3,0.1
OI0008101,O004211,P00097,2,193.82,0.0
OI0008102,O004211,P00006,1,117.92,0.05
OI0008103,O004212,P00018,1,97.12,0.0
OI0008104,O004212,P00001,1,186.44,0.05
OI0008105,O004213,P00068,1,131.83,0.2
OI0008106,O004214,P00063,3,329.62,0.2
OI0008107,O004214,P00087,2,117.6,0.05
OI0008108,O004215,P00071,2,455.29,0.1
OI0008109,O004215,P00070,1,403.55,0.05
OI0008110,O004215,P00093,1,320.92,0.15
OI0008111,O004215,P00052,3,396.7,0.1
OI0008112,O004216,P00046,4,488.5,0.1
OI0008113,O004216,P00101,1,79.35,0.1
OI0008114,O004217,P00092,1,315.53,0.2
OI0008115,O004218,P00096,1,302.38,0.05
OI0008116,O004219,P00097,2,193.82,0.0
OI0008117,O004220,P00068,1,131.83,0.05
OI0008118,O004221,P00022,1,315.29,0.2
OI0008119,O004221,P00065,1,96.5,0.05
OI0008120,O004222,P00017,3,369.49,0.0
OI0008121,O004222,P00104,1,250.89,0.0
OI0008122,O004223,P00010,1,9.72,0.0
OI0008123,O004223,P00077,1,263.58,0.0
OI0008124,O004223,P00048,1,606.69,0.1
OI0008125,O004223,P00108,1,475.6,0.05
OI0008126,O004224,P00049,2,193.92,0.0
OI0008127,O004224,P00039,1,78.36,0.0
OI0008128,O004225,P00041,2,19.77,0.0
OI0008129,O004225,P00063,2,329.62,0.2
OI0008130,O004226,P00003,4,419.56,0.05
OI0008131,O004226,P00028,1,43.31,0.2
OI0008132,O004227,P00082,2,380.3,0.2
OI0008133,O004228,P00019,2,80.96,0.05
OI0008134,O004229,P00111,1,39.89,0.1
OI0008135,O004230,P00102,1,377.84,0.2
OI0008136,O004231,P00096,1,302.38,0.0
OI0008137,O004232,P00084,2,477.09,0.05
OI0008138,O004232,P00102,2,377.84,0.0
OI0008139,O004232,P00039,2,78.36,0.0
OI0008140,O004233,P00003,3,419.56,0.0
OI0008141,O004234,P00116,1,571.16,0.0
OI0008142,O004234,P00057,2,460.12,0.05
OI0008143,O004235,P00052,2,396.7,0.05
OI0008144,O004236,P00092,1,315.53,0.05
OI0008145,O004237,P00048,1,606.69,0.0
OI0008146,O004238,P00060,4,534.46,0.0
OI0008147,O004238,P00017,1,369.49,0.0
OI0008148,O004238,P00054,1,499.72,0.0
OI0008149,O004239,P00115,2,275.35,0.15
OI0008150,O004240,P00119,3,324.39,0.0
OI0008151,O004241,P00038,3,373.16,0.0
OI0008152,O004241,P00048,1,606.69,0.0
OI0008153,O004242,P00060,2,534.46,0.05
OI0008154,O004242,P00117,2,372.96,0.15
OI0008155,O004243,P00112,1,264.71,0.1
OI0008156,O004243,P00056,2,496.49,0.0
OI0008157,O004243,P00010,3,9.72,0.0
OI0008158,O004244,P00106,2,183.48,0.0
OI0008159,O004244,P00066,1,422.64,0.2
OI0008160,O004244,P00071,1,455.29,0.2
OI0008161,O004244,P00062,3,140.07,0.05
OI0008162,O004245,P00009,1,411.99,0.0
OI0008163,O004246,P00043,2,243.73,0.0
OI0008164,O004247,P00040,1,464.84,0.1
OI0008165,O004247,P00119,1,324.39,0.0
OI0008166,O004248,P00002,3,75.51,0.15
OI0008167,O004248,P00013,1,427.3,0.15
OI0008168,O004248,P00019,1,80.96,0.1
OI0008169,O004249,P00035,2,385.83,0.0
OI0008170,O004249,P00008,2,441.52,0.1
OI0008171,O004250,P00028,3,43.31,0.1
OI0008172,O004250,P00081,1,74.04,0.0
OI0008173,O004251,P00004,2,41.11,0.05
OI0008174,O004252,P00052,1,396.7,0.1
OI0008175,O004252,P00043,4,243.73,0.05
OI0008176,O004252,P00103,2,132.87,0.0
OI0008177,O004253,P00080,1,65.63,0.0
OI0008178,O004253,P00042,1,444.01,0.0
OI0008179,O004254,P00007,1,522.61,0.1
OI0008180,O004254,P00103,1,132.87,0.0
OI0008181,O004254,P00067,3,529.3,0.05
OI0008182,O004255,P00098,1,298.47,0.2
OI0008183,O004255,P00063,2,329.62,0.1
OI0008184,O004255,P00056,1,496.49,0.0
OI0008185,O004256,P00086,2,55.76,0.2
OI0008186,O004257,P00071,1,455.29,0.1
OI0008187,O004257,P00094,1,222.34,0.1
OI0008188,O004257,P00096,1,302.38,0.0
OI0008189,O004258,P00020,2,21.08,0.15
OI0008190,O004258,P00120,1,568.77,0.15
OI0008191,O004258,P00106,1,183.48,0.05
OI0008192,O004258,P00049,1,193.92,0.15
OI0008193,O004258,P00043,2,243.73,0.15
OI0008194,O004259,P00082,1,380.3,0.0
OI0008195,O004259,P00035,4,385.83,0.2
OI0008196,O004259,P00019,1,80.96,0.0
OI0008197,O004260,P00012,1,518.79,0.1
OI0008198,O004261,P00050,3,212.38,0.05
OI0008199,O004261,P00036,2,136.63,0.0
OI0008200,O004262,P00006,1,117.92,0.0
OI0008201,O004262,P00039,1,78.36,0.0
OI0008202,O004263,P00025,2,205.26,0.1
OI0008203,O004263,P00054,2,499.72,0.0
OI0008204,O004264,P00054,1,499.72,0.2
OI0008205,O004265,P00106,3,183.48,0.0
OI0008206,O004266,P00055,1,268.52,0.1
OI0008207,O004266,P00071,1,455.29,0.0
OI0008208,O004267,P00118,1,509.33,0.0
OI0008209,O004268,P00001,4,186.44,0.2
OI0008210,O004268,P00009,1,411.99,0.0
OI0008211,O004268,P00021,1,265.21,0.0
OI0008212,O004269,P00094,2,222.34,0.2
OI0008213,O004269,P00062,1,140.07,0.0
OI0008214,O004270,P00029,2,359.81,0.0
OI0008215,O004270,P00060,1,534.46,0.15
OI0008216,O004270,P00118,1,509.33,0.05
OI0008217,O004271,P00015,2,125.4,0.15
OI0008218,O004271,P00011,1,477.15,0.05
OI0008219,O004272,P00104,1,250.89,0.0
OI0008220,O004273,P00079,1,142.89,0.2
OI0008221,O004273,P00094,1,222.34,0.05
OI0008222,O004273,P00048,2,606.69,0.0
OI0008223,O004274,P00074,2,138.42,0.1
OI0008224,O004275,P00071,1,455.29,0.2
OI0008225,O004276,P00095,4,40.98,0.0
OI0008226,O004277,P00081,1,74.04,0.1
OI0008227,O004277,P00086,4,55.76,0.0
OI0008228,O004277,P00042,2,444.01,0.15
OI0008229,O004278,P00088,1,15.01,0.2
OI0008230,O004279,P00092,2,315.53,0.1
OI0008231,O004280,P00067,1,529.3,0.0
OI0008232,O004280,P00088,1,15.01,0.2
OI0008233,O004281,P00077,1,263.58,0.2
OI0008234,O004282,P00115,1,275.35,0.0
OI0008235,O004282,P00032,1,492.19,0.2
OI0008236,O004283,P00003,1,419.56,0.0
OI0008237,O004283,P00056,1,496.49,0.1
OI0008238,O004283,P00062,1,140.07,0.0
OI0008239,O004283,P00035,1,385.83,0.05
OI0008240,O004284,P00093,1,320.92,0.0
OI0008241,O004284,P00052,1,396.7,0.1
OI0008242,O004285,P00039,1,78.36,0.2
OI0008243,O004286,P00111,2,39.89,0.0
OI0008244,O004287,P00014,2,306.6,0.2
OI0008245,O004288,P00019,1,80.96,0.0
OI0008246,O004288,P00072,1,362.99,0.2
OI0008247,O004289,P00101,1,79.35,0.05
OI0008248,O004289,P00029,1,359.81,0.0
OI0008249,O004289,P00113,1,151.95,0.0
OI0008250,O004289,P00032,2,492.19,0.15
OI0008251,O004290,P00070,3,403.55,0.1
OI0008252,O004291,P00047,3,293.14,0.15
OI0008253,O004291,P00053,1,564.38,0.05
OI0008254,O004292,P00054,1,499.72,0.0
OI0008255,O004292,P00073,1,380.75,0.0
OI0008256,O004292,P00043,3,243.73,0.0
OI0008257,O004293,P00021,3,265.21,0.1
OI0008258,O004294,P00062,4,140.07,0.15
OI0008259,O004294,P00119,1,324.39,0.0
OI0008260,O004295,P00100,1,205.9,0.0
OI0008261,O004295,P00041,1,19.77,0.05
OI0008262,O004295,P00119,2,324.39,0.05
OI0008263,O004296,P00105,1,567.15,0.05
OI0008264,O004296,P00056,1,496.49,0.05
OI0008265,O004296,P00020,1,21.08,0.0
OI0008266,O004297,P00043,1,243.73,0.0
OI0008267,O004298,P00016,1,21.7,0.05
OI0008268,O004298,P00040,1,464.84,0.05
OI0008269,O004298,P00031,4,462.82,0.05
OI0008270,O004299,P00076,1,271.68,0.0
OI0008271,O004300,P00052,2,396.7,0.2
OI0008272,O004300,P00056,2,496.49,0.0
OI0008273,O004301,P00037,1,379.94,0.1
OI0008274,O004301,P00032,1,492.19,0.2
OI0008275,O004302,P00022,1,315.29,0.1
OI0008276,O004302,P00044,1,52.37,0.0
OI0008277,O004302,P00021,2,265.21,0.1
OI0008278,O004303,P00049,1,193.92,0.0
OI0008279,O004303,P00110,3,82.92,0.0
OI0008280,O004304,P00011,4,477.15,0.0
OI0008281,O004304,P00102,3,377.84,0.0
OI0008282,O004304,P00095,1,40.98,0.1
OI0008283,O004305,P00055,2,268.52,0.0
OI0008284,O004305,P00064,2,25.74,0.2
OI0008285,O004305,P00115,2,275.35,0.2
OI0008286,O004306,P00090,1,335.08,0.15
OI0008287,O004307,P00020,2,21.08,0.0
OI0008288,O004308,P00001,1,186.44,0.0
OI0008289,O004308,P00061,1,62.41,0.0
OI0008290,O004308,P00023,2,220.19,0.0
OI0008291,O004309,P00108,1,475.6,0.0
OI0008292,O004310,P00087,3,117.6,0.2
OI0008293,O004310,P00088,2,15.01,0.15
OI0008294,O004311,P00046,1,488.5,0.15
OI0008295,O004312,P00074,2,138.42,0.0
OI0008296,O004312,P00012,2,518.79,0.0
OI0008297,O004313,P00115,1,275.35,0.0
OI0008298,O004314,P00043,1,243.73,0.0
OI0008299,O004314,P00013,1,427.3,0.0
OI0008300,O004314,P00005,2,297.83,0.1
OI0008301,O004314,P00075,4,181.47,0.0
OI0008302,O004315,P00106,2,183.48,0.0
OI0008303,O004315,P00119,1,324.39,0.2
OI0008304,O004316,P00022,1,315.29,0.05
OI0008305,O004317,P00106,1,183.48,0.0
OI0008306,O004317,P00063,3,329.62,0.0
OI0008307,O004318,P00076,1,271.68,0.0
OI0008308,O004319,P00079,2,142.89,0.1
OI0008309,O004319,P00108,1,475.6,0.0
OI0008310,O004320,P00107,1,373.63,0.0
OI0008311,O004320,P00079,2,142.89,0.0
OI0008312,O004320,P00037,2,379.94,0.05
OI0008313,O004321,P00078,2,203.68,0.2
OI0008314,O004322,P00034,3,79.08,0.15
OI0008315,O004322,P00021,3,265.21,0.2
OI0008316,O004323,P00090,1,335.08,0.1
OI0008317,O004324,P00013,4,427.3,0.05
OI0008318,O004325,P00078,2,203.68,0.0
OI0008319,O004326,P00089,2,185.57,0.0
OI0008320,O004326,P00037,1,379.94,0.05
OI0008321,O004327,P00110,1,82.92,0.0
OI0008322,O004328,P00086,1,55.76,0.0
OI0008323,O004329,P00089,1,185.57,0.05
OI0008324,O004330,P00104,1,250.89,0.05
OI0008325,O004331,P00046,1,488.5,0.1
OI0008326,O004332,P00040,1,464.84,0.0
OI0008327,O004333,P00084,1,477.09,0.2
OI0008328,O004333,P00091,3,86.94,0.05
OI0008329,O004334,P00054,3,499.72,0.2
OI0008330,O004335,P00120,2,568.77,0.2
OI0008331,O004335,P00031,3,462.82,0.0
OI0008332,O004335,P00102,1,377.84,0.15
OI0008333,O004336,P00042,1,444.01,0.0
OI0008334,O004337,P00031,1,462.82,0.05
OI0008335,O004338,P00020,1,21.08,0.0
OI0008336,O004338,P00091,1,86.94,0.0
OI0008337,O004339,P00011,2,477.15,0.0
OI0008338,O004340,P00076,1,271.68,0.05
OI0008339,O004340,P00113,1,151.95,0.0
OI0008340,O004340,P00016,1,21.7,0.0
OI0008341,O004340,P00019,2,80.96,0.15
OI0008342,O004340,P00014,1,306.6,0.0
OI0008343,O004341,P00037,1,379.94,0.0
OI0008344,O004341,P00099,1,91.51,0.1
OI0008345,O004341,P00043,4,243.73,0.0
OI0008346,O004341,P00089,3,185.57,0.15
OI0008347,O004342,P00062,1,140.07,0.05
OI0008348,O004342,P00056,2,496.49,0.0
OI0008349,O004343,P00120,1,568.77,0.15
OI0008350,O004344,P00086,1,55.76,0.15
OI0008351,O004345,P00071,1,455.29,0.1
OI0008352,O004345,P00094,3,222.34,0.0
OI0008353,O004346,P00120,1,568.77,0.15
OI0008354,O004347,P00027,2,425.73,0.05
OI0008355,O004347,P00115,4,275.35,0.15
OI0008356,O004348,P00005,1,297.83,0.05
OI0008357,O004348,P00047,4,293.14,0.0
OI0008358,O004348,P00021,3,265.21,0.0
OI0008359,O004349,P00009,1,411.99,0.0
OI0008360,O004350,P00005,1,297.83,0.2
OI0008361,O004350,P00108,4,475.6,0.2
OI0008362,O004351,P00033,2,97.17,0.05
OI0008363,O004352,P00024,1,194.34,0.2
OI0008364,O004353,P00064,1,25.74,0.05
OI0008365,O004353,P00060,1,534.46,0.2
OI0008366,O004353,P00085,4,274.09,0.15
OI0008367,O004354,P00111,1,39.89,0.0
OI0008368,O004354,P00042,1,444.01,0.2
OI0008369,O004354,P00058,1,268.06,0.0
OI0008370,O004355,P00096,2,302.38,0.15
OI0008371,O004355,P00091,1,86.94,0.0
OI0008372,O004355,P00055,2,268.52,0.2
OI0008373,O004356,P00073,1,380.75,0.2
OI0008374,O004357,P00090,1,335.08,0.0
OI0008375,O004357,P00024,1,194.34,0.2
OI0008376,O004358,P00101,1,79.35,0.0
OI0008377,O004358,P00022,2,315.29,0.05
OI0008378,O004359,P00012,2,518.79,0.0
OI0008379,O004359,P00063,1,329.62,0.0
OI0008380,O004360,P00006,2,117.92,0.0
OI0008381,O004361,P00031,2,462.82,0.1
OI0008382,O004362,P00078,1,203.68,0.0
OI0008383,O004362,P00064,2,25.74,0.0
OI0008384,O004363,P00093,1,320.92,0.2
OI0008385,O004363,P00024,1,194.34,0.0
OI0008386,O004363,P00054,2,499.72,0.15
OI0008387,O004363,P00005,1,297.83,0.0
OI0008388,O004364,P00092,1,315.53,0.0
OI0008389,O004365,P00103,1,132.87,0.0
OI0008390,O004365,P00079,1,142.89,0.0
OI0008391,O004366,P00001,2,186.44,0.2
OI0008392,O004366,P00014,4,306.6,0.1
OI0008393,O004366,P00062,1,140.07,0.0
OI0008394,O004366,P00099,1,91.51,0.0
OI0008395,O004367,P00019,1,80.96,0.2
OI0008396,O004367,P00043,2,243.73,0.15
OI0008397,O004367,P00088,1,15.01,0.15
OI0008398,O004367,P00085,2,274.09,0.1
OI0008399,O004368,P00036,1,136.63,0.1
OI0008400,O004368,P00068,1,131.83,0.1
OI0008401,O004368,P00051,1,220.14,0.1
OI0008402,O004368,P00114,1,426.8,0.1
OI0008403,O004369,P00026,2,236.15,0.05
OI0008404,O004370,P00099,1,91.51,0.15
OI0008405,O004371,P00103,1,132.87,0.05
OI0008406,O004371,P00006,1,117.92,0.15
OI0008407,O004372,P00076,3,271.68,0.0
OI0008408,O004372,P00071,1,455.29,0.1
OI0008409,O004373,P00097,2,193.82,0.05
OI0008410,O004374,P00006,1,117.92,0.0
OI0008411,O004375,P00043,1,243.73,0.05
OI0008412,O004375,P00003,1,419.56,0.1
OI0008413,O004376,P00081,1,74.04,0.05
OI0008414,O004376,P00102,3,377.84,0.05
OI0008415,O004376,P00009,1,411.99,0.1
OI0008416,O004376,P00061,2,62.41,0.1
OI0008417,O004376,P00107,1,373.63,0.0
OI0008418,O004377,P00119,2,324.39,0.0
OI0008419,O004378,P00107,1,373.63,0.05
OI0008420,O004378,P00076,2,271.68,0.0
OI0008421,O004378,P00029,1,359.81,0.0
OI0008422,O004379,P00115,2,275.35,0.0
OI0008423,O004379,P00084,1,477.09,0.2
OI0008424,O004379,P00110,1,82.92,0.0
OI0008425,O004380,P00086,3,55.76,0.1
OI0008426,O004380,P00116,1,571.16,0.0
OI0008427,O004381,P00051,1,220.14,0.0
OI0008428,O004381,P00034,2,79.08,0.1
OI0008429,O004382,P00030,2,211.27,0.0
OI0008430,O004382,P00006,3,117.92,0.2
OI0008431,O004383,P00058,1,268.06,0.0
OI0008432,O004384,P00051,1,220.14,0.2
OI0008433,O004384,P00001,2,186.44,0.2
OI0008434,O004384,P00056,2,496.49,0.0
OI0008435,O004384,P00007,2,522.61,0.1
OI0008436,O004384,P00010,1,9.72,0.2
OI0008437,O004385,P00116,2,571.16,0.1
OI0008438,O004386,P00054,2,499.72,0.0
OI0008439,O004387,P00065,1,96.5,0.15
OI0008440,O004387,P00112,1,264.71,0.2
OI0008441,O004388,P00099,1,91.51,0.2
OI0008442,O004388,P00082,1,380.3,0.1
OI0008443,O004388,P00101,3,79.35,0.15
OI0008444,O004388,P00040,2,464.84,0.0
OI0008445,O004389,P00064,1,25.74,0.15
OI0008446,O004389,P00075,2,181.47,0.1
OI0008447,O004389,P00028,1,43.31,0.0
OI0008448,O004389,P00069,2,452.65,0.2
OI0008449,O004390,P00015,1,125.4,0.05
OI0008450,O004390,P00110,1,82.92,0.1
OI0008451,O004390,P00031,2,462.82,0.15
OI0008452,O004391,P00043,2,243.73,0.0
OI0008453,O004392,P00070,3,403.55,0.15
OI0008454,O004393,P00026,1,236.15,0.0
OI0008455,O004394,P00088,1,15.01,0.05
OI0008456,O004395,P00011,1,477.15,0.0
OI0008457,O004396,P00083,3,125.94,0.0
OI0008458,O004397,P00062,2,140.07,0.0
OI0008459,O004398,P00013,1,427.3,0.15
OI0008460,O004398,P00017,1,369.49,0.15
OI0008461,O004399,P00034,1,79.08,0.15
OI0008462,O004399,P00022,1,315.29,0.0
OI0008463,O004400,P00086,1,55.76,0.0
OI0008464,O004401,P00054,1,499.72,0.0
OI0008465,O004402,P00116,2,571.16,0.05
OI0008466,O004403,P00027,1,425.73,0.15
OI0008467,O004404,P00021,1,265.21,0.0
OI0008468,O004405,P00013,2,427.3,0.2
OI0008469,O004406,P00120,1,568.77,0.0
OI0008470,O004406,P00037,1,379.94,0.1
OI0008471,O004407,P00089,1,185.57,0.15
OI0008472,O004407,P00071,3,455.29,0.0
OI0008473,O004408,P00010,1,9.72,0.0
OI0008474,O004408,P00020,4,21.08,0.2
OI0008475,O004408,P00112,1,264.71,0.0
OI0008476,O004409,P00031,1,462.82,0.0
OI0008477,O004410,P00100,3,205.9,0.2
OI0008478,O004410,P00099,3,91.51,0.2
OI0008479,O004411,P00035,1,385.83,0.0
OI0008480,O004411,P00023,2,220.19,0.2
OI0008481,O004412,P00058,1,268.06,0.1
OI0008482,O004412,P00044,1,52.37,0.2
OI0008483,O004412,P00016,2,21.7,0.2
OI0008484,O004413,P00100,2,205.9,0.1
OI0008485,O004413,P00069,1,452.65,0.0
OI0008486,O004413,P00060,1,534.46,0.05
OI0008487,O004414,P00086,2,55.76,0.2
OI0008488,O004414,P00079,1,142.89,0.0
OI0008489,O004414,P00036,1,136.63,0.0
OI0008490,O004415,P00101,3,79.35,0.05
OI0008491,O004415,P00012,2,518.79,0.2
OI0008492,O004415,P00046,1,488.5,0.0
OI0008493,O004415,P00023,2,220.19,0.1
OI0008494,O004416,P00033,3,97.17,0.15
OI0008495,O004417,P00003,2,419.56,0.1
OI0008496,O004418,P00103,2,132.87,0.2
OI0008497,O004418,P00102,1,377.84,0.0
OI0008498,O004419,P00009,2,411.99,0.0
OI0008499,O004420,P00019,1,80.96,0.0
OI0008500,O004421,P00021,1,265.21,0.0
OI0008501,O004421,P00067,2,529.3,0.05
OI0008502,O004421,P00105,1,567.15,0.2
OI0008503,O004421,P00089,2,185.57,0.15
OI0008504,O004421,P00069,2,452.65,0.0
OI0008505,O004422,P00004,4,41.11,0.2
OI0008506,O004422,P00044,1,52.37,0.05
OI0008507,O004423,P00102,2,377.84,0.05
OI0008508,O004423,P00097,1,193.82,0.0
OI0008509,O004424,P00104,4,250.89,0.2
OI0008510,O004424,P00066,1,422.64,0.2
OI0008511,O004425,P00052,1,396.7,0.0
OI0008512,O004426,P00022,3,315.29,0.0
OI0008513,O004427,P00080,1,65.63,0.15
OI0008514,O004428,P00062,1,140.07,0.15
OI0008515,O004428,P00100,2,205.9,0.15
OI0008516,O004428,P00076,2,271.68,0.0
OI0008517,O004429,P00096,2,302.38,0.15
OI0008518,O004429,P00030,1,211.27,0.2
OI0008519,O004429,P00107,1,373.63,0.05
OI0008520,O004430,P00072,1,362.99,0.2
OI0008521,O004431,P00059,1,377.25,0.0
OI0008522,O004431,P00050,1,212.38,0.15
OI0008523,O004432,P00048,1,606.69,0.0
OI0008524,O004433,P00116,1,571.16,0.0
OI0008525,O004434,P00005,2,297.83,0.0
OI0008526,O004434,P00058,2,268.06,0.0
OI0008527,O004435,P00074,2,138.42,0.15
OI0008528,O004435,P00046,2,488.5,0.0
OI0008529,O004435,P00003,1,419.56,0.15
OI0008530,O004436,P00044,2,52.37,0.05
OI0008531,O004437,P00096,1,302.38,0.2
OI0008532,O004438,P00001,1,186.44,0.0
OI0008533,O004439,P00111,1,39.89,0.0
OI0008534,O004439,P00060,1,534.46,0.2
OI0008535,O004439,P00011,1,477.15,0.0
OI0008536,O004440,P00077,2,263.58,0.1
OI0008537,O004440,P00067,1,529.3,0.2
OI0008538,O004441,P00015,1,125.4,0.05
OI0008539,O004441,P00076,2,271.68,0.05
OI0008540,O004441,P00018,2,97.12,0.1
OI0008541,O004442,P00071,1,455.29,0.0
OI0008542,O004442,P00093,1,320.92,0.1
OI0008543,O004442,P00098,1,298.47,0.2
OI0008544,O004442,P00044,1,52.37,0.0
OI0008545,O004443,P00101,1,79.35,0.2
OI0008546,O004444,P00082,3,380.3,0.0
OI0008547,O004445,P00032,4,492.19,0.0
OI0008548,O004446,P00069,3,452.65,0.0
OI0008549,O004446,P00106,3,183.48,0.0
OI0008550,O004446,P00055,2,268.52,0.2
OI0008551,O004447,P00014,1,306.6,0.15
OI0008552,O004447,P00008,1,441.52,0.0
OI0008553,O004447,P00039,3,78.36,0.15
OI0008554,O004448,P00034,1,79.08,0.2
OI0008555,O004449,P00049,1,193.92,0.0
OI0008556,O004449,P00020,2,21.08,0.2
OI0008557,O004449,P00036,1,136.63,0.05
OI0008558,O004450,P00010,1,9.72,0.0
OI0008559,O004450,P00068,3,131.83,0.0
OI0008560,O004451,P00064,2,25.74,0.0
OI0008561,O004452,P00095,1,40.98,0.0
OI0008562,O004453,P00053,1,564.38,0.0
OI0008563,O004454,P00004,1,41.11,0.0
OI0008564,O004454,P00037,1,379.94,0.0
OI0008565,O004455,P00092,3,315.53,0.0
OI0008566,O004456,P00112,1,264.71,0.0
OI0008567,O004457,P00120,3,568.77,0.1
OI0008568,O004457,P00068,3,131.83,0.1
OI0008569,O004458,P00110,1,82.92,0.0
OI0008570,O004458,P00013,2,427.3,0.0
OI0008571,O004458,P00047,2,293.14,0.0
OI0008572,O004459,P00099,1,91.51,0.0
OI0008573,O004459,P00043,3,243.73,0.0
OI0008574,O004459,P00041,1,19.77,0.1
OI0008575,O004459,P00114,2,426.8,0.0
OI0008576,O004460,P00075,1,181.47,0.2
OI0008577,O004461,P00011,1,477.15,0.0
OI0008578,O004461,P00030,2,211.27,0.0
OI0008579,O004462,P00040,2,464.84,0.2
OI0008580,O004462,P00108,1,475.6,0.1
OI0008581,O004463,P00097,2,193.82,0.0
OI0008582,O004463,P00070,1,403.55,0.2
OI0008583,O004463,P00117,2,372.96,0.15
OI0008584,O004463,P00110,1,82.92,0.1
OI0008585,O004464,P00120,1,568.77,0.1
OI0008586,O004465,P00112,1,264.71,0.1
OI0008587,O004465,P00089,1,185.57,0.0
OI0008588,O004466,P00117,1,372.96,0.0
OI0008589,O004466,P00071,1,455.29,0.05
OI0008590,O004466,P00085,4,274.09,0.2
OI0008591,O004466,P00039,1,78.36,0.0
OI0008592,O004467,P00040,1,464.84,0.05
OI0008593,O004467,P00118,1,509.33,0.0
OI0008594,O004468,P00085,4,274.09,0.0
OI0008595,O004469,P00035,1,385.83,0.15
OI0008596,O004470,P00007,4,522.61,0.1
OI0008597,O004470,P00018,1,97.12,0.0
OI0008598,O004470,P00009,2,411.99,0.0
OI0008599,O004470,P00013,1,427.3,0.05
OI0008600,O004471,P00006,1,117.92,0.2
OI0008601,O004471,P00061,1,62.41,0.0
OI0008602,O004472,P00052,1,396.7,0.1
OI0008603,O004473,P00014,1,306.6,0.0
OI0008604,O004473,P00034,1,79.08,0.1
OI0008605,O004474,P00072,2,362.99,0.0
OI0008606,O004474,P00115,1,275.35,0.0
OI0008607,O004474,P00102,3,377.84,0.0
OI0008608,O004474,P00032,1,492.19,0.15
OI0008609,O004474,P00011,1,477.15,0.1
OI0008610,O004475,P00090,1,335.08,0.0
OI0008611,O004475,P00111,2,39.89,0.15
OI0008612,O004476,P00104,1,250.89,0.15
OI0008613,O004476,P00003,1,419.56,0.15
OI0008614,O004476,P00061,1,62.41,0.0
OI0008615,O004476,P00028,1,43.31,0.0
OI0008616,O004477,P00095,2,40.98,0.15
OI0008617,O004477,P00106,1,183.48,0.1
OI0008618,O004477,P00111,2,39.89,0.0
OI0008619,O004478,P00053,4,564.38,0.0
OI0008620,O004479,P00088,2,15.01,0.1
OI0008621,O004480,P00113,1,151.95,0.0
OI0008622,O004481,P00074,1,138.42,0.2
OI0008623,O004481,P00102,3,377.84,0.2
OI0008624,O004481,P00094,1,222.34,0.0
OI0008625,O004482,P00064,4,25.74,0.05
OI0008626,O004482,P00071,1,455.29,0.0
OI0008627,O004482,P00031,1,462.82,0.1
OI0008628,O004482,P00008,2,441.52,0.15
OI0008629,O004483,P00050,3,212.38,0.0
OI0008630,O004484,P00106,2,183.48,0.0
OI0008631,O004484,P00068,1,131.83,0.0
OI0008632,O004485,P00018,1,97.12,0.05
OI0008633,O004485,P00052,2,396.7,0.1
OI0008634,O004485,P00076,1,271.68,0.0
OI0008635,O004486,P00035,4,385.83,0.0
OI0008636,O004487,P00079,4,142.89,0.0
OI0008637,O004487,P00110,1,82.92,0.15
OI0008638,O004487,P00114,2,426.8,0.05
OI0008639,O004488,P00033,2,97.17,0.1
OI0008640,O004488,P00083,1,125.94,0.05
OI0008641,O004489,P00001,3,186.44,0.0
OI0008642,O004490,P00052,4,396.7,0.1
OI0008643,O004491,P00025,4,205.26,0.15
OI0008644,O004492,P00033,2,97.17,0.0
OI0008645,O004492,P00089,1,185.57,0.1
OI0008646,O004493,P00024,1,194.34,0.0
OI0008647,O004493,P00105,2,567.15,0.15
OI0008648,O004493,P00083,1,125.94,0.0
OI0008649,O004493,P00075,2,181.47,0.0
OI0008650,O004494,P00092,1,315.53,0.0
OI0008651,O004494,P00006,2,117.92,0.15
OI0008652,O004494,P00030,1,211.27,0.0
OI0008653,O004495,P00094,4,222.34,0.0
OI0008654,O004495,P00010,1,9.72,0.0
OI0008655,O004495,P00088,1,15.01,0.0
OI0008656,O004495,P00051,2,220.14,0.0
OI0008657,O004496,P00074,1,138.42,0.0
OI0008658,O004497,P00084,1,477.09,0.0
OI0008659,O004498,P00092,1,315.53,0.0
OI0008660,O004499,P00107,2,373.63,0.15
OI0008661,O004500,P00002,1,75.51,0.0
OI0008662,O004500,P00053,2,564.38,0.0
OI0008663,O004501,P00027,1,425.73,0.0
OI0008664,O004501,P00058,2,268.06,0.15
OI0008665,O004501,P00019,2,80.96,0.15
OI0008666,O004502,P00101,1,79.35,0.0
OI0008667,O004503,P00112,2,264.71,0.0
OI0008668,O004503,P00048,1,606.69,0.05
OI0008669,O004504,P00049,2,193.92,0.05
OI0008670,O004504,P00085,1,274.09,0.15
OI0008671,O004504,P00067,1,529.3,0.0
OI0008672,O004504,P00088,1,15.01,0.2
OI0008673,O004504,P00036,1,136.63,0.15
OI0008674,O004505,P00019,2,80.96,0.05
OI0008675,O004505,P00027,2,425.73,0.0
OI0008676,O004506,P00025,1,205.26,0.2
OI0008677,O004507,P00086,1,55.76,0.2
OI0008678,O004508,P00085,1,274.09,0.05
OI0008679,O004508,P00032,2,492.19,0.0
OI0008680,O004508,P00063,4,329.62,0.05
OI0008681,O004509,P00007,1,522.61,0.0
OI0008682,O004509,P00033,1,97.17,0.05
OI0008683,O004510,P00060,2,534.46,0.0
OI0008684,O004511,P00008,2,441.52,0.2
OI0008685,O004511,P00101,2,79.35,0.0
OI0008686,O004511,P00114,2,426.8,0.15
OI0008687,O004512,P00059,1,377.25,0.0
OI0008688,O004512,P00068,3,131.83,0.05
OI0008689,O004512,P00038,2,373.16,0.0
OI0008690,O004513,P00113,4,151.95,0.0
OI0008691,O004514,P00019,1,80.96,0.05
OI0008692,O004514,P00037,2,379.94,0.2
OI0008693,O004514,P00036,1,136.63,0.0
OI0008694,O004514,P00023,1,220.19,0.05
OI0008695,O004515,P00101,1,79.35,0.2
OI0008696,O004516,P00068,1,131.83,0.1
OI0008697,O004516,P00009,2,411.99,0.05
OI0008698,O004517,P00045,1,303.55,0.0
OI0008699,O004518,P00083,1,125.94,0.0
OI0008700,O004519,P00058,1,268.06,0.0
OI0008701,O004520,P00089,1,185.57,0.2
OI0008702,O004521,P00036,3,136.63,0.2
OI0008703,O004522,P00062,2,140.07,0.05
OI0008704,O004523,P00035,1,385.83,0.0
OI0008705,O004524,P00062,3,140.07,0.0
OI0008706,O004525,P00057,2,460.12,0.0
OI0008707,O004526,P00003,1,419.56,0.0
OI0008708,O004526,P00100,3,205.9,0.15
OI0008709,O004527,P00063,1,329.62,0.05
OI0008710,O004528,P00029,1,359.81,0.1
OI0008711,O004529,P00066,2,422.64,0.15
OI0008712,O004530,P00120,2,568.77,0.0
OI0008713,O004531,P00015,4,125.4,0.0
OI0008714,O004532,P00093,2,320.92,0.0
OI0008715,O004533,P00067,1,529.3,0.15
OI0008716,O004533,P00033,1,97.17,0.0
OI0008717,O004534,P00035,1,385.83,0.2
OI0008718,O004535,P00085,2,274.09,0.1
OI0008719,O004536,P00103,1,132.87,0.0
OI0008720,O004537,P00096,3,302.38,0.05
OI0008721,O004538,P00003,1,419.56,0.0
OI0008722,O004539,P00073,1,380.75,0.0
OI0008723,O004540,P00031,2,462.82,0.0
OI0008724,O004540,P00116,2,571.16,0.0
OI0008725,O004541,P00104,4,250.89,0.2
OI0008726,O004541,P00032,1,492.19,0.15
OI0008727,O004542,P00120,1,568.77,0.1
OI0008728,O004543,P00110,1,82.92,0.1
OI0008729,O004544,P00074,1,138.42,0.2
OI0008730,O004545,P00119,2,324.39,0.1
OI0008731,O004546,P00118,1,509.33,0.0
OI0008732,O004546,P00024,2,194.34,0.0
OI0008733,O004546,P00081,3,74.04,0.0
OI0008734,O004546,P00064,4,25.74,0.0
OI0008735,O004546,P00068,1,131.83,0.2
OI0008736,O004547,P00089,1,185.57,0.05
OI0008737,O004547,P00099,2,91.51,0.1
OI0008738,O004547,P00071,2,455.29,0.0
OI0008739,O004548,P00001,1,186.44,0.0
OI0008740,O004548,P00062,2,140.07,0.0
OI0008741,O004549,P00014,1,306.6,0.15
OI0008742,O004550,P00040,3,464.84,0.2
OI0008743,O004550,P00093,4,320.92,0.05
OI0008744,O004551,P00033,1,97.17,0.2
OI0008745,O004551,P00090,1,335.08,0.0
OI0008746,O004552,P00076,1,271.68,0.0
OI0008747,O004553,P00081,1,74.04,0.05
OI0008748,O004554,P00086,3,55.76,0.2
OI0008749,O004555,P00078,2,203.68,0.1
OI0008750,O004555,P00073,1,380.75,0.0
OI0008751,O004556,P00013,1,427.3,0.05
OI0008752,O004557,P00061,2,62.41,0.1
OI0008753,O004558,P00026,2,236.15,0.0
OI0008754,O004558,P00114,3,426.8,0.0
OI0008755,O004559,P00006,1,117.92,0.0
OI0008756,O004559,P00110,3,82.92,0.0
OI0008757,O004560,P00061,2,62.41,0.0
OI0008758,O004560,P00098,2,298.47,0.1
OI0008759,O004561,P00043,1,243.73,0.05
OI0008760,O004562,P00030,1,211.27,0.05
OI0008761,O004563,P00072,1,362.99,0.0
OI0008762,O004564,P00089,1,185.57,0.1
OI0008763,O004564,P00010,1,9.72,0.0
OI0008764,O004564,P00014,1,306.6,0.0
OI0008765,O004565,P00053,1,564.38,0.0
OI0008766,O004565,P00111,2,39.89,0.0
OI0008767,O004566,P00060,1,534.46,0.15
OI0008768,O004566,P00053,1,564.38,0.0
OI0008769,O004566,P00069,2,452.65,0.0
OI0008770,O004567,P00088,1,15.01,0.1
OI0008771,O004568,P00057,3,460.12,0.0
OI0008772,O004568,P00092,1,315.53,0.0
OI0008773,O004569,P00095,1,40.98,0.0
OI0008774,O004569,P00028,1,43.31,0.0
OI0008775,O004569,P00048,2,606.69,0.0
OI0008776,O004569,P00013,1,427.3,0.1
OI0008777,O004570,P00053,1,564.38,0.0
OI0008778,O004571,P00036,1,136.63,0.15
OI0008779,O004572,P00076,2,271.68,0.05
OI0008780,O004572,P00114,4,426.8,0.0
OI0008781,O004573,P00012,2,518.79,0.0
OI0008782,O004573,P00044,2,52.37,0.1
OI0008783,O004574,P00016,1,21.7,0.0
OI0008784,O004574,P00012,1,518.79,0.2
OI0008785,O004574,P00104,2,250.89,0.1
OI0008786,O004575,P00069,3,452.65,0.15
OI0008787,O004576,P00081,1,74.04,0.0
OI0008788,O004576,P00098,2,298.47,0.0
OI0008789,O004577,P00061,4,62.41,0.15
OI0008790,O004578,P00036,2,136.63,0.15
OI0008791,O004578,P00070,1,403.55,0.15
OI0008792,O004578,P00022,1,315.29,0.0
OI0008793,O004578,P00085,1,274.09,0.2
OI0008794,O004578,P00097,3,193.82,0.05
OI0008795,O004579,P00105,1,567.15,0.0
OI0008796,O004580,P00102,1,377.84,0.05
OI0008797,O004581,P00114,1,426.8,0.0
OI0008798,O004581,P00043,1,243.73,0.1
OI0008799,O004581,P00013,2,427.3,0.1
OI0008800,O004582,P00030,2,211.27,0.0
OI0008801,O004582,P00119,2,324.39,0.0
OI0008802,O004582,P00074,1,138.42,0.05
OI0008803,O004583,P00090,4,335.08,0.0
OI0008804,O004584,P00120,2,568.77,0.15
OI0008805,O004584,P00046,2,488.5,0.0
OI0008806,O004584,P00097,4,193.82,0.0
OI0008807,O004584,P00058,1,268.06,0.15
OI0008808,O004584,P00072,1,362.99,0.0
OI0008809,O004585,P00081,4,74.04,0.0
OI0008810,O004585,P00074,2,138.42,0.15
OI0008811,O004586,P00036,1,136.63,0.2
OI0008812,O004586,P00025,1,205.26,0.0
OI0008813,O004586,P00023,1,220.19,0.0
OI0008814,O004587,P00095,1,40.98,0.2
OI0008815,O004587,P00006,1,117.92,0.0
OI0008816,O004587,P00094,4,222.34,0.0
OI0008817,O004587,P00023,1,220.19,0.0
OI0008818,O004587,P00026,2,236.15,0.0
OI0008819,O004588,P00059,1,377.25,0.15
OI0008820,O004588,P00008,2,441.52,0.05
OI0008821,O004589,P00029,1,359.81,0.15
OI0008822,O004589,P00080,2,65.63,0.15
OI0008823,O004589,P00018,1,97.12,0.0
OI0008824,O004589,P00005,1,297.83,0.0
OI0008825,O004589,P00016,1,21.7,0.15
OI0008826,O004590,P00097,1,193.82,0.0
OI0008827,O004590,P00113,1,151.95,0.2
OI0008828,O004590,P00098,2,298.47,0.15
OI0008829,O004591,P00056,1,496.49,0.0
OI0008830,O004592,P00089,2,185.57,0.0
OI0008831,O004593,P00107,3,373.63,0.0
OI0008832,O004593,P00116,1,571.16,0.05
OI0008833,O004594,P00049,2,193.92,0.0
OI0008834,O004595,P00022,3,315.29,0.0
OI0008835,O004596,P00005,1,297.83,0.1
OI0008836,O004597,P00023,1,220.19,0.2
OI0008837,O004597,P00088,1,15.01,0.05
OI0008838,O004598,P00014,1,306.6,0.2
OI0008839,O004598,P00011,1,477.15,0.0
OI0008840,O004599,P00028,1,43.31,0.0
OI0008841,O004600,P00020,1,21.08,0.05
OI0008842,O004601,P00014,2,306.6,0.0
OI0008843,O004601,P00056,2,496.49,0.15
OI0008844,O004602,P00105,1,567.15,0.0
OI0008845,O004603,P00035,3,385.83,0.1
OI0008846,O004603,P00092,1,315.53,0.15
OI0008847,O004604,P00072,1,362.99,0.15
OI0008848,O004605,P00068,2,131.83,0.1
OI0008849,O004605,P00116,1,571.16,0.0
OI0008850,O004605,P00120,1,568.77,0.05
OI0008851,O004605,P00076,3,271.68,0.0
OI0008852,O004606,P00107,1,373.63,0.1
OI0008853,O004607,P00069,1,452.65,0.1
OI0008854,O004607,P00085,1,274.09,0.0
OI0008855,O004608,P00058,3,268.06,0.05
OI0008856,O004609,P00023,2,220.19,0.2
OI0008857,O004609,P00079,1,142.89,0.2
OI0008858,O004610,P00057,3,460.12,0.1
OI0008859,O004610,P00036,1,136.63,0.0
OI0008860,O004610,P00041,1,19.77,0.15
OI0008861,O004610,P00034,2,79.08,0.2
OI0008862,O004611,P00099,1,91.51,0.0
OI0008863,O004611,P00107,2,373.63,0.0
OI0008864,O004612,P00052,1,396.7,0.0
OI0008865,O004613,P00049,1,193.92,0.1
OI0008866,O004613,P00099,1,91.51,0.05
OI0008867,O004614,P00119,2,324.39,0.0
OI0008868,O004614,P00012,3,518.79,0.2
OI0008869,O004614,P00112,2,264.71,0.15
OI0008870,O004614,P00075,2,181.47,0.0
OI0008871,O004615,P00116,1,571.16,0.0
OI0008872,O004615,P00007,1,522.61,0.15
OI0008873,O004616,P00090,4,335.08,0.1
OI0008874,O004617,P00110,1,82.92,0.0
OI0008875,O004618,P00072,1,362.99,0.05
OI0008876,O004618,P00062,1,140.07,0.15
OI0008877,O004619,P00075,2,181.47,0.15
OI0008878,O004620,P00095,1,40.98,0.0
OI0008879,O004620,P00105,1,567.15,0.0
OI0008880,O004621,P00067,1,529.3,0.0
OI0008881,O004622,P00069,1,452.65,0.0
OI0008882,O004622,P00113,1,151.95,0.0
OI0008883,O004622,P00030,4,211.27,0.0
OI0008884,O004622,P00103,2,132.87,0.1
OI0008885,O004623,P00110,1,82.92,0.1
OI0008886,O004624,P00070,1,403.55,0.0
OI0008887,O004624,P00114,1,426.8,0.1
OI0008888,O004624,P00010,1,9.72,0.1
OI0008889,O004625,P00011,2,477.15,0.0
OI0008890,O004626,P00068,1,131.83,0.0
OI0008891,O004626,P00069,2,452.65,0.0
OI0008892,O004627,P00034,1,79.08,0.0
OI0008893,O004628,P00071,2,455.29,0.2
OI0008894,O004628,P00018,1,97.12,0.0
OI0008895,O004629,P00006,1,117.92,0.05
OI0008896,O004629,P00055,2,268.52,0.2
OI0008897,O004630,P00108,3,475.6,0.2
OI0008898,O004630,P00027,1,425.73,0.2
OI0008899,O004630,P00018,1,97.12,0.0
OI0008900,O004631,P00090,1,335.08,0.15
OI0008901,O004632,P00012,1,518.79,0.0
OI0008902,O004632,P00067,4,529.3,0.1
OI0008903,O004633,P00057,1,460.12,0.15
OI0008904,O004633,P00010,1,9.72,0.15
OI0008905,O004633,P00055,2,268.52,0.1
OI0008906,O004634,P00011,1,477.15,0.15
OI0008907,O004635,P00098,1,298.47,0.0
OI0008908,O004636,P00059,4,377.25,0.15
OI0008909,O004636,P00022,1,315.29,0.0
OI0008910,O004637,P00109,1,130.78,0.0
OI0008911,O004637,P00044,3,52.37,0.0
OI0008912,O004638,P00098,1,298.47,0.0
OI0008913,O004638,P00002,3,75.51,0.2
OI0008914,O004638,P00100,1,205.9,0.15
OI0008915,O004639,P00089,2,185.57,0.0
OI0008916,O004640,P00111,1,39.89,0.2
OI0008917,O004641,P00093,1,320.92,0.0
OI0008918,O004641,P00004,1,41.11,0.0
OI0008919,O004642,P00022,1,315.29,0.15
OI0008920,O004642,P00097,1,193.82,0.2
OI0008921,O004643,P00082,2,380.3,0.1
OI0008922,O004644,P00011,1,477.15,0.2
OI0008923,O004644,P00089,1,185.57,0.0
OI0008924,O004644,P00025,2,205.26,0.05
OI0008925,O004644,P00062,4,140.07,0.2
OI0008926,O004645,P00115,3,275.35,0.1
OI0008927,O004646,P00083,4,125.94,0.0
OI0008928,O004646,P00048,1,606.69,0.2
OI0008929,O004647,P00081,1,74.04,0.0
OI0008930,O004647,P00096,4,302.38,0.0
OI0008931,O004647,P00078,1,203.68,0.0
OI0008932,O004647,P00004,1,41.11,0.05
OI0008933,O004647,P00093,2,320.92,0.15
OI0008934,O004648,P00015,2,125.4,0.1
OI0008935,O004648,P00102,1,377.84,0.15
OI0008936,O004649,P00038,3,373.16,0.0
OI0008937,O004649,P00097,1,193.82,0.0
OI0008938,O004649,P00034,1,79.08,0.1
OI0008939,O004650,P00105,2,567.15,0.15
OI0008940,O004650,P00019,2,80.96,0.1
OI0008941,O004650,P00077,3,263.58,0.1
OI0008942,O004651,P00062,2,140.07,0.1
OI0008943,O004651,P00037,4,379.94,0.2
OI0008944,O004651,P00063,3,329.62,0.0
OI0008945,O004652,P00020,1,21.08,0.2
OI0008946,O004652,P00023,1,220.19,0.0
OI0008947,O004652,P00106,1,183.48,0.1
OI0008948,O004653,P00080,1,65.63,0.0
OI0008949,O004653,P00101,1,79.35,0.0
OI0008950,O004654,P00049,2,193.92,0.05
OI0008951,O004655,P00006,3,117.92,0.05
OI0008952,O004655,P00065,1,96.5,0.0
OI0008953,O004655,P00056,1,496.49,0.0
OI0008954,O004656,P00077,1,263.58,0.0
OI0008955,O004657,P00001,1,186.44,0.0
OI0008956,O004657,P00085,1,274.09,0.0
OI0008957,O004658,P00049,1,193.92,0.0
OI0008958,O004659,P00082,1,380.3,0.0
OI0008959,O004660,P00012,1,518.79,0.0
OI0008960,O004661,P00093,2,320.92,0.1
OI0008961,O004662,P00036,1,136.63,0.1
OI0008962,O004662,P00068,2,131.83,0.0
OI0008963,O004662,P00020,3,21.08,0.0
OI0008964,O004662,P00052,1,396.7,0.05
OI0008965,O004662,P00049,1,193.92,0.0
OI0008966,O004663,P00103,1,132.87,0.0
OI0008967,O004664,P00066,1,422.64,0.0
OI0008968,O004664,P00030,3,211.27,0.0
OI0008969,O004665,P00085,3,274.09,0.0
OI0008970,O004666,P00047,4,293.14,0.2
OI0008971,O004666,P00040,2,464.84,0.1
OI0008972,O004666,P00106,1,183.48,0.05
OI0008973,O004666,P00022,2,315.29,0.15
OI0008974,O004667,P00006,3,117.92,0.1
OI0008975,O004668,P00092,1,315.53,0.0
OI0008976,O004669,P00081,1,74.04,0.0
OI0008977,O004669,P00061,1,62.41,0.0
OI0008978,O004669,P00007,1,522.61,0.05
OI0008979,O004669,P00053,2,564.38,0.1
OI0008980,O004670,P00110,2,82.92,0.1
OI0008981,O004670,P00079,3,142.89,0.05
OI0008982,O004671,P00080,1,65.63,0.0
OI0008983,O004672,P00101,2,79.35,0.2
OI0008984,O004672,P00003,1,419.56,0.1
OI0008985,O004673,P00100,1,205.9,0.15
OI0008986,O004674,P00110,1,82.92,0.1
OI0008987,O004675,P00024,1,194.34,0.0
OI0008988,O004676,P00009,2,411.99,0.0
OI0008989,O004677,P00035,1,385.83,0.0
OI0008990,O004677,P00103,1,132.87,0.2
OI0008991,O004677,P00007,4,522.61,0.05
OI0008992,O004678,P00033,4,97.17,0.1
OI0008993,O004678,P00107,1,373.63,0.0
OI0008994,O004679,P00114,1,426.8,0.1
OI0008995,O004679,P00072,1,362.99,0.15
OI0008996,O004679,P00118,4,509.33,0.0
OI0008997,O004680,P00034,1,79.08,0.15
OI0008998,O004680,P00081,4,74.04,0.0
OI0008999,O004680,P00094,1,222.34,0.1
OI0009000,O004680,P00110,2,82.92,0.05
OI0009001,O004681,P00064,1,25.74,0.0
OI0009002,O004682,P00067,1,529.3,0.15
OI0009003,O004682,P00025,1,205.26,0.2
OI0009004,O004682,P00049,1,193.92,0.0
OI0009005,O004683,P00068,2,131.83,0.15
OI0009006,O004684,P00009,2,411.99,0.05
OI0009007,O004685,P00035,1,385.83,0.0
OI0009008,O004686,P00020,2,21.08,0.15
OI0009009,O004687,P00009,1,411.99,0.0
OI0009010,O004688,P00090,3,335.08,0.05
OI0009011,O004689,P00080,2,65.63,0.15
OI0009012,O004690,P00038,1,373.16,0.15
OI0009013,O004691,P00022,1,315.29,0.1
OI0009014,O004692,P00074,4,138.42,0.15
OI0009015,O004692,P00083,1,125.94,0.15
OI0009016,O004693,P00094,1,222.34,0.05
OI0009017,O004693,P00040,1,464.84,0.0
OI0009018,O004694,P00021,3,265.21,0.0
OI0009019,O004695,P00032,2,492.19,0.05
OI0009020,O004696,P00097,1,193.82,0.15
OI0009021,O004697,P00017,1,369.49,0.0
OI0009022,O004698,P00093,1,320.92,0.15
OI0009023,O004699,P00109,2,130.78,0.1
OI0009024,O004700,P00056,2,496.49,0.0
OI0009025,O004701,P00014,3,306.6,0.0
OI0009026,O004702,P00100,1,205.9,0.0
OI0009027,O004703,P00011,1,477.15,0.05
OI0009028,O004703,P00060,1,534.46,0.0
OI0009029,O004703,P00112,1,264.71,0.15
OI0009030,O004703,P00006,1,117.92,0.05
OI0009031,O004703,P00106,4,183.48,0.0
OI0009032,O004704,P00046,2,488.5,0.2
OI0009033,O004704,P00097,4,193.82,0.0
OI0009034,O004704,P00048,1,606.69,0.2
OI0009035,O004705,P00112,2,264.71,0.0
OI0009036,O004706,P00024,1,194.34,0.05
OI0009037,O004707,P00101,3,79.35,0.15
OI0009038,O004707,P00030,1,211.27,0.15
OI0009039,O004708,P00048,1,606.69,0.15
OI0009040,O004708,P00044,1,52.37,0.0
OI0009041,O004708,P00070,2,403.55,0.0
OI0009042,O004709,P00025,1,205.26,0.0
OI0009043,O004709,P00111,1,39.89,0.15
OI0009044,O004709,P00117,1,372.96,0.0
OI0009045,O004709,P00094,2,222.34,0.05
OI0009046,O004710,P00049,1,193.92,0.0
OI0009047,O004711,P00053,1,564.38,0.0
OI0009048,O004711,P00102,1,377.84,0.2
OI0009049,O004712,P00038,3,373.16,0.2
OI0009050,O004712,P00066,3,422.64,0.1
OI0009051,O004712,P00074,1,138.42,0.1
OI0009052,O004713,P00118,2,509.33,0.15
OI0009053,O004713,P00003,1,419.56,0.0
OI0009054,O004713,P00099,2,91.51,0.0
OI0009055,O004713,P00029,1,359.81,0.0
OI0009056,O004714,P00072,2,362.99,0.1
OI0009057,O004714,P00090,2,335.08,0.1
OI0009058,O004715,P00023,2,220.19,0.2
OI0009059,O004716,P00036,3,136.63,0.0
OI0009060,O004717,P00093,1,320.92,0.05
OI0009061,O004717,P00018,1,97.12,0.1
OI0009062,O004718,P00107,1,373.63,0.0
OI0009063,O004718,P00090,2,335.08,0.15
OI0009064,O004719,P00089,2,185.57,0.0
OI0009065,O004720,P00005,1,297.83,0.0
OI0009066,O004721,P00088,2,15.01,0.0
OI0009067,O004721,P00082,1,380.3,0.0
OI0009068,O004721,P00008,4,441.52,0.0
OI0009069,O004721,P00110,1,82.92,0.0
OI0009070,O004722,P00027,1,425.73,0.2
OI0009071,O004722,P00098,1,298.47,0.0
OI0009072,O004723,P00025,1,205.26,0.2
OI0009073,O004724,P00068,3,131.83,0.0
OI0009074,O004724,P00033,1,97.17,0.15
OI0009075,O004724,P00076,1,271.68,0.0
OI0009076,O004725,P00051,1,220.14,0.2
OI0009077,O004725,P00094,1,222.34,0.0
OI0009078,O004725,P00029,1,359.81,0.2
OI0009079,O004726,P00014,1,306.6,0.0
OI0009080,O004727,P00013,1,427.3,0.1
OI0009081,O004727,P00092,3,315.53,0.05
OI0009082,O004728,P00068,1,131.83,0.05
OI0009083,O004729,P00093,2,320.92,0.2
OI0009084,O004730,P00016,1,21.7,0.1
OI0009085,O004731,P00007,1,522.61,0.0
OI0009086,O004731,P00078,2,203.68,0.1
OI0009087,O004731,P00026,4,236.15,0.0
OI0009088,O004732,P00081,1,74.04,0.0
OI0009089,O004732,P00087,1,117.6,0.05
OI0009090,O004733,P00028,1,43.31,0.15
OI0009091,O004733,P00018,2,97.12,0.0
OI0009092,O004733,P00052,2,396.7,0.0
OI0009093,O004734,P00006,2,117.92,0.05
OI0009094,O004734,P00113,1,151.95,0.2
OI0009095,O004735,P00005,2,297.83,0.0
OI0009096,O004735,P00093,1,320.92,0.0
OI0009097,O004736,P00118,2,509.33,0.2
OI0009098,O004737,P00079,1,142.89,0.1
OI0009099,O004737,P00098,2,298.47,0.05
OI0009100,O004738,P00098,3,298.47,0.05
OI0009101,O004738,P00042,2,444.01,0.0
OI0009102,O004739,P00060,1,534.46,0.1
OI0009103,O004740,P00110,3,82.92,0.2
OI0009104,O004740,P00053,1,564.38,0.1
OI0009105,O004741,P00093,1,320.92,0.1
OI0009106,O004741,P00111,1,39.89,0.0
OI0009107,O004742,P00002,1,75.51,0.0
OI0009108,O004742,P00117,2,372.96,0.0
OI0009109,O004743,P00106,4,183.48,0.0
OI0009110,O004743,P00004,1,41.11,0.0
OI0009111,O004743,P00104,2,250.89,0.2
OI0009112,O004743,P00076,3,271.68,0.05
OI0009113,O004744,P00015,1,125.4,0.1
OI0009114,O004745,P00017,1,369.49,0.0
OI0009115,O004745,P00108,3,475.6,0.0
OI0009116,O004745,P00077,1,263.58,0.15
OI0009117,O004745,P00068,1,131.83,0.05
OI0009118,O004746,P00043,1,243.73,0.05
OI0009119,O004747,P00082,1,380.3,0.15
OI0009120,O004748,P00064,1,25.74,0.15
OI0009121,O004748,P00034,1,79.08,0.0
OI0009122,O004749,P00106,1,183.48,0.15
OI0009123,O004749,P00077,2,263.58,0.05
OI0009124,O004749,P00016,2,21.7,0.0
OI0009125,O004750,P00113,1,151.95,0.1
OI0009126,O004751,P00088,2,15.01,0.1
OI0009127,O004751,P00028,1,43.31,0.2
OI0009128,O004751,P00051,2,220.14,0.0
OI0009129,O004751,P00048,1,606.69,0.0
OI0009130,O004752,P00114,1,426.8,0.0
OI0009131,O004753,P00010,4,9.72,0.0
OI0009132,O004754,P00078,2,203.68,0.0
OI0009133,O004754,P00010,1,9.72,0.2
OI0009134,O004754,P00104,1,250.89,0.1
OI0009135,O004755,P00082,1,380.3,0.2
OI0009136,O004756,P00074,1,138.42,0.0
OI0009137,O004757,P00014,3,306.6,0.1
OI0009138,O004758,P00038,1,373.16,0.1
OI0009139,O004758,P00029,2,359.81,0.05
OI0009140,O004758,P00030,1,211.27,0.0
OI0009141,O004758,P00051,1,220.14,0.2
OI0009142,O004759,P00004,2,41.11,0.05
OI0009143,O004759,P00076,1,271.68,0.0
OI0009144,O004759,P00018,1,97.12,0.0
OI0009145,O004759,P00097,3,193.82,0.2
OI0009146,O004760,P00093,1,320.92,0.0
OI0009147,O004761,P00028,1,43.31,0.0
OI0009148,O004761,P00078,1,203.68,0.0
OI0009149,O004761,P00065,1,96.5,0.05
OI0009150,O004761,P00019,3,80.96,0.0
OI0009151,O004762,P00043,1,243.73,0.0
OI0009152,O004762,P00044,1,52.37,0.0
OI0009153,O004762,P00054,1,499.72,0.0
OI0009154,O004763,P00120,1,568.77,0.0
OI0009155,O004764,P00090,1,335.08,0.15
OI0009156,O004765,P00110,1,82.92,0.1
OI0009157,O004765,P00094,1,222.34,0.1
OI0009158,O004765,P00038,1,373.16,0.05
OI0009159,O004765,P00017,2,369.49,0.15
OI0009160,O004766,P00006,1,117.92,0.2
OI0009161,O004767,P00047,4,293.14,0.2
OI0009162,O004767,P00081,2,74.04,0.2
OI0009163,O004767,P00003,1,419.56,0.0
OI0009164,O004768,P00031,2,462.82,0.05
OI0009165,O004769,P00120,1,568.77,0.05
OI0009166,O004770,P00055,2,268.52,0.1
OI0009167,O004770,P00056,2,496.49,0.15
OI0009168,O004770,P00102,3,377.84,0.0
OI0009169,O004770,P00096,2,302.38,0.0
OI0009170,O004770,P00006,2,117.92,0.15
OI0009171,O004771,P00017,4,369.49,0.05
OI0009172,O004772,P00100,1,205.9,0.2
OI0009173,O004773,P00003,1,419.56,0.0
OI0009174,O004774,P00025,1,205.26,0.0
OI0009175,O004774,P00112,1,264.71,0.1
OI0009176,O004775,P00114,1,426.8,0.0
OI0009177,O004775,P00027,1,425.73,0.05
OI0009178,O004776,P00051,2,220.14,0.1
OI0009179,O004777,P00012,1,518.79,0.2
OI0009180,O004778,P00112,3,264.71,0.0
OI0009181,O004778,P00098,2,298.47,0.05
OI0009182,O004779,P00020,3,21.08,0.15
OI0009183,O004780,P00059,2,377.25,0.15
OI0009184,O004780,P00010,1,9.72,0.0
OI0009185,O004780,P00042,2,444.01,0.0
OI0009186,O004781,P00023,2,220.19,0.0
OI0009187,O004781,P00099,3,91.51,0.0
OI0009188,O004782,P00115,1,275.35,0.0
OI0009189,O004782,P00044,3,52.37,0.2
OI0009190,O004782,P00046,1,488.5,0.05
OI0009191,O004783,P00066,1,422.64,0.1
OI0009192,O004784,P00024,1,194.34,0.1
OI0009193,O004784,P00056,1,496.49,0.0
OI0009194,O004785,P00063,2,329.62,0.15
OI0009195,O004786,P00109,2,130.78,0.2
OI0009196,O004786,P00063,1,329.62,0.1
OI0009197,O004786,P00055,4,268.52,0.15
OI0009198,O004787,P00116,2,571.16,0.1
OI0009199,O004787,P00019,2,80.96,0.0
OI0009200,O004788,P00068,2,131.83,0.0
OI0009201,O004788,P00107,1,373.63,0.0
OI0009202,O004788,P00034,1,79.08,0.0
OI0009203,O004788,P00038,2,373.16,0.0
OI0009204,O004788,P00096,1,302.38,0.1
OI0009205,O004789,P00001,1,186.44,0.1
OI0009206,O004789,P00102,1,377.84,0.05
OI0009207,O004790,P00100,2,205.9,0.0
OI0009208,O004790,P00025,2,205.26,0.0
OI0009209,O004791,P00031,1,462.82,0.05
OI0009210,O004792,P00111,1,39.89,0.15
OI0009211,O004793,P00117,2,372.96,0.1
OI0009212,O004794,P00095,1,40.98,0.05
OI0009213,O004794,P00115,1,275.35,0.0
OI0009214,O004794,P00068,2,131.83,0.0
OI0009215,O004794,P00018,4,97.12,0.0
OI0009216,O004795,P00083,1,125.94,0.0
OI0009217,O004795,P00048,1,606.69,0.0
OI0009218,O004795,P00079,1,142.89,0.0
OI0009219,O004795,P00093,2,320.92,0.15
OI0009220,O004796,P00048,1,606.69,0.15
OI0009221,O004796,P00058,3,268.06,0.15
OI0009222,O004797,P00003,4,419.56,0.2
OI0009223,O004797,P00078,1,203.68,0.0
OI0009224,O004798,P00065,1,96.5,0.0
OI0009225,O004799,P00073,2,380.75,0.1
OI0009226,O004800,P00091,2,86.94,0.0
OI0009227,O004801,P00103,1,132.87,0.0
OI0009228,O004802,P00037,4,379.94,0.0
OI0009229,O004802,P00074,1,138.42,0.15
OI0009230,O004802,P00024,4,194.34,0.05
OI0009231,O004803,P00033,1,97.17,0.2
OI0009232,O004803,P00075,2,181.47,0.0
OI0009233,O004804,P00052,1,396.7,0.2
OI0009234,O004805,P00077,1,263.58,0.1
OI0009235,O004805,P00091,1,86.94,0.1
OI0009236,O004806,P00081,2,74.04,0.05
OI0009237,O004807,P00099,1,91.51,0.1
OI0009238,O004807,P00080,3,65.63,0.2
OI0009239,O004808,P00049,2,193.92,0.2
OI0009240,O004809,P00100,2,205.9,0.1
OI0009241,O004809,P00085,1,274.09,0.15
OI0009242,O004809,P00038,2,373.16,0.1
OI0009243,O004809,P00107,1,373.63,0.2
OI0009244,O004810,P00077,1,263.58,0.15
OI0009245,O004810,P00096,1,302.38,0.15
OI0009246,O004811,P00087,1,117.6,0.2
OI0009247,O004812,P00110,3,82.92,0.0
OI0009248,O004812,P00059,1,377.25,0.1
OI0009249,O004813,P00038,1,373.16,0.0
OI0009250,O004814,P00069,1,452.65,0.0
OI0009251,O004814,P00101,1,79.35,0.1
OI0009252,O004815,P00050,2,212.38,0.1
OI0009253,O004815,P00082,1,380.3,0.0
OI0009254,O004816,P00019,2,80.96,0.0
OI0009255,O004817,P00073,1,380.75,0.0
OI0009256,O004818,P00038,4,373.16,0.2
OI0009257,O004818,P00003,1,419.56,0.1
OI0009258,O004819,P00114,1,426.8,0.1
OI0009259,O004819,P00040,3,464.84,0.1
OI0009260,O004820,P00102,1,377.84,0.2
OI0009261,O004821,P00025,4,205.26,0.0
OI0009262,O004821,P00023,2,220.19,0.0
OI0009263,O004821,P00114,1,426.8,0.0
OI0009264,O004822,P00108,1,475.6,0.2
OI0009265,O004823,P00104,2,250.89,0.0
OI0009266,O004823,P00105,2,567.15,0.0
OI0009267,O004824,P00100,2,205.9,0.0
OI0009268,O004825,P00100,3,205.9,0.1
OI0009269,O004825,P00056,2,496.49,0.0
OI0009270,O004825,P00052,2,396.7,0.05
OI0009271,O004825,P00073,1,380.75,0.1
OI0009272,O004826,P00090,1,335.08,0.0
OI0009273,O004827,P00072,1,362.99,0.0
OI0009274,O004827,P00061,1,62.41,0.05
OI0009275,O004828,P00082,1,380.3,0.05
OI0009276,O004828,P00016,1,21.7,0.2
OI0009277,O004829,P00054,1,499.72,0.0
OI0009278,O004830,P00083,4,125.94,0.05
OI0009279,O004831,P00023,1,220.19,0.15
OI0009280,O004832,P00028,2,43.31,0.0
OI0009281,O004833,P00072,1,362.99,0.0
OI0009282,O004833,P00093,3,320.92,0.1
OI0009283,O004834,P00078,1,203.68,0.15
OI0009284,O004834,P00029,1,359.81,0.15
OI0009285,O004834,P00042,1,444.01,0.1
OI0009286,O004835,P00117,2,372.96,0.0
OI0009287,O004836,P00084,1,477.09,0.0
OI0009288,O004837,P00116,1,571.16,0.1
OI0009289,O004838,P00018,1,97.12,0.1
OI0009290,O004838,P00085,1,274.09,0.2
OI0009291,O004838,P00115,2,275.35,0.0
OI0009292,O004839,P00108,1,475.6,0.2
OI0009293,O004840,P00037,1,379.94,0.2
OI0009294,O004841,P00001,1,186.44,0.0
OI0009295,O004842,P00053,1,564.38,0.15
OI0009296,O004843,P00016,4,21.7,0.0
OI0009297,O004844,P00116,2,571.16,0.15
OI0009298,O004845,P00073,1,380.75,0.0
OI0009299,O004845,P00079,2,142.89,0.0
OI0009300,O004845,P00056,2,496.49,0.1
OI0009301,O004846,P00103,4,132.87,0.2
OI0009302,O004847,P00101,1,79.35,0.0
OI0009303,O004848,P00052,1,396.7,0.0
OI0009304,O004848,P00076,2,271.68,0.1
OI0009305,O004848,P00098,3,298.47,0.15
OI0009306,O004849,P00019,1,80.96,0.0
OI0009307,O004849,P00056,4,496.49,0.2
OI0009308,O004849,P00085,1,274.09,0.1
OI0009309,O004849,P00035,1,385.83,0.05
OI0009310,O004850,P00074,2,138.42,0.0
OI0009311,O004850,P00049,1,193.92,0.05
OI0009312,O004851,P00081,1,74.04,0.2
OI0009313,O004851,P00010,1,9.72,0.0
OI0009314,O004852,P00002,1,75.51,0.05
OI0009315,O004852,P00072,1,362.99,0.0
OI0009316,O004852,P00062,2,140.07,0.15
OI0009317,O004852,P00104,1,250.89,0.2
OI0009318,O004853,P00088,1,15.01,0.2
OI0009319,O004853,P00113,1,151.95,0.0
OI0009320,O004853,P00019,1,80.96,0.2
OI0009321,O004854,P00068,2,131.83,0.0
OI0009322,O004855,P00074,3,138.42,0.0
OI0009323,O004856,P00119,1,324.39,0.0
OI0009324,O004856,P00097,2,193.82,0.0
OI0009325,O004857,P00108,2,475.6,0.2
OI0009326,O004857,P00025,2,205.26,0.0
OI0009327,O004858,P00052,2,396.7,0.1
OI0009328,O004859,P00020,1,21.08,0.0
OI0009329,O004860,P00076,1,271.68,0.2
OI0009330,O004860,P00102,2,377.84,0.1
OI0009331,O004860,P00099,1,91.51,0.0
OI0009332,O004860,P00040,1,464.84,0.15
OI0009333,O004861,P00116,1,571.16,0.2
OI0009334,O004861,P00006,1,117.92,0.0
OI0009335,O004862,P00107,2,373.63,0.0
OI0009336,O004863,P00062,1,140.07,0.2
OI0009337,O004864,P00029,3,359.81,0.2
OI0009338,O004864,P00001,1,186.44,0.1
OI0009339,O004864,P00086,3,55.76,0.05
OI0009340,O004865,P00077,1,263.58,0.05
OI0009341,O004866,P00117,3,372.96,0.0
OI0009342,O004866,P00114,1,426.8,0.0
OI0009343,O004866,P00050,1,212.38,0.0
OI0009344,O004867,P00107,1,373.63,0.2
OI0009345,O004868,P00050,1,212.38,0.0
OI0009346,O004868,P00065,1,96.5,0.0
OI0009347,O004868,P00026,1,236.15,0.15
OI0009348,O004869,P00025,1,205.26,0.0
OI0009349,O004869,P00105,2,567.15,0.2
OI0009350,O004869,P00079,3,142.89,0.2
OI0009351,O004870,P00110,2,82.92,0.0
OI0009352,O004871,P00007,1,522.61,0.05
OI0009353,O004871,P00009,1,411.99,0.1
OI0009354,O004872,P00008,1,441.52,0.15
OI0009355,O004872,P00079,1,142.89,0.0
OI0009356,O004873,P00011,2,477.15,0.0
OI0009357,O004874,P00081,1,74.04,0.1
OI0009358,O004875,P00010,2,9.72,0.2
OI0009359,O004876,P00095,1,40.98,0.0
OI0009360,O004877,P00007,1,522.61,0.05
OI0009361,O004878,P00053,2,564.38,0.2
OI0009362,O004879,P00023,2,220.19,0.15
OI0009363,O004879,P00111,1,39.89,0.1
OI0009364,O004880,P00026,4,236.15,0.2
OI0009365,O004881,P00075,2,181.47,0.05
OI0009366,O004882,P00083,2,125.94,0.0
OI0009367,O004882,P00053,1,564.38,0.15
OI0009368,O004882,P00081,1,74.04,0.0
OI0009369,O004882,P00019,1,80.96,0.0
OI0009370,O004883,P00082,2,380.3,0.0
OI0009371,O004883,P00036,2,136.63,0.0
OI0009372,O004884,P00115,2,275.35,0.05
OI0009373,O004885,P00057,1,460.12,0.0
OI0009374,O004885,P00077,1,263.58,0.05
OI0009375,O004886,P00021,1,265.21,0.15
OI0009376,O004886,P00008,1,441.52,0.05
OI0009377,O004887,P00114,2,426.8,0.0
OI0009378,O004888,P00093,1,320.92,0.05
OI0009379,O004889,P00098,2,298.47,0.15
OI0009380,O004889,P00111,2,39.89,0.0
OI0009381,O004889,P00053,1,564.38,0.1
OI0009382,O004890,P00018,2,97.12,0.0
OI0009383,O004890,P00045,4,303.55,0.1
OI0009384,O004891,P00103,1,132.87,0.0
OI0009385,O004892,P00096,2,302.38,0.2
OI0009386,O004893,P00063,1,329.62,0.15
OI0009387,O004893,P00093,1,320.92,0.2
OI0009388,O004894,P00061,1,62.41,0.05
OI0009389,O004895,P00119,2,324.39,0.15
OI0009390,O004895,P00007,1,522.61,0.1
OI0009391,O004895,P00021,1,265.21,0.0
OI0009392,O004895,P00073,1,380.75,0.2
OI0009393,O004896,P00100,1,205.9,0.0
OI0009394,O004896,P00034,4,79.08,0.05
OI0009395,O004897,P00120,1,568.77,0.15
OI0009396,O004897,P00068,2,131.83,0.1
OI0009397,O004898,P00034,1,79.08,0.0
OI0009398,O004898,P00009,1,411.99,0.0
OI0009399,O004899,P00026,1,236.15,0.0
OI0009400,O004899,P00059,1,377.25,0.0
OI0009401,O004900,P00120,1,568.77,0.0
OI0009402,O004901,P00120,3,568.77,0.0
OI0009403,O004902,P00046,2,488.5,0.0
OI0009404,O004902,P00092,1,315.53,0.0
OI0009405,O004903,P00045,4,303.55,0.05
OI0009406,O004903,P00118,1,509.33,0.0
OI0009407,O004904,P00060,1,534.46,0.0
OI0009408,O004904,P00070,3,403.55,0.05
OI0009409,O004905,P00002,3,75.51,0.0
OI0009410,O004905,P00027,1,425.73,0.15
OI0009411,O004905,P00109,1,130.78,0.0
OI0009412,O004906,P00011,1,477.15,0.1
OI0009413,O004907,P00021,1,265.21,0.05
OI0009414,O004907,P00001,2,186.44,0.0
OI0009415,O004908,P00029,3,359.81,0.2
OI0009416,O004909,P00055,1,268.52,0.0
OI0009417,O004910,P00106,2,183.48,0.15
OI0009418,O004910,P00066,1,422.64,0.0
OI0009419,O004911,P00017,1,369.49,0.1
OI0009420,O004911,P00060,3,534.46,0.1
OI0009421,O004911,P00064,3,25.74,0.0
OI0009422,O004912,P00049,3,193.92,0.0
OI0009423,O004912,P00016,2,21.7,0.0
OI0009424,O004913,P00058,3,268.06,0.1
OI0009425,O004913,P00010,2,9.72,0.0
OI0009426,O004913,P00115,1,275.35,0.0
OI0009427,O004913,P00086,1,55.76,0.0
OI0009428,O004914,P00076,2,271.68,0.2
OI0009429,O004914,P00007,1,522.61,0.1
OI0009430,O004914,P00093,1,320.92,0.0
OI0009431,O004914,P00022,2,315.29,0.0
OI0009432,O004915,P00019,1,80.96,0.05
OI0009433,O004915,P00111,1,39.89,0.0
OI0009434,O004916,P00066,1,422.64,0.2
OI0009435,O004916,P00006,1,117.92,0.0
OI0009436,O004917,P00056,2,496.49,0.0
OI0009437,O004917,P00036,1,136.63,0.0
OI0009438,O004917,P00037,1,379.94,0.05
OI0009439,O004918,P00027,2,425.73,0.0
OI0009440,O004918,P00088,1,15.01,0.2
OI0009441,O004919,P00014,3,306.6,0.05
OI0009442,O004920,P00061,1,62.41,0.0
OI0009443,O004920,P00069,1,452.65,0.05
OI0009444,O004920,P00014,1,306.6,0.15
OI0009445,O004920,P00119,1,324.39,0.2
OI0009446,O004921,P00064,1,25.74,0.15
OI0009447,O004922,P00066,1,422.64,0.0
OI0009448,O004922,P00022,3,315.29,0.0
OI0009449,O004923,P00002,1,75.51,0.0
OI0009450,O004923,P00107,4,373.63,0.15
OI0009451,O004924,P00012,3,518.79,0.05
OI0009452,O004924,P00113,1,151.95,0.2
OI0009453,O004925,P00076,1,271.68,0.1
OI0009454,O004926,P00106,1,183.48,0.0
OI0009455,O004926,P00024,2,194.34,0.15
OI0009456,O004927,P00025,2,205.26,0.0
OI0009457,O004928,P00067,2,529.3,0.05
OI0009458,O004928,P00120,1,568.77,0.0
OI0009459,O004929,P00074,1,138.42,0.05
OI0009460,O004929,P00070,4,403.55,0.2
OI0009461,O004929,P00044,1,52.37,0.15
OI0009462,O004929,P00095,2,40.98,0.15
OI0009463,O004929,P00107,1,373.63,0.1
OI0009464,O004930,P00057,2,460.12,0.05
OI0009465,O004930,P00030,2,211.27,0.2
OI0009466,O004930,P00098,1,298.47,0.2
OI0009467,O004931,P00030,1,211.27,0.1
OI0009468,O004931,P00112,1,264.71,0.0
OI0009469,O004931,P00106,1,183.48,0.0
OI0009470,O004932,P00109,2,130.78,0.0
OI0009471,O004932,P00066,1,422.64,0.1
OI0009472,O004933,P00088,2,15.01,0.0
OI0009473,O004934,P00053,2,564.38,0.2
OI0009474,O004934,P00004,2,41.11,0.05
OI0009475,O004934,P00044,1,52.37,0.15
OI0009476,O004934,P00030,2,211.27,0.0
OI0009477,O004934,P00074,4,138.42,0.05
OI0009478,O004935,P00101,1,79.35,0.1
OI0009479,O004935,P00090,3,335.08,0.1
OI0009480,O004936,P00093,1,320.92,0.15
OI0009481,O004936,P00082,1,380.3,0.0
OI0009482,O004936,P00055,2,268.52,0.05
OI0009483,O004936,P00052,1,396.7,0.05
OI0009484,O004937,P00090,2,335.08,0.0
OI0009485,O004938,P00052,1,396.7,0.2
OI0009486,O004939,P00064,2,25.74,0.2
OI0009487,O004939,P00031,3,462.82,0.2
OI0009488,O004939,P00116,2,571.16,0.0
OI0009489,O004939,P00052,2,396.7,0.2
OI0009490,O004939,P00067,2,529.3,0.2
OI0009491,O004940,P00002,2,75.51,0.0
OI0009492,O004941,P00098,2,298.47,0.05
OI0009493,O004941,P00001,1,186.44,0.1
OI0009494,O004942,P00019,1,80.96,0.0
OI0009495,O004943,P00085,4,274.09,0.0
OI0009496,O004943,P00108,4,475.6,0.0
OI0009497,O004944,P00029,1,359.81,0.15
OI0009498,O004945,P00045,1,303.55,0.0
OI0009499,O004946,P00087,3,117.6,0.05
OI0009500,O004946,P00021,1,265.21,0.15
OI0009501,O004946,P00012,1,518.79,0.2
OI0009502,O004947,P00085,1,274.09,0.0
OI0009503,O004948,P00002,2,75.51,0.1
OI0009504,O004948,P00100,2,205.9,0.05
OI0009505,O004948,P00043,1,243.73,0.0
OI0009506,O004949,P00088,1,15.01,0.0
OI0009507,O004950,P00052,2,396.7,0.1
OI0009508,O004951,P00020,2,21.08,0.1
OI0009509,O004951,P00094,1,222.34,0.15
OI0009510,O004951,P00010,2,9.72,0.2
OI0009511,O004952,P00120,1,568.77,0.0
OI0009512,O004953,P00010,1,9.72,0.1
OI0009513,O004954,P00018,2,97.12,0.05
OI0009514,O004954,P00042,1,444.01,0.05
OI0009515,O004954,P00073,1,380.75,0.2
OI0009516,O004955,P00077,1,263.58,0.0
OI0009517,O004956,P00072,2,362.99,0.1
OI0009518,O004957,P00069,2,452.65,0.2
OI0009519,O004958,P00088,1,15.01,0.0
OI0009520,O004958,P00035,1,385.83,0.05
OI0009521,O004959,P00080,1,65.63,0.1
OI0009522,O004959,P00078,1,203.68,0.0
OI0009523,O004960,P00101,1,79.35,0.0
OI0009524,O004960,P00070,3,403.55,0.0
OI0009525,O004960,P00112,1,264.71,0.0
OI0009526,O004960,P00003,2,419.56,0.2
OI0009527,O004961,P00043,1,243.73,0.0
OI0009528,O004961,P00103,1,132.87,0.1
OI0009529,O004962,P00089,2,185.57,0.15
OI0009530,O004963,P00030,1,211.27,0.1
OI0009531,O004963,P00085,1,274.09,0.05
OI0009532,O004963,P00108,1,475.6,0.15
OI0009533,O004964,P00077,1,263.58,0.15
OI0009534,O004964,P00092,1,315.53,0.0
OI0009535,O004965,P00065,1,96.5,0.15
OI0009536,O004965,P00038,1,373.16,0.0
OI0009537,O004966,P00039,2,78.36,0.1
OI0009538,O004967,P00044,3,52.37,0.2
OI0009539,O004968,P00095,1,40.98,0.1
OI0009540,O004969,P00066,1,422.64,0.0
OI0009541,O004969,P00071,1,455.29,0.15
OI0009542,O004969,P00081,1,74.04,0.0
OI0009543,O004970,P00037,2,379.94,0.0
OI0009544,O004971,P00058,2,268.06,0.15
OI0009545,O004972,P00070,2,403.55,0.05
OI0009546,O004972,P00065,2,96.5,0.2
OI0009547,O004973,P00097,1,193.82,0.0
OI0009548,O004973,P00117,1,372.96,0.15
OI0009549,O004974,P00084,2,477.09,0.05
OI0009550,O004975,P00012,1,518.79,0.0
OI0009551,O004975,P00046,3,488.5,0.0
OI0009552,O004975,P00119,1,324.39,0.1
OI0009553,O004976,P00052,1,396.7,0.05
OI0009554,O004976,P00058,1,268.06,0.05
OI0009555,O004977,P00026,1,236.15,0.2
OI0009556,O004977,P00070,1,403.55,0.15
OI0009557,O004978,P00024,2,194.34,0.0
OI0009558,O004978,P00004,1,41.11,0.05
OI0009559,O004978,P00120,1,568.77,0.2
OI0009560,O004978,P00079,1,142.89,0.0
OI0009561,O004978,P00058,4,268.06,0.1
OI0009562,O004979,P00009,2,411.99,0.05
OI0009563,O004979,P00093,1,320.92,0.05
OI0009564,O004979,P00081,1,74.04,0.1
OI0009565,O004979,P00085,1,274.09,0.1
OI0009566,O004980,P00064,1,25.74,0.1
OI0009567,O004980,P00050,2,212.38,0.0
OI0009568,O004981,P00110,1,82.92,0.1
OI0009569,O004981,P00080,2,65.63,0.05
OI0009570,O004982,P00065,2,96.5,0.05
OI0009571,O004983,P00092,1,315.53,0.2
OI0009572,O004984,P00020,4,21.08,0.2
OI0009573,O004985,P00107,1,373.63,0.0
OI0009574,O004985,P00017,1,369.49,0.1
OI0009575,O004986,P00074,1,138.42,0.05
OI0009576,O004986,P00026,4,236.15,0.15
OI0009577,O004987,P00005,2,297.83,0.0
OI0009578,O004987,P00102,4,377.84,0.15
OI0009579,O004987,P00083,1,125.94,0.1
OI0009580,O004987,P00069,1,452.65,0.0
OI0009581,O004988,P00052,1,396.7,0.15
OI0009582,O004989,P00024,1,194.34,0.0
OI0009583,O004989,P00088,3,15.01,0.0
OI0009584,O004989,P00081,2,74.04,0.15
OI0009585,O004989,P00102,1,377.84,0.0
OI0009586,O004989,P00031,1,462.82,0.0
OI0009587,O004990,P00085,1,274.09,0.2
OI0009588,O004991,P00047,1,293.14,0.05
OI0009589,O004991,P00097,1,193.82,0.05
OI0009590,O004992,P00094,1,222.34,0.15
OI0009591,O004992,P00080,1,65.63,0.05
OI0009592,O004992,P00043,2,243.73,0.1
OI0009593,O004993,P00005,1,297.83,0.0
OI0009594,O004994,P00087,3,117.6,0.0
OI0009595,O004994,P00016,3,21.7,0.1
OI0009596,O004994,P00022,1,315.29,0.0
OI0009597,O004995,P00100,1,205.9,0.0
OI0009598,O004995,P00096,4,302.38,0.2
OI0009599,O004996,P00048,1,606.69,0.0
OI0009600,O004997,P00033,4,97.17,0.1
OI0009601,O004997,P00024,2,194.34,0.05
OI0009602,O004997,P00120,1,568.77,0.05
OI0009603,O004998,P00076,2,271.68,0.0
OI0009604,O004998,P00051,1,220.14,0.0
OI0009605,O004999,P00046,1,488.5,0.2
OI0009606,O005000,P00105,1,567.15,0.0
OI0009607,O005000,P00079,2,142.89,0.15
OI0009608,O005000,P00038,1,373.16,0.0
